数据来源,关键词,岗位名称,薪资,城市,经验要求,学历要求,公司名称
猎聘,计算机,A-Level学科老师 (数学、物理、经济、计算机科学...),10,广州,经验不限,学历不限,广州引力科技有限公司
猎聘,计算机,计算机信息类专业教师,10,西安,经验不限,硕士,西安科技大学高新学院
猎聘,计算机,双语计算机科学教师（新手教师）,10,苏州,经验不限,本科,雅力教育
猎聘,计算机,双语计算机老师,18,宁波,1-3年,统招本科,某宁波培训服务公司
猎聘,计算机,计算机辅助药物设计初级研究员,12,武汉,1-3年,硕士,远大医药科技(武汉)有限公司
猎聘,计算机,FPGA工程师（计算机方向）,15,上海,1年以下,本科,柏飞电子
猎聘,计算机,AI前端开发工程师,22,上海,3-5年,本科,上海航天技术基础研究所
猎聘,计算机,考试考的ksk,10,佛山,经验不限,本科,佛山市海楚柏餐饮管理有限公司
猎聘,计算机,高级 Agent 开发工程师(J10500),22,深圳,1-3年,本科,华曦达科技
猎聘,计算机,计算机研究员,28,深圳,3-5年,学历不限,某深圳基金/证券/期货公司
猎聘,计算机,世界500强三亚计算机人工智能算法大模型博士教育教师,26,三亚,经验不限,学历不限,某北京大型人力资源服务公司
猎聘,计算机,高中计算机教师,9,大连,1-3年,硕士,英领国际学校
猎聘,计算机,高中计算机教师,21,上海,经验不限,本科,上海金瑞学校
猎聘,计算机,计算机系统验证工程师,14,上海,1-3年,本科,恒瑞医药
猎聘,计算机,国际学校计算机老师,12,武汉,3年以上,本科,爱莎国际教育集团
猎聘,计算机,开发工程师 L14140,11,连云港,1-3年,本科,欧美斯集团
猎聘,计算机,计算机硬件维护工程师,16,徐州,经验不限,学历不限,海南伽欣睿贸易有限公司
猎聘,计算机,新东方国际课程/物理/化学/计算机/经济教师,15,武汉,经验不限,本科,新东方教育科技集团有限公司
猎聘,计算机,25-26届硕博应届生（人工智能，计算机）,20,北京,经验不限,硕士,某北京机械/设备上市公司
猎聘,计算机,AI产品经理—计算机上市公司,14,深圳,经验不限,统招本科,某北京计算机硬件上市公司
猎聘,计算机,数学讲师（计算机类）,11,郑州,经验不限,硕士,某郑州IT服务上市公司
猎聘,计算机,信息技术教师（计算机、编程、人工智能）,10,上海,1-3年,本科,北京凯文德信教育科技股份有限公司上海分公司
猎聘,计算机,计算机系统工程师【需有GMP同岗位经验】,12,北京,3年以上,大专,北京华放天实生物制药有限责任公司
猎聘,计算机,计算机设计研究实习生,6,重庆,经验不限,本科,湖南大学重庆研究院
猎聘,计算机,计算机系统验证工程师,9,武汉,1-3年,统招本科,武汉点风信息科技有限公司
猎聘,计算机,前端开发工程师,14,上海,5年以上,本科,锦泓时装集团股份有限公司
猎聘,计算机,计算机视觉工程师,25,上海,经验不限,硕士,玫德集团有限公司
猎聘,计算机,AI研究员（通信/电子/计算机方向）,30,北京,经验不限,学历不限,某北京大型信托公司
猎聘,计算机,计算机视觉算法工程师,18,武汉,1-10年,硕士,武汉港迪技术股份有限公司
猎聘,计算机,计算机视觉工程师,12,西安,经验不限,学历不限,烟台睿创微纳技术股份有限公司
猎聘,计算机,计算机老师,18,宁波,1-3年,统招本科,某宁波培训服务公司
猎聘,计算机,双语A level计算机老师-上海知名国际学校,20,上海,经验不限,统招本科,某上海学校教育公司
猎聘,计算机,双语计算机教师,22,深圳,1-3年,本科,爱乐惟教育科技(深圳)有限公司
猎聘,计算机,兼职A-Level / AP / IB 化学、生物、计算机、心理学科教师,2,上海,1年以上,统招本科,知氏科技
猎聘,计算机,国际高中计算机教师,12,大连,经验不限,本科,英领国际学校
猎聘,计算机,研发测试工程师（计算机方向）,12,上海,3-5年,大专,柏飞电子
猎聘,计算机,双语计算机/信息技术老师（国际学校）,12,重庆,2-4年,统招本科,某北京大型培训服务公司
猎聘,计算机,前端开发工程师,12,杭州,1-3年,本科,创邻科技
猎聘,计算机,计算机教师,10,石家庄,经验不限,硕士,河北外国语学院
猎聘,计算机,计算机硬件维护工程师,16,南京,经验不限,学历不限,海南佳秋好居房产咨询有限公司
猎聘,计算机,计算机系统验证工程师(CSV工程师),10,杭州,1-3年,统招本科,武汉点风信息科技有限公司
猎聘,计算机,大同沃飞科技,25,大同,3-5年,本科,墨擦(上海)实业有限公司
猎聘,计算机,研究院-计算机行业分析师,12,上海,1-3年,硕士,太平洋证券
猎聘,计算机,计算机与信息网络总体工程师,12,北京,1-3年,本科,苍宇天基(北京)信息通信技术有限公司
猎聘,计算机,计算机视觉算法工程师,18,北京,3-5年,本科,南京开缘智能科技有限公司
猎聘,计算机,计算机软件测试工程师,24,上海,3-5年,统招本科,三一集团
猎聘,计算机,计算机视觉工程师,21,苏州,1-3年,本科,江苏烽禾升智能科技有限公司
猎聘,计算机,FPGA工程师（计算机方向）,23,上海,1年以下,本科,柏飞电子
猎聘,计算机,计算机老师,32,北京,5-10年,学历不限,某北京大型培训服务公司
猎聘,计算机,(计算机，传媒)行业研究员,30,上海,经验不限,学历不限,某上海基金/证券/期货公司
猎聘,计算机,计算机视觉算法,45,深圳,经验不限,本科,DJI 大疆
猎聘,计算机,测试专家（计算机、硬盘、存储）,40,长沙,经验不限,学历不限,某长沙电子/半导体/集成电路上市公司
猎聘,计算机,计算机视觉开发工程师 (MJ007777),18,合肥,5年以上,本科,上海移远通信技术股份有限公司
猎聘,计算机,计算机辅助抗体药物设计工程师,18,苏州,2年以上,硕士,苏州予路乾行生物科技有限公司
猎聘,计算机,计算机结构工程师,14,合肥,3年以上,本科,合肥陆通智能科技有限公司
猎聘,计算机,交互式广告制作--实习,4,洛阳,经验不限,统招本科,洛阳星航游戏科技有限公司
猎聘,计算机,算法工程师 （计算机视觉方向）,22,沈阳,3-5年,硕士,沈阳新松机器人自动化股份有限公司
猎聘,计算机,AI研究员（通信/电子/计算机方向）,32,北京,3-5年,硕士,某央企旗下信托公司
猎聘,计算机,量子计算机测控系统软件开发工程师,45,合肥,3年以上,本科,某北京大型运营商/增值服务公司
猎聘,计算机,软件开发实习（AI）,6,深圳,经验不限,统招本科,某重庆人力资源服务公司
猎聘,计算机,计算机视觉工程师（多模态方向）,22,深圳,经验不限,硕士,杭州弓叶科技有限公司
猎聘,计算机,徐州一中国际部双语计算机/数学教师,10,徐州,1-3年,本科,天霖教育
猎聘,计算机,计算机视觉工程师,18,南京,3-5年,本科,常州鉴芯半导体设备有限公司
猎聘,计算机,前端开发工程师 · 高考英语AI学习产品,16,成都,3-5年,学历不限,重庆精卓企业管理咨询有限公司
猎聘,计算机,计算机硬件维护工程师,8,北京,经验不限,本科,北京同一伟业科技有限公司
猎聘,计算机,计算机硬件维护工程师,10,长沙,2年以上,本科,湖南华芯通网络科技有限公司
猎聘,计算机,计算机辅助小分子药物设计工程师/研究员,18,苏州,1-6年,硕士,苏州予路乾行生物科技有限公司
猎聘,计算机,CADD（计算机辅助药物设计）,18,苏州,1年以上,硕士,朗睿生物医药
猎聘,计算机,全栈开发工程师,12,马鞍山,5年以上,统招本科,合肥某国有企业
猎聘,计算机,C++软件开发工程师,20,苏州,2年以上,本科,融速科技
猎聘,计算机,双语计算机老师,20,上海,3-5年,本科,领科教育上海校区
猎聘,计算机,光剑美高-双语计算机教师,20,上海,1-3年,本科,光华教育
猎聘,计算机,CADD（计算机辅助药物设计）,22,广州,1-3年,硕士,广州英赛特生物技术有限公司
猎聘,计算机,大学教师- base三亚，世界500强旗下教育模块，看【计算机、经济学、教育学】相关专业，学历必须博士,25,三亚,经验不限,博士,某北京大型人力资源服务公司
猎聘,计算机,跨端APP开发工程师,14,深圳,1年以上,大专,深圳市科力晟通科技有限公司
猎聘,计算机,计算机系统管理员,7,徐州,3年以上,大专,江苏星诺医药科技有限公司
猎聘,计算机,SMT PQE工程师（计算机、电脑主板）,12,深圳,3年以上,大专,某深圳计算机硬件公司
猎聘,计算机,办公室助理/主管,6,无锡,经验不限,学历不限,嘉兴新模文化传媒有限公司
猎聘,计算机,IGCSE&A-LEVEL计算机老师,22,厦门,3年以上,硕士,厦门洲邻国际教育咨询有限公司
猎聘,计算机,计算机视觉工程师,25,青岛,经验不限,硕士,玫德集团有限公司
猎聘,计算机,计算机辅助设计工程师,7,西安,经验不限,大专,西安永瑞自动化有限公司
猎聘,计算机,AP/A-level计算机教师,16,广州,1-3年,本科,北京顶思致远教育咨询有限公司
猎聘,计算机,IB学科老师 (数学、物理、经济、计算机科学...),10,广州,经验不限,本科,广州引力科技有限公司
猎聘,计算机,AP计算机老师,17,北京,3-5年,硕士,某北京大型培训服务公司
猎聘,计算机,大学老师-人工智能方向【base三亚/博士学历/计算机相关专业/人工智能研究方向优先】,16,三亚,经验不限,博士,某北京大型人力资源服务公司
猎聘,计算机,web前端工程师,7,石家庄,2年以上,统招本科,河北凝讯科技有限公司
猎聘,计算机,计算机网络系统集成工程师,6,西安,2-4年,本科,陕西中跃龙安全科技有限责任公司
猎聘,计算机,双语计算机老师（全国有岗）,22,上海,经验不限,学历不限,某武汉学校教育公司
猎聘,计算机,AP学科老师 (微积分、物理、经济、计算机科学...),10,广州,经验不限,本科,广州引力科技有限公司
猎聘,计算机,算法研究员（计算机视觉，不用加班）,28,无锡,3-5年,硕士,知名的智能语音和人工智能上市企业
猎聘,计算机,计算机辅助药物设计,30,上海,3年以上,硕士,上海康昱盛信息科技有限公司
猎聘,计算机,计算机视觉算法工程师,20,上海,1-3年,统招本科,昆山积元科技有限公司
猎聘,计算机,计算机硬件维护工程师,8,榆林,1-3年,本科,佰特沃德(大连)石油化工有限公司
猎聘,计算机,千问事业部-iOS高级开发工程师（UC浏览器）-北京/广州,15,北京,经验不限,本科,阿里巴巴集团
猎聘,计算机,Alevel 计算机老师-14薪,20,上海,1-3年,本科,某学校教育公司
猎聘,计算机,计算机技术人员,7,长沙,1-3年,本科,某国内计算机软件公司
猎聘,计算机,(计算机，传媒)行业研究员,25,上海,2年以上,硕士,某基金/证券/期货上市公司
猎聘,计算机,上海国际学校高中计算机教师招聘,16,上海,1-3年,本科,某上海人力资源服务公司
猎聘,计算机,普高和竞赛ICT计算机老师,18,北京,2年以上,学历不限,某北京大型其他教育培训公司
猎聘,计算机,计算机视觉算法工程师,22,长沙,2年以上,本科,三一集团
猎聘,计算机,量子计算机测控系统软件开发工程师,32,合肥,3-5年,本科,某知名公司
猎聘,计算机,结构TQC（知名计算机软件公司，需研发背景）,40,深圳,3-5年,本科,某大型知名计算机软件公司
猎聘,计算机,Java后端开发工程师（计算机）,28,深圳,3-5年,本科,某深圳电子商务公司
猎聘,计算机,双语计算机老师,20,北京,1-3年,统招本科,某北京大型培训服务公司
猎聘,计算机,系统工程师（计算机/存储）,70,长沙,5-10年,硕士,某知名电子/半导体/集成电路上市公司
猎聘,计算机,计算机视觉算法工程师,25,成都,3-5年,本科,某成都IT服务公司
猎聘,计算机,计算机视觉工程师,25,北京,经验不限,硕士,玫德集团有限公司
猎聘,计算机,AI计算机视觉工程师,16,青岛,2年以上,统招本科,北京国信会视科技有限公司
猎聘,计算机,计算机视觉生成式技术研究员,40,北京,经验不限,学历不限,某北京互联网公司
猎聘,计算机,爱卫夫健康管理(广州)有限公司,7,广州,经验不限,本科,爱卫夫健康管理(广州)有限公司
猎聘,计算机,飞控/飞管计算机设计,12,上海,经验不限,统招本科,某西安大型计算机硬件公司
猎聘,计算机,计算机视觉工程师,25,济南,经验不限,硕士,玫德集团有限公司
猎聘,计算机,在职博士后【金融/计算机（青年教师可投递）】,6,杭州,1-3年,博士,某杭州大型计算机软件公司
猎聘,计算机,计算机视觉高级工程师,70,深圳,3-5年,硕士,某深圳大型货运/物流/仓储公司
猎聘,计算机,计算机技术员,10,衡水,1-3年,大专,北京虹基企业管理有限责任公司
猎聘,计算机,408计算机老师,16,上海,经验不限,硕士,上海新航道好轻松教育科技有限公司
猎聘,计算机,计算机安全保密管理员,8,北京,1-3年,大专,新时代工程咨询有限公司
猎聘,计算机,生产安全员（河源，本科，2-10年制造业经验，7k~9k*11薪，财务管理、计算机应用、统计学、数据科学等相关专业）,8,河源,2-10年,本科,某郑州大型食品/饮料/酒水公司
猎聘,计算机,双语计算机科学老师(J10235),15,苏州,1-3年,本科,雅力教育
猎聘,计算机,软件开发,13,保定,3-5年,本科,长城汽车
猎聘,计算机,计算机辅助药物设计负责人,75,北京,经验不限,学历不限,某北京制药上市公司
猎聘,计算机,计算机网络工程师,7,唐山,1-3年,本科,唐山国控科创集团有限公司
猎聘,计算机,计算机组装安装技术员,6,上海,1-3年,大专,宸联科技(上海)有限公司
猎聘,计算机,计算机及人工智能教师,16,上海,2年以上,本科,上海嘉定区民办华盛怀少学校
猎聘,计算机,计算机系统工程师（硬件）,22,上海,3年以上,统招本科,上海信达威科技有限公司
猎聘,计算机,计算机技术员,9,北京,经验不限,本科,华润健康
猎聘,计算机,计算机视觉算法工程师,30,杭州,2年以上,硕士,昂坤半导体
猎聘,计算机,计算机与AI课程教师,17,上海,3年以上,本科,上海金瑞学校
猎聘,计算机,高中双语计算机CS教师,18,宁波,2年以上,本科,某宁波培训服务公司
猎聘,计算机,IG/A-Level/AP计算机科学双语教师,18,北京,2年以上,本科,北京大成临川学校
猎聘,计算机,计算机设备管理员,6,北京,1-3年,大专,北京航空兴业文化发展有限公司
猎聘,计算机,计算机老师,12,重庆,2-4年,统招本科,某北京大型培训服务公司
猎聘,计算机,双语计算机岗位-苏州市区,20,苏州,1-3年,本科,某苏州学校教育公司
猎聘,计算机,电子/计算机行业研究员,25,北京,2-5年,硕士,金鹰基金
猎聘,计算机,软件开发岗-F1275H,22,三亚,经验不限,本科,京东商城
猎聘,计算机,券商研究所-行业研究岗-北上深 行业：计算机/科技/有色/金属矿业/机械/新材料/新能源/电新/医药/化工,22,上海,经验不限,硕士,某大型基金/证券/期货公司
猎聘,计算机,数据治理和系统支持岗-上海央企30万本，金融 + 数据 / 计算机复合背景优先；3年以上保险资管、基金、银行理财等同业资管中台,26,上海,3-5年,学历不限,某北京保险上市公司
猎聘,计算机,计算机（科学）老师,16,上海,1-3年,本科,某上海人力资源服务公司
猎聘,计算机,涉密计算机安全管理员,10,北京,经验不限,本科,星际防务
猎聘,计算机,高中A level计算机教师,18,宁波,2年以上,本科,某宁波培训服务公司
猎聘,计算机,计算机安全保密管理员,8,西安,3-5年,本科,西安润道智检科技有限公司
猎聘,计算机,计算机辅助设计中高级研究员,12,深圳,2年以下,硕士,维琪科技
猎聘,计算机,计算机老师,10,武汉,经验不限,本科,武汉惟楚信息技术有限公司
猎聘,计算机,机械结构工程师（具有工业计算机、特种计算机经验优先）,12,北京,3年以上,大专,北京鲁成伟业科技发展有限公司
猎聘,计算机,计算机管理,8,衢州,经验不限,本科,浙江锦华新材料股份有限公司
猎聘,计算机,计算机技术员,4,曲靖,1-3年,大专,云南建功星
猎聘,计算机,计算机老师,65,深圳,经验不限,硕士,某北京大型专业技术服务公司
猎聘,计算机,硬件工程师(计算机）,16,长沙,3-5年,统招本科,湖南航天捷诚电子装备有限责任公司
猎聘,计算机,项目专员兼计算机维护,8,广州,经验不限,本科,中国医药集团联合工程有限公司广州分公司
猎聘,计算机,超导量子计算机测控工程师,42,合肥,5-10年,本科,某合肥大型通信设备公司
猎聘,计算机,AP物理/数学/化学/计算机教师,12,成都,3年以上,硕士,狄邦教育集团
猎聘,计算机,视觉工程师（计算机视觉算法方向）,12,南京,经验不限,硕士,某知名公司
猎聘,计算机,语/数/英/计算机/体育/旅游/美术/思政/药学  任课教师（需兼班主任）,6,长沙,1-3年,本科,长沙华中涉外职业高中有限责任公司
猎聘,计算机,超导量子计算机测控工程师,45,北京,5-10年,统招本科,某合肥大型通信设备公司
猎聘,计算机,项目经理（汽车、机器人、自动化、机械、电气、计算机等）,25,长沙,3年以上,统招本科,某长沙大型工业自动化公司
猎聘,计算机,宏观/策略/计算机/煤炭/家电/机械/通信/汽车行业分析师（职级职位不限）,25,北京,4年以上,本科,山西证券股份有限公司
猎聘,计算机,c#开发工程师,16,苏州,3-5年,大专,昆山嘉华电子有限公司
猎聘,计算机,计算机视觉工程师(J10492),24,宁波,3-5年,统招本科,震裕科技
猎聘,计算机,计算机视觉,11,重庆,1-3年,硕士,某重庆大型学校教育公司
猎聘,计算机,计算机教师,11,佛山,经验不限,本科,三江职业技术学校
猎聘,计算机,软件开发岗（前端）-G2137M,22,三亚,经验不限,统招本科,京东商城
猎聘,计算机,计算机运维工程师,7,深圳,3-5年,大专,深圳市三奇科技有限公司
猎聘,计算机,计算机老师,60,上海,经验不限,硕士,某北京大型专业技术服务公司
猎聘,计算机,计算机系统验证（CSV）主管,10,徐州,5年以上,本科,江苏星诺医药科技有限公司
猎聘,计算机,计算机视觉算法工程师,22,深圳,经验不限,统招本科,华为
猎聘,计算机,计算机与人工智能研究岗,18,深圳,2年以上,硕士,中山证券有限责任公司
猎聘,计算机,计算机研究员,35,上海,经验不限,硕士,某上海基金/证券/期货公司
猎聘,计算机,研究员（计算机/科技/有色/金属矿业/机械/新材料/新能源/电新/医药/化工）,30,上海,1-3年,硕士,某基金/证券/期货上市公司
猎聘,计算机,客户端Cocos Creator/高级--主程,38,上海,3-10年,统招本科,某上海大型游戏公司
猎聘,计算机,计算机技术员,4,凉山,经验不限,大专,四川省世纪恒源档案整理服务有限公司
猎聘,计算机,量子计算机测控系统软件开发工程师,32,北京,3年以上,统招本科,某大型通信设备公司
猎聘,计算机,高中计算机Ap教师,16,上海,2年以上,硕士,某上海学校教育公司
猎聘,计算机,软件开发工程师（前端方向）,16,重庆,5年以上,硕士,重庆市渝发水利科学研究院有限公司
猎聘,计算机,高中计算机老师,18,上海,3-5年,硕士,某上海学校教育公司
猎聘,计算机,计算机管理人员,8,北京,1-3年,本科,新时代工程咨询有限公司
猎聘,计算机,A-level/AP双语老师（数学/物理/化学/计算机/经济/生物）-光华剑桥,16,上海,经验不限,统招本科,光华教育
猎聘,计算机,计算机技术员,6,北京,经验不限,大专,北京郡雅科贸有限公司
猎聘,计算机,AP计算机老师,22,廊坊,1-3年,硕士,北京正源拓维教育咨询有限公司
猎聘,计算机,开发工程师,10,无锡,3年以上,本科,VEM电机
猎聘,计算机,计算机视觉算法研究员-多模态理解,45,无锡,3-5年,学历不限,某知名上市公司
猎聘,计算机,计算机讲师,12,南宁,经验不限,本科,广西中公教育
猎聘,计算机,前端开发,15,杭州,3年以上,大专,恩士迅
猎聘,计算机,计算机视觉算法专家,65,深圳,5-10年,本科,某深圳知名公司
猎聘,计算机,项目经理型美工( 应用工程师),9,上海,经验不限,大专,上海担路网络科技有限公司
猎聘,计算机,大学计算机基础教师,6,成都,经验不限,硕士,四川电影电视学院
猎聘,计算机,前端开发工程师,12,广州,3-5年,本科,广东美捷威通生物科技有限公司
猎聘,计算机,计算机编程,10,上海,经验不限,学历不限,上海意硕工程设备有限公司
猎聘,计算机,计算机工程师,11,孝感,1-3年,本科,湖北三江航天万山特种车辆有限公司
猎聘,计算机,高中计算机教师（双语学校）,20,常州,3-10年,本科,某知名公司
猎聘,计算机,计算机视觉算法工程师,22,深圳,经验不限,学历不限,华为云计算技术有限公司
猎聘,计算机,Windows运维工程师（全球知名汽车零部件、日语流利、熟悉计算机网络和网络安全的调试，NAT网关，ACL等相关技术、有云部署经验优先）,18,上海,3-5年,统招本科,某知名公司
猎聘,计算机,计算机视觉工程师（图像算法方向）,28,厦门,经验不限,统招本科,某厦门计算机软件公司
猎聘,计算机,计算机或电子信息相关专业策划编辑,10,北京,1-3年,硕士,科学出版社职教技术出版中心
猎聘,计算机,计算机视觉工程师（SLAM方向）,38,上海,3-5年,硕士,千寻位置网络有限公司
猎聘,计算机,计算机老师（川内就近分配）,14,成都,1-3年,本科,七洲教育
猎聘,计算机,摄影测量、计算机视觉、点云算法工程师,35,成都,1-3年,统招本科,成都联科
猎聘,计算机,计算机科学与技术专业教师,12,广州,经验不限,本科,广州知藤教育科技有限公司
猎聘,计算机,计算机视觉工程师（图像算法方向）,25,厦门,经验不限,统招本科,某厦门计算机软件公司
猎聘,计算机,前端开发,14,北京,3-5年,统招本科,某北京大型计算机软件公司
猎聘,计算机,高中AP计算机科学教师,20,杭州,6年以上,本科,某杭州大型学校教育公司
猎聘,计算机,双语计算机老师（全国有岗）,22,上海,经验不限,学历不限,某武汉学校教育公司
猎聘,计算机,图像处理/计算机视觉/机器学习/人工智能算法研发实习生,15,烟台,经验不限,硕士,烟台睿创微纳技术股份有限公司
猎聘,计算机,计算机老师-国际课程,18,成都,1-3年,本科,狄邦教育集团
猎聘,计算机,计算机系统工程师,12,西安,经验不限,统招本科,某西安大型计算机硬件公司
猎聘,计算机,计算机技术员,4,青岛,1-3年,本科,山东鲁冠教育科技有限公司
猎聘,计算机,计算机辅助大分子/多肽药物设计工程师/研究员,18,苏州,2年以上,硕士,苏州予路乾行生物科技有限公司
猎聘,计算机,计算机网络老师,6,广州,3年以上,本科,广州市电子商务技工学校
猎聘,计算机,量子计算机测控系统软件开发工程师,40,合肥,5-10年,本科,某合肥大型通信设备公司
猎聘,计算机,高级计算机视觉算法工程师,38,武汉,5年以上,学历不限,某武汉工业自动化上市公司
猎聘,计算机,AP计算机教师,18,北京,3-5年,本科,北京顶思致远教育咨询有限公司
猎聘,计算机,普高ICT合格考/计算机教师,18,北京,3-5年,本科,某北京大型其他教育培训公司
猎聘,计算机,小学计算机老师,7,江门,1-3年,大专,凯洛斯教育科技(广州)有限公司
猎聘,计算机,二级系统工程师（冶金自动化/计算机）,16,北京,1-3年,统招本科,某北京电气机械/器材公司
猎聘,计算机,开发工程师（低代码方向）,12,成都,2年以上,本科,创意信息
猎聘,计算机,计算机科学与数字设计见习教师,20,杭州,1-3年,硕士,某杭州学校教育公司
猎聘,计算机,计算机硬件工程师,14,北京,1-3年,学历不限,某大型医疗器械公司
猎聘,计算机,中职计算机基础老师,8,石家庄,1-3年,大专,河北知行本一教育科技有限公司
猎聘,计算机,计算机视觉算法工程师,38,深圳,3年以上,本科,某深圳科技推广服务公司
猎聘,计算机,计算机服务工程师,4,清远,经验不限,中专/中技,广东蓝石科技有限公司
猎聘,计算机,计算机技术员,4,重庆,经验不限,学历不限,重庆市万州区焓扬电脑有限公司
猎聘,计算机,研究所研究部计算机行业分析师/研究员/研究助理(000667),20,上海,2年以上,硕士,国盛证券
猎聘,计算机,计算机类论文辅导,25,深圳,经验不限,硕士,深圳市摸鱼贸易有限公司
猎聘,计算机,计算机硬件工程师,12,镇江,1年以下,大专,江苏华弘数科技术有限公司
猎聘,计算机,计算机技术员,5,驻马店,经验不限,大专,河南宇康新材料科技有限公司
猎聘,计算机,诚聘计算机配件外贸业务员,6,深圳,1-3年,统招本科,某深圳批发/零售公司
猎聘,计算机,量子计算机测控系统软件开发工程师,50,北京,经验不限,本科,某合肥大型通信设备公司
猎聘,计算机,院校渠道主管（大学计算机学院方向）,12,西安,3-5年,统招本科,某西安培训服务公司
猎聘,计算机,投资经理-AI/泛半导体/计算机,20,上海,1-6年,本科,上海常春藤投资控股有限公司
猎聘,计算机,计算机教师,6,广州,经验不限,本科,广州文冲船厂技工学校
猎聘,计算机,电子/计算机行业研究员,25,广州,3-5年,硕士,金鹰基金
猎聘,计算机,高级计算机视觉算法工程师,24,北京,5-10年,本科,南京开缘智能科技有限公司
猎聘,计算机,双语高中教师（数学、物理、化学、计算机都需要）,22,青岛,1-3年,硕士,某青岛学校教育公司
猎聘,计算机,计算机软件工程师（深度学习、机器人）,20,上海,3-5年,统招本科,某上海大型机械/设备公司
猎聘,计算机,计算机视觉算法,50,深圳,经验不限,硕士,某深圳大型科技金融公司
猎聘,计算机,双语高中教师（数学、物理、化学、计算机都需要）,22,青岛,1-3年,硕士,某青岛学校教育公司
猎聘,计算机,计算机行业,45,上海,3年以上,本科,上海于启茶信息科技有限公司
猎聘,计算机,职业教育计算机 AI 培训取证方向校长,50,北京,5年以上,统招本科,某北京培训服务公司
猎聘,计算机,中职计算机组装与维护教师,6,临沂,1-3年,统招本科,临沂财贸学校有限公司
猎聘,计算机,计算机，编程，AI应用相关课程讲师,5,南通,经验不限,本科,南通市人工智能科技馆
猎聘,计算机,计算机辅助药物设计助理,7,苏州,经验不限,本科,宁波礼达先导生物技术有限公司
猎聘,计算机,计算机视觉算法工程师,35,潍坊,3年以上,本科,德拉特信息技术(上海)有限公司
猎聘,计算机,1191MG-前端开发工程师,18,深圳,1-3年,统招本科,平安科技
猎聘,计算机,档案管理员,8,苏州,经验不限,大专,海南省志熙宇广告有限公司
猎聘,计算机,前端开发工程师,13,咸阳,经验不限,本科,中科软
猎聘,计算机,TMT电子、通信、计算机行业研究员（券商研究所）,18,上海,3-5年,本科,上海商投创业投资有限公司
猎聘,计算机,宏观/策略/计算机/煤炭/家电/机械/通信/汽车行业分析师（职级职位不限）,25,深圳,4年以上,本科,山西证券股份有限公司
猎聘,计算机,中小学计算机教师（北京校区）,15,北京,经验不限,硕士,北京市二十一世纪学校
猎聘,计算机,计算机硬件维护,4,郑州,1年以下,本科,郑州丹尼斯百货有限公司
猎聘,计算机,个性化服务部高中数学/物理/经济/化学/计算机培训老师,20,武汉,1-3年,统招本科,武汉英中高级中学
猎聘,计算机,计算机研究岗,28,北京,3-5年,硕士,国内某知名证券公司
猎聘,计算机,行业研究员（计算机行业）,23,上海,3-5年,硕士,国联安基金
猎聘,计算机,算法应用工程师（计算机视觉）,45,深圳,3-5年,学历不限,某深圳人工智能公司
猎聘,计算机,世界五百强—博士教师（人工智能/计算机/大模型/汽车/商学/教育学等方向都要人）,30,三亚,1-3年,学历不限,某大型生产制造公司
猎聘,计算机,计算机视觉工程师,15,长沙,1-3年,统招本科,智芯云途
猎聘,计算机,计算机专业老师,7,威海,经验不限,本科,山东伯润金服信息科技有限公司
猎聘,计算机,计算机讲师,8,咸阳,1-3年,本科,陕西厚溥教育科技有限公司
猎聘,计算机,计算机互联网研究员（A股+H股）,22,北京,3-5年,硕士,国金基金管理有限公司
猎聘,计算机,计算机辅助药物设计（已上市成熟产品biotech企业）,68,上海,2年以上,博士,某上海制药公司
猎聘,计算机,长安学习中心-前端开发工程师（安驿公司）(J26847),10,重庆,3年以上,统招本科,长安汽车
猎聘,计算机,B/S开发工程师,14,北京,经验不限,大专,北京数服科技有限公司
猎聘,计算机,计算机教师,9,青岛,1-3年,硕士,青岛城市学院
猎聘,计算机,计算机视觉算法工程师,40,深圳,5-10年,统招本科,某深圳科技推广服务公司
猎聘,计算机,计算机软件工程师,6,哈尔滨,1-3年,大专,哈尔滨圣昌科技开发有限公司
猎聘,计算机,计算机技术员,4,苏州,经验不限,中专/中技,苏州秦视智能科技有限公司
猎聘,计算机,计算机视觉工程师（立体视觉方向）,38,上海,3-5年,硕士,千寻位置网络有限公司
猎聘,计算机,AP计算机老师（兼职）,18,北京,经验不限,本科,北京成长拼图科技发展有限公司
猎聘,计算机,计算机视觉算法专家,10,郑州,经验不限,大专,武汉市群淼巨科技有限公司
猎聘,计算机,计算机视觉算法工程师（高级）,45,深圳,3-5年,统招本科,某东莞人力资源服务公司
猎聘,计算机,财务经理/主管,7,温州,1-3年,大专,温州市讯和电脑科技有限公司
猎聘,计算机,计算机视觉算法工程师,32,深圳,1-3年,本科,瑞为技术
猎聘,计算机,数字技术研究部：计算机视觉研究员,25,北京,经验不限,硕士,某知名公司
猎聘,计算机,计算机视觉工程师（大模型方向）,30,上海,2年以上,硕士,千寻位置网络有限公司
猎聘,计算机,计算机视觉工程师（图像算法方向）,25,厦门,1-3年,统招本科,某厦门计算机软件公司
猎聘,计算机,销售工程师(计算机方向),8,广州,2年以上,本科,广州市智慧农业服务股份有限公司
猎聘,计算机,双语计算机老师,15,天津,5年以上,本科,北京欧洛斯咨询有限公司
猎聘,计算机,计算机教师,10,北京,经验不限,本科,北京幺幺科技有限公司
猎聘,计算机,计算机视觉算法工程师,22,深圳,经验不限,统招本科,华为
猎聘,计算机,计算机专业课教师（转本）,15,徐州,3-5年,硕士,新东方教育科技集团有限公司
猎聘,计算机,营业员,6,北京,经验不限,学历不限,北京至美上品商贸有限公司
猎聘,计算机,计算机行业研究员,35,深圳,经验不限,硕士,某知名基金/证券/期货上市公司
猎聘,计算机,计算机讲师,8,大连,3-5年,本科,艾雅人工智能科技(大连)有限公司
猎聘,计算机,计算机专任教师,7,广州,经验不限,本科,广州现代信息工程职业技术学院
猎聘,计算机,计算机与物联网专业硕士,20,重庆,3-5年,硕士,国内某知名企业
猎聘,计算机,计算机专业讲师,8,天津,经验不限,本科,权善教育
猎聘,计算机,计算机维护工程师,5,合肥,1-3年,统招本科,南京顺盛通信科技有限责任公司
猎聘,计算机,计算机视觉算法软件工程师,28,苏州,5-10年,统招本科,某北京大型电子/半导体/集成电路公司
猎聘,计算机,职业教育计算机 AI 培训取证方向校长,48,北京,5-10年,本科,某北京培训服务公司
猎聘,计算机,计算机网络系统管理员,8,嘉兴,3年以上,大专,朝晖过滤
猎聘,计算机,计算机视觉算法工程师,26,上海,2年以上,统招本科,追知工科
猎聘,计算机,计算机视觉算法工程师-CV,55,上海,5-10年,本科,某互联网大厂
猎聘,计算机,计算机视觉算法⼯程师（药理影像与数字孪⽣）,16,北京,经验不限,硕士,康龙化成
猎聘,计算机,计算机视觉算法工程师,65,上海,3-5年,硕士,某上海电子/半导体/集成电路公司
猎聘,计算机,计算机视觉算法,39,北京,3-5年,本科,创鑫激光
猎聘,计算机,计算机数据专家,26,金华,经验不限,统招本科,某国内制药上市公司
猎聘,计算机,计算机视觉算法工程师（三维重建方向）,50,上海,经验不限,学历不限,禾赛科技
猎聘,计算机,CIM工程师（计算机整合制造工程师）,15,南京,2年以下,硕士,台积电(南京)有限公司
猎聘,计算机,产品经理（商用计算机）(J10021),25,深圳,3-5年,本科,杰和科技
猎聘,计算机,嵌入式（安全计算机平台方向）,55,深圳,5-7年,本科,某深圳智能硬件/消费电子公司
猎聘,计算机,兼职计算机视觉线上论文辅导,30,深圳,经验不限,硕士,上海马拉火车信息技术有限公司
猎聘,计算机,研究所计算机行业分析师/研究员/研究助理(000667)(GSZQ000667),20,深圳,2年以上,硕士,国盛证券
猎聘,计算机,计算机视觉算法工程师,45,北京,1-3年,硕士,晰见科技
猎聘,计算机,软件前端开发工程师,30,无锡,5年以上,本科,斯帝尔科技
猎聘,计算机,星载计算机架构师,40,北京,5-10年,本科,曙光信息产业(北京)
猎聘,计算机,大模型应用工程师（大模型、计算机、AI、信息通讯工程）,30,杭州,经验不限,博士,某人力资源服务公司
猎聘,计算机,AP计算机老师,10,苏州,1-3年,本科,苏州学之领教育咨询有限公司
猎聘,计算机,双语计算机教师（英语）,12,大连,3年以上,本科,英领国际学校
猎聘,计算机,计算机辅助药物设计CADD-大分子,35,北京,3年以上,硕士,神州细胞工程有限公司
猎聘,计算机,AI智能体开发工程师(J11766),24,杭州,3年以上,本科,烟台睿创微纳技术股份有限公司
猎聘,计算机,系统开发工程师（前端方向）,18,郑州,3年以上,统招本科,蜜雪冰城股份有限公司
猎聘,计算机,算法工程师（计算机视觉、Infra算法、数据算法、视频生成/世界模型、3D渲染）,40,上海,经验不限,统招本科,某上海智能硬件/消费电子上市公司
猎聘,计算机,计算机操作人员1名,4,曲靖,1-3年,大专,曲靖市青年职业培训学校有限公司
猎聘,计算机,【量化基金】IT招聘,15,广州,1-3年,统招本科,辰元资管
猎聘,计算机,计算机图形学工程师,80,上海,经验不限,本科,某上海科技推广服务公司
猎聘,计算机,Opencv 计算机视觉,10,成都,经验不限,本科,英纳智能科技(成都)有限公司
猎聘,计算机,计算机维护工程师,8,深圳,1-3年,中专/中技,深圳市明信润丰科技有限公司
猎聘,计算机,计算机视觉算法工程师,21,北京,经验不限,硕士,德利九州物流自动化系统(北京)有限公司
猎聘,计算机,深象智能-计算机视觉算法工程师,35,杭州,1-4年,硕士,银泰商业集团有限公司
猎聘,计算机,计算机视觉算法,35,上海,3-5年,学历不限,某合肥互联网上市公司
猎聘,计算机,计算机渠道经理,8,郑州,1年以上,大专,河南科讯
猎聘,计算机,计算机教师-兼职,6,北京,1-3年,硕士,新东方教育科技集团有限公司
猎聘,计算机,计算机行业研究,24,上海,3-5年,硕士,某深圳基金证券上市公司
猎聘,计算机,计算机专业专任教师,18,青岛,经验不限,博士,某青岛大型学校教育公司
猎聘,计算机,计算机辅助药物设计,52,北京,5-10年,硕士,梦机科技
猎聘,计算机,宏观/策略/化工/计算机/有色//煤炭/家电/机械/通信/汽车行业分析师（北上深）,25,上海,4年以上,本科,山西证券股份有限公司
猎聘,计算机,计算机网络管理员,6,广州,经验不限,学历不限,广州瑞川
猎聘,计算机,计算机管理员,4,龙岩,1-3年,本科,太阳电缆(龙岩)有限公司
猎聘,计算机,计算机行业研究员,25,北京,3-5年,硕士,某成都基金/证券/期货公司
猎聘,计算机,高级硬件开发工程师（计算机方向）,20,上海,3-5年,本科,柏飞电子
猎聘,计算机,计算机视觉算法工程师,38,北京,3-5年,硕士,某北京人工智能公司
猎聘,计算机,专升本计算机老师,6,天水,经验不限,本科,陕西桃阳优课教育科技有限责任公司
猎聘,计算机,计算机视觉算法工程师（高级）,45,深圳,3-5年,统招本科,某东莞人力资源服务公司
猎聘,计算机,计算机视觉工程师（YS07）,12,合肥,经验不限,硕士,江淮前沿技术协同创新中心(江淮实验室)
猎聘,计算机,计算机考研专业课讲师,12,西安,1-3年,硕士,陕西文都教育科技有限公司
猎聘,计算机,前端开发工程师,18,上海,3-5年,本科,天源迪科
猎聘,计算机,计算机教师,4,大连,经验不限,大专,大连金州新区创博职业培训学校
猎聘,计算机,【日语云架构项目经理】某计算机软件公司[Z191331],20,北京,5-10年,学历不限,某北京计算机软件公司
猎聘,计算机,计算机与数字设计见习教师,16,杭州,1-3年,本科,杭州汉基外籍人员子女学校
猎聘,计算机,服务器BIOS工程师/主管-苏州/深圳（计算机硬件/研产销企业）,35,苏州,5-10年,统招本科,某知名计算机硬件公司
猎聘,计算机,计算机文员,2,西安,经验不限,大专,创灵科技
猎聘,计算机,服务器BIOS工程师-深圳/苏州（计算机行业）,35,深圳,5-10年,统招本科,某知名计算机硬件公司
猎聘,计算机,计算机技术员,6,资阳,1-3年,学历不限,四川天兴源生物科技有限公司
猎聘,计算机,计算机视觉算法,45,西安,3-5年,硕士,某知名公司
猎聘,计算机,双语计算机导师,18,上海,经验不限,本科,光华启迪
猎聘,计算机,计算机辅助药物设计（CADD）科学家(J19244),24,上海,1-3年,硕士,上海复宏汉霖生物技术股份有限公司
猎聘,计算机,计算机视觉工程师,22,成都,经验不限,硕士,先进科技
猎聘,计算机,硬件开发工程师（计算机方向）,20,上海,3-5年,本科,柏飞电子
猎聘,计算机,世界500强招聘博士（40w，智驾 计算机、教育学、金融学、人工智能相关连的专业博士学历就可以，应届也行）base三亚、必须博士学历,32,三亚,经验不限,博士,某北京大型人力资源服务公司
猎聘,计算机,前端开发工程师,40,上海,3-5年,硕士,某人工智能公司
猎聘,计算机,计算机视觉算法专家,10,北京,经验不限,本科,湖北六杰贸易有限公司
猎聘,计算机,计算机网络管理专员,12,北京,3年以上,本科,福建国力民生科技发展有限公司北京分公司
猎聘,计算机,计算机图形学工程师,21,天津,3年以下,本科,普莱诺(天津)科技有限公司
猎聘,计算机,算法工程师（计算机视觉方向）,35,上海,3年以上,硕士,爱医舟科技
猎聘,计算机,计算机专员,4,天津,3-5年,大专,天津市译森翻译有限公司
猎聘,计算机,计算机视觉算法工程师,30,杭州,2年以上,硕士,清软微视(杭州)科技有限公司
猎聘,计算机,计算机辅导老师,12,南京,1-3年,硕士,常州壹综评教育科技有限公司
猎聘,计算机,软件开发-Q5911A,35,北京,经验不限,学历不限,京东物流
猎聘,计算机,计算机安全保密管理员,15,厦门,5年以上,统招本科,奇安信集团
猎聘,计算机,AI药物开发工程师-计算机辅助药物设计,35,北京,2年以上,硕士,北京安必奇生物科技有限公司
猎聘,计算机,计算机视觉算法工程师（三维重建方向）,75,上海,3-5年,硕士,某知名公司
猎聘,计算机,计算机视觉算法研究员-多模态生成,45,合肥,3-5年,硕士,某知名上市公司
猎聘,计算机,计算机视觉算法工程师,25,南京,3年以上,硕士,某南京电气机械/器材公司
猎聘,计算机,计算机视觉算法工程师,38,广州,3-5年,统招本科,某知名公司
猎聘,计算机,初级算法工程师（计算机视觉 / 3D 定位方向）,20,深圳,1-3年,本科,汝原科技
猎聘,计算机,计算机系主任,25,北京,10年以上,统招本科,某北京大型培训服务公司
猎聘,计算机,计算机方向教师,18,北京,3-5年,硕士,北方工业大学
猎聘,计算机,前端开发工程师,14,广州,3年以上,统招本科,金税信息技术服务股份有限公司
猎聘,计算机,计算机视觉算法研究员-多模态理解,40,合肥,5-10年,硕士,某知名上市公司
猎聘,计算机,投资顾问,22,北京,不限,本科,上海茫讯商务咨询中心
猎聘,计算机,外企科创导师-海本申请（工程、计算机方向）,28,北京,1-3年,本科,某上海培训服务公司
猎聘,计算机,计算机视觉算法工程师（英语可）,42,北京,3年以上,硕士,某知名公司
猎聘,计算机,计算机视觉算法工程师,40,深圳,经验不限,统招本科,某深圳电子/半导体/集成电路公司
猎聘,计算机,计算机行业研究,30,上海,3-5年,硕士,国内某知名证券公司
猎聘,计算机,高中Alevel数学&计算机教师,20,北京,2年以上,硕士,某北京大型其他教育培训公司
猎聘,计算机,计算机安全管理员（保密）,12,北京,3-5年,本科,北京长峰海维电子技术研究所
猎聘,计算机,（三维重建）中/高级计算机视觉算法工程师,65,深圳,5-10年,统招本科,某深圳大型智能硬件/消费电子公司
猎聘,计算机,计算机基础内容讲师,6,锦州,1-3年,本科,沈阳领先文硕教育咨询有限公司
猎聘,计算机,计算机硬件维护工程师,5,宜春,1-3年,大专,宜春市林轩科技有限公司
猎聘,计算机,多模态大模型算法工程师(计算机视觉/宜居城市),50,南京,3-5年,学历不限,某知名上市公司
猎聘,计算机,超导量子计算机硬件专家,45,深圳,经验不限,硕士,九州量子
猎聘,计算机,计算机视觉算法工程师（高级）,45,深圳,3-5年,统招本科,某东莞其他商务服务业公司
猎聘,计算机,专升本计算机老师+五险一金+双休,15,重庆,3-5年,本科,重庆金东方企业管理有限公司
猎聘,计算机,AI 应用开发工程师（兼职）,15,长春,3-5年,本科,吉林省盖软科技有限公司
猎聘,计算机,计算机视觉算法专家,18,香港,经验不限,硕士,寰宇创科有限公司
猎聘,计算机,AP数学跨经济/计算机教师,26,北京,3年以上,硕士,某人力资源服务公司
猎聘,计算机,中级算法工程师（计算机视觉算法，传统算法+深度学习）语义分割，图像分割，目标检测，小目标检测,18,杭州,经验不限,硕士,某杭州专业技术服务公司
猎聘,计算机,HTML5,11,天津,经验不限,学历不限,某天津科技推广服务公司
猎聘,计算机,U9开发工程师,14,广州,3年以上,本科,福建拓鸿智慧信息技术有限公司
猎聘,计算机,博士教师（博士，计算机/管理学/教育学方向均有需求，某世界500强下属教育板块，base三亚）,22,三亚,经验不限,博士,某知名公司
猎聘,计算机,"大学教师 【三亚，统招博士（不限经验），人工智能/计算机相关专业,40万左右】",23,三亚,经验不限,硕士,某知名公司
猎聘,计算机,计算机维护工程师,6,遵义,1-3年,学历不限,贵州晟仁信息科技有限公司
猎聘,计算机,计算机课程讲师,5,天津,3-5年,本科,权善教育
猎聘,计算机,计算机视觉算法工程师（iOS/球类运动科技方向）,40,上海,经验不限,本科,鲜猿科技
猎聘,计算机,前端开发工程师,16,深圳,5年以上,统招本科,震雄集团
猎聘,计算机,计算机视觉算法,34,北京,3-5年,硕士,某北京计算机软件公司
猎聘,计算机,计算机辅助药物设计（CADD）,35,杭州,3-5年,硕士,南京光一领星量子科技有限公司杭州分公司
猎聘,计算机,计算机视觉算法专家（工业视觉方向）,25,南宁,3年以上,本科,某知名公司
猎聘,计算机,计算机视觉算法研究员-多模态生成,45,合肥,3-5年,硕士,某知名上市公司
猎聘,计算机,行业产品经理（国企，硕士，40岁，5年及以上物联网、通信、电子、计算机、统计学等相关专业，南京，35万-50万，）,34,北京,5年以上,硕士,某北京大型运营商/增值服务公司
猎聘,计算机,嵌入式计算机（开发板）淘宝客服,6,北京,经验不限,高中,北京博航恒业科技有限公司
猎聘,计算机,计算机视觉算法,33,北京,3-5年,硕士,某北京计算机软件公司
猎聘,计算机,博士教师【世界500强    跨时代跃迁人才培养】base三亚    通讯、电子、车辆工程、机械，计算机等专业都可，博士学历,22,三亚,5-10年,博士,某知名公司
猎聘,计算机,计算机智能设备研发项目负责人,10,昆明,5-10年,统招本科,裕众光学
猎聘,计算机,Agent开发工程师,16,广州,1年以上,统招本科,广州美太
猎聘,计算机,计算机视觉工程师,38,北京,经验不限,本科,智机科技
猎聘,计算机,学院及学术辅助部门助理/专员/高级专员（计算机/数据科学教学辅助）,9,东莞,8年以下,硕士,香港城市大学(东莞)
猎聘,计算机,前端开发,28,佛山,5年以上,统招本科,库卡机器人
猎聘,计算机,计算机体系架构副研/助研,32,北京,经验不限,硕士,中科院自动化研究所
猎聘,计算机,计算机视觉算法（明星团队）,48,上海,3-5年,硕士,某电子/半导体/集成电路公司
猎聘,计算机,计算机网络专业教师,6,四平,经验不限,本科,吉林省盈科教育研究院有限公司
猎聘,计算机,行业分析师（策略、非银行金融、有色金属、建筑建材&中小盘、汽车和汽车零部件、计算机）,35,上海,3年以上,硕士,某大型基金/证券/期货公司
猎聘,计算机,QA计算机验证主管,12,苏州,3-5年,本科,苏州朗科生物技术股份有限公司
猎聘,计算机,算法应用工程师（计算机视觉）,48,深圳,1-3年,硕士,某深圳科技推广服务公司
猎聘,计算机,全日制专升本语/数/英/计算机老师,6,潍坊,经验不限,本科,山东盛世康瑞健康科技有限公司
猎聘,计算机,计算机技术员,4,成都,1年以下,学历不限,成都恒旭通科技有限公司
猎聘,计算机,物联网云平台前端软件工程师,4,深圳,3-5年,大专,深圳市君升科技有限公司
猎聘,计算机,计算机视觉算法专家,18,武汉,经验不限,本科,湖北裕美达医疗器械有限公司
猎聘,计算机,计算机视觉工程师,28,深圳,1-3年,本科,数字绿土
猎聘,计算机,算法工程师（人工智能、计算机视觉方向）,25,福州,经验不限,博士,新大陆自动识别
猎聘,计算机,AP教师（统计/计算机科学/心理学/微积分）,22,深圳,3-5年,硕士,橘郡美高
猎聘,计算机,计算机行业咨询顾问,45,上海,3年以上,本科,上海于启茶信息科技有限公司
猎聘,计算机,华东销售总监（.AI边缘计算硬件/工业计算机主板/工业计算机整机/信创计算硬件产品）,45,苏州,5-10年,大专,某深圳计算机硬件公司
猎聘,计算机,专升本计算机助教,5,临沂,1-3年,本科,临沂心远教育信息咨询有限公司
猎聘,计算机,计算机视觉算法工程师（三维重建方向）,40,上海,3-5年,统招本科,某知名公司
猎聘,计算机,FPGA开发工程师(计算机存储方向、通信方向）,35,长沙,3-5年,本科,某长沙电子/半导体/集成电路上市公司
猎聘,计算机,董助办专项助理,55,北京,经验不限,本科,上海茫讯商务咨询中心
猎聘,计算机,计算机视觉工程师,25,北京,1-3年,本科,北京美照算算智能科技有限公司
猎聘,计算机,组稿编辑（计算机科技图书）,18,北京,5年以上,硕士,清华大学出版社有限公司
猎聘,计算机,前端开发工程师/六险一金/带薪年假,22,东莞,经验不限,本科,某世界500强通信设备公司
猎聘,计算机,算法中级工程师（ 计算机视觉）,36,上海,3年以上,硕士,美的集团
猎聘,计算机,计算机视觉算法专家（机器人/智驾/无人机）,62,上海,经验不限,学历不限,某知名公司
猎聘,计算机,行业分析师（策略、非银行金融、有色金属、建筑建材&中小盘、汽车和汽车零部件、计算机）,30,北京,1-3年,博士,某上海基金/证券/期货上市公司
猎聘,计算机,技术咨询顾问,6,枣庄,1-3年,大专,温州市讯和电脑科技有限公司
猎聘,计算机,计算机视觉算法工程师,45,上海,经验不限,统招本科,某上海电子/半导体/集成电路公司
猎聘,计算机,计算机图形工程师,50,北京,3-5年,本科,Baidu
猎聘,计算机,研究员（计算机方向）(J10499),28,成都,经验不限,博士,清华四川能源互联网研究院
猎聘,计算机,计算机校招,45,北京,1年以下,博士,某北京通信设备上市公司
猎聘,计算机,中级计算机硬件工程师,6,北京,1-3年,大专,天若影(西安)科技有限公司
猎聘,计算机,博士教师【40W】【世界500强】(base三亚，可接受应届，计算机人工智能、商学、教育学均可,28,三亚,经验不限,博士,某国内人力资源服务公司
猎聘,计算机,研究所计算机行业分析师/研究员/研究助理(000667)(GSZQ000667),20,北京,2年以上,硕士,国盛证券
猎聘,计算机,计算机视觉算法工程师-上海,55,上海,经验不限,硕士,某北京智能硬件/消费电子公司
猎聘,计算机,量子计算机测控系统软件开发工程师（偏大模型方向）-合肥/北京,30,北京,经验不限,硕士,某合肥大型通信设备公司
猎聘,计算机,计算机考研408专业课辅导,4,沈阳,经验不限,硕士,抚顺万学海文教育咨询服务有限公司
猎聘,计算机,中/高级计算机视觉算法工程师（推荐&搜索） (MJ006391),50,深圳,3-5年,统招本科,DJI 大疆
猎聘,计算机,计算机视觉算法工程师,25,深圳,经验不限,本科,华为
猎聘,计算机,统招专升本计算机助教老师,6,成都,经验不限,本科,成都轻备教育科技有限公司
猎聘,计算机,计算机视觉算法工程师 (MJ000132),18,无锡,1-3年,本科,太初(杭州)集成电路有限公司
猎聘,计算机,双语计算机老师（ICT),22,深圳,3-5年,硕士,狄邦教育集团
猎聘,计算机,CADD 计算机辅助药物研发(大分子)主任/高级科学家,48,上海,1-3年,硕士,上海齐鲁制药
猎聘,计算机,计算机生物学家,35,北京,3年以上,硕士,某北京科技推广服务公司
猎聘,计算机,计算机视觉算法工程师（无人机）,38,深圳,3年以上,本科,深圳市海科技术有限公司
猎聘,计算机,计算机视觉/深度学习专家,45,苏州,3-5年,统招本科,某苏州仪器仪表公司
猎聘,计算机,飞控/飞管计算机硬件工程师,12,西安,2年以上,统招本科,某西安大型计算机硬件公司
猎聘,计算机,研发工程师（计算机视觉/交通事件检测）,22,武汉,1-3年,本科,中国电子云
猎聘,计算机,人工智能学院【高校老师】—要博士学历，人工智大模型能或者汽车智能相关方向/ 教育学方向/ 计算机方向/ 商学方向， 500强集团，八险一金,25,三亚,经验不限,博士,某北京大型人力资源服务公司
猎聘,计算机,计算机视觉算法研究员-多模态理解,45,无锡,3-5年,硕士,某知名上市公司
猎聘,计算机,硬件工程师（管控计算机模块设计）,18,北京,经验不限,本科,苏州中科光桥空间技术有限公司
猎聘,计算机,营销/市场/运营【计算机相关专业】,14,深圳,经验不限,统招本科,某深圳大型通信设备公司
猎聘,计算机,计算机视觉算法工程师,38,北京,3-5年,硕士,美团
猎聘,计算机,计算机硬件维护工程师,12,北京,经验不限,本科,北京市彩虹恒远电子产品有限公司
猎聘,计算机,计算机视觉算法研究员,55,北京,3年以上,硕士,联想
猎聘,计算机,双语数学/物理/生物/化学/计算机/语文/科学教师,20,北京,经验不限,硕士,某北京大型培训服务公司
猎聘,计算机,世界500强院校大学博士教师（计算机人工智能/ 整个汽车的技术/教育/商学的方向】，薪资40W内）,25,三亚,经验不限,博士,某国内大型人力资源服务公司
猎聘,计算机,融合高中计算机教师,20,镇江,3-5年,硕士,句容碧桂园学校
猎聘,计算机,计算机视觉算法工程师,45,北京,3年以上,硕士,北京星源智机器人科技有限公司
猎聘,计算机,计算机视觉算法工程师（UMI/EGO） (MJ001181),26,深圳,1-3年,本科,思谋科技
猎聘,计算机,计算机辅助药物设计（CADD）高级研究员,20,成都,3-5年,硕士,北京安必奇生物科技有限公司
猎聘,计算机,深象智能-计算机视觉算法工程师,30,杭州,1-4年,硕士,银泰商业集团有限公司
猎聘,计算机,计算机视觉算法研究员-多模态理解,45,无锡,5-10年,硕士,某知名上市公司
猎聘,计算机,电气工程师（工业/加固计算机优先）,10,北京,3-5年,本科,北京鲁成伟业科技发展有限公司
猎聘,计算机,计算机视觉算法研究员-多模态生成,45,合肥,5-10年,硕士,某知名上市公司
猎聘,计算机,飞控/飞管计算机产品设计,12,西安,经验不限,统招本科,某西安大型计算机硬件公司
猎聘,计算机,军工飞控系统嵌入式软件工程师（航空航天、军工、无人机、飞控计算机类，嵌入式实时操作系统）,38,西安,5-10年,本科,某西安IT服务公司
猎聘,计算机,计算机视觉算法工程师,22,深圳,1-3年,统招本科,华为
猎聘,计算机,高机计算机视觉算法工程师,32,武汉,5-10年,硕士,某武汉仪器仪表公司
猎聘,计算机,计算机视觉算法工程师（高级）,45,深圳,3-5年,统招本科,某东莞人力资源服务公司
猎聘,计算机,感知与计算机视觉算法工程师,18,北京,3-5年,本科,幻力魔方(北京)科技产业有限公司
猎聘,计算机,计算机视觉算法工程师,52,上海,1-3年,硕士,某上海智能硬件/消费电子上市公司
猎聘,计算机,专利代理师--计算机/通讯/光电领域,18,武汉,经验不限,硕士,臻诚
猎聘,计算机,计算机视觉算法工程师,30,苏州,2年以上,硕士,清软微视(杭州)科技有限公司
猎聘,计算机,计算机通信行业研究员,18,北京,2年以上,硕士,中加基金管理有限公司
猎聘,计算机,计算机维护和管理人员,3,天津,1-3年,本科,天津市静海城市基础设施建设投资集团有限公司
猎聘,计算机,计算机视觉算法工程师,22,北京,经验不限,硕士,三星电子
猎聘,计算机,计算机视觉算法工程师,25,上海,经验不限,本科,华为
猎聘,计算机,计算机算法工程师od,26,深圳,经验不限,统招本科,深圳华为云计算技术有限公司
猎聘,计算机,科研基金标书撰写 - 计算机科学,6,长沙,经验不限,本科,长沙深算科技有限公司
猎聘,计算机,计算机视觉算法工程师,38,深圳,3年以上,本科,某深圳科技推广服务公司
猎聘,计算机,计算机视觉工程师（工业检测-天津/烟台）,40,天津,3-5年,硕士,某国内大型石化公司
猎聘,计算机,前端开发工程师（终端平台开发组）,22,深圳,1-3年,统招本科,某深圳大型互联网公司
猎聘,计算机,计算机视觉算法研究员-多模态理解,40,合肥,3-5年,硕士,某知名上市公司
猎聘,计算机,量子计算机测控系统软件开发工程师,35,北京,3年以上,学历不限,某合肥大型通信设备公司
猎聘,计算机,计算机/人工智能高端科研/技术岗,40,北京,经验不限,博士,中国兵器工业集团有限公司
猎聘,计算机,计算机视觉研究员,24,北京,经验不限,硕士,日立中国
猎聘,计算机,计算机视觉/深度学习专家,38,苏州,5-10年,本科,某苏州学术/科研公司
猎聘,计算机,计算机视觉与标定算法（多视图几何多传感器标定畸变模型 非线性优化算法（ Ceres g2o））,55,深圳,3-5年,硕士,某知名公司
猎聘,计算机,计算机视觉算法工程师,22,深圳,经验不限,本科,华为
猎聘,计算机,计算机通信工程师,25,北京,5-10年,本科,中国港湾工程有限责任公司
猎聘,计算机,计算机算法研究员,32,北京,5-10年,硕士,原力金智(北京)科技有限公司
猎聘,计算机,计算机系统管理,28,仙桃,5-10年,本科,某成都制药上市公司
猎聘,计算机,财务,8,昆明,1年以下,大专,昆明维墨贸易有限公司
猎聘,计算机,计算机应用技术讲师,17,上海,1-3年,本科,上海安毅奇科技有限公司
猎聘,计算机,IT高级工程师（全日制本科计算机专业）,20,苏州,10年以上,统招本科,东部超导科技(苏州)有限公司
猎聘,计算机,计算机/人工智能高端科研/技术岗,38,上海,经验不限,博士,中国兵器工业集团有限公司
猎聘,计算机,计算机视觉工程师（SLAM算法工程化）,38,上海,3-5年,硕士,千寻位置网络有限公司
猎聘,计算机,计算机视觉算法工程师,32,杭州,经验不限,硕士,某杭州大型房地产开发经营公司
猎聘,计算机,计算机视觉算法专家,30,深圳,3年以上,本科,玉柴股份
猎聘,计算机,考研专业课讲师/计算机科目讲师（南京）,9,南京,1-3年,硕士,江苏新文道
猎聘,计算机,高级嵌入式工程师 (安全计算机平台或者MCU方向),85,深圳,5年以上,本科,某深圳智能硬件/消费电子公司
猎聘,计算机,大模型算法工程师（清华大学本科毕业，计算机/自动化/AI相关专业；清华本科应届生也可以专业要对口）,45,北京,经验不限,统招本科,某北京知名公司
猎聘,计算机,30-40万人工智能博士老师（base三亚  计算机、大语言模型、世界模型、空间智能、具身智能、VLA/V2X、智能驾驶、智能座舱 方向）,30,三亚,5-10年,本科,某北京大型人力资源服务公司
猎聘,计算机,高级产品/市场经理（计算机视觉芯片方向）,24,深圳,3年以上,统招本科,科大讯飞
猎聘,计算机,机器人多模态大模型算法（计算机视觉 点云）,45,深圳,经验不限,学历不限,某上海智能硬件/消费电子公司
猎聘,计算机,组稿编辑（计算机教材第二事业部）,16,北京,经验不限,硕士,清华大学出版社有限公司
猎聘,计算机,计算机视觉研究员,18,深圳,1-3年,硕士,爱贝宝
猎聘,计算机,博士后（计算机、软件开发方向）,40,重庆,经验不限,统招本科,湖南大学重庆研究院
猎聘,计算机,计算机视觉资深算法工程师,45,上海,5-10年,硕士,酷芯微电子
猎聘,计算机,资深硬件工程师（计算机方向）,32,上海,5-10年,本科,柏飞电子
猎聘,计算机,通信/计算机首席分析师(J10151),65,上海,3年以上,硕士,野村东方国际证券
猎聘,计算机,计算机验证副经理,16,广州,5-10年,本科,康方药业有限公司
猎聘,计算机,AI算法工程师（计算机视觉方向）,32,西安,5年以上,本科,星鼎时代(上海)智能科技有限公司
猎聘,计算机,AI核心技术研究员-计算机视觉方向,28,合肥,1-3年,硕士,科大讯飞
猎聘,计算机,计算机视觉算法研究员-多模态理解,40,合肥,3-5年,硕士,某知名上市公司
猎聘,计算机,计算机/人工智能高端科研/技术岗,40,成都,经验不限,博士,中国兵器工业集团有限公司
猎聘,计算机,高级硬件工程师（加固计算机/笔记本/显示器相关方向）,35,西安,5-10年,本科,某西安电子/半导体/集成电路公司
猎聘,计算机,CT解决方案应用工程师（计算机视觉、影像处理方向）,30,沈阳,8年以上,本科,飞利浦中国
猎聘,计算机,行业研究（TMT/电子通信/计算机/研究员）,30,上海,3-5年,硕士,某上海大型基金/证券/期货公司
猎聘,计算机,计算机-学术顾问,15,深圳,经验不限,硕士,浙江新课堂教育股份有限公司
猎聘,计算机,计算机教师,40,上海,1-3年,硕士,上海翰林教育科技有限公司
猎聘,计算机,计算机产品销售人员,8,广州,经验不限,大专,广州市宝擎科技有限公司
猎聘,计算机,计算机视觉/多模态/AIGC算法工程师,40,北京,1年以上,硕士,Baidu
猎聘,计算机,前端开发工程师,12,广州,5-10年,本科,广州睿律智能科技有限公司
猎聘,计算机,计算机硬件老师,58,上海,1-3年,统招本科,上海徐汇知春创新中心
猎聘,计算机,硬件研发项目负责人 嵌入式硬件架构师 硬件技术总监（英文汇报）AI计算机,58,深圳,10年以上,统招本科,某知名公司
猎聘,计算机,计算机基础课教师,18,北京,3-5年,硕士,北方工业大学
猎聘,计算机,狮子山实验室-计算机视觉算法工程师（事件检测_视频分析方向）(J31637),40,深圳,1-3年,统招本科,招商局创新科技(集团)有限公司
猎聘,计算机,通信|计算机|集成电路（应届）博士,20,哈尔滨,经验不限,博士,某青岛专业技术服务公司
猎聘,计算机,电子销售（主板，计算机硬件，消费电子）,20,深圳,经验不限,学历不限,某深圳计算机硬件公司
猎聘,计算机,航天计算机硬件工程师（北京，西安，深圳）,45,北京,5-10年,统招本科,某郑州大型计算机硬件公司
猎聘,计算机,博士教师/计算机、教育学、商学三个方向都可，40W内，base三亚,28,三亚,经验不限,博士,某知名公司
猎聘,计算机,计算机视觉算法专家,32,上海,2年以上,硕士,联影研究院
猎聘,计算机,计算机视觉算法工程师/研究员,28,上海,经验不限,博士,同济大学
猎聘,计算机,计算机硬件维护工程师,5,清远,经验不限,大专,清远市勇创电脑科技有限公司
猎聘,计算机,计算机视觉算法专家（图像视频抓取）,40,杭州,1-4年,本科,某杭州大型新零售公司
猎聘,计算机,多模态大模型算法工程师(计算机视觉/宜居城市),48,苏州,3-5年,学历不限,某知名上市公司
猎聘,计算机,飞控/飞管计算机硬件工程师,12,西安,5-10年,统招本科,某西安大型计算机硬件公司
猎聘,计算机,计算机视觉算法软件工程师,38,苏州,3-5年,硕士,某苏州电子/半导体/集成电路公司
猎聘,计算机,计算机视觉工程师（工业检测-烟台/天津）,40,烟台,5-10年,硕士,某国内大型石化公司
猎聘,计算机,计算机视觉算法工程师,26,武汉,3-5年,本科,TCL科技集团股份有限公司技术中心
猎聘,计算机,飞控/飞管计算机系统工程师、飞控/飞管计算机硬件工程师）,12,西安,经验不限,统招本科,某西安大型计算机硬件公司
猎聘,计算机,专利代理师（计算机领域））,19,厦门,1-3年,硕士,厦门市精诚新创知识产权代理有限公司
猎聘,计算机,电学工程师(激光器·量子计算机),32,上海,3年以上,本科,险峰(K2VC)
猎聘,计算机,行业研究（计算机）,22,北京,2-5年,硕士,泰康基金管理有限公司
猎聘,计算机,前端开发工程师（数字孪生 & AI 方向）,20,杭州,3-5年,本科,浙江万擎动能科技有限公司
猎聘,计算机,事业单位-2026应届计算机方向硕士博士--北京,35,上海,1年以下,博士,某知名人工智能公司
猎聘,计算机,PHP工程师,8,深圳,经验不限,学历不限,济济(北京)网络科技有限公司
猎聘,计算机,高级嵌入式工程师（安全计算机平台）,55,深圳,5-10年,统招本科,某深圳智能硬件/消费电子公司
猎聘,计算机,计算机辅助药物设计高级研究员,30,武汉,5年以上,博士,远大医药科技(武汉)有限公司
猎聘,计算机,计算机视觉研究员,20,北京,经验不限,硕士,某知名公司
猎聘,计算机,飞控/飞管计算机系统工程师,12,西安,1-3年,统招本科,某西安大型计算机硬件公司
猎聘,计算机,计算机维护工程师,4,晋中,经验不限,统招本科,山西省平遥减速器有限责任公司
猎聘,计算机,Web开发工程师（储能监控平台方向）,20,深圳,3年以上,本科,海邦拓达
猎聘,计算机,计算机行业咨询顾问,45,上海,3-5年,本科,上海于启茶信息科技有限公司
猎聘,计算机,计算机视觉算法专家,40,长沙,3-5年,硕士,深圳市衡泰信科技有限公司
猎聘,计算机,计算机硬件维护工程师,6,宁波,1-3年,大专,宁波鼎昕电子科技有限公司
猎聘,计算机,Senior Electrical Engineer -计算机行业优先,25,苏州,5-10年,硕士,飞利浦中国
猎聘,计算机,计算机教学主任,10,石家庄,5年以上,大专,石家庄赢拓电子商务服务有限公司
猎聘,计算机,计算机视觉算法高级研究员/日企,45,北京,3年以上,硕士,某知名公司
猎聘,计算机,计算机视觉算法应用工程师,30,厦门,3-5年,本科,厦门天和至医疗器械有限公司
猎聘,计算机,计算机视觉算法专家,30,苏州,3年以上,本科,玉柴股份
猎聘,计算机,计算机视觉算法专家,44,上海,3年以上,本科,山子高科技股份有限公司
猎聘,计算机,星载计算机设计师,45,上海,8年以上,统招本科,国星宇航
猎聘,计算机,计算机视觉算法工程师（具身机器人）,55,深圳,3-5年,统招本科,某深圳科技推广服务公司
猎聘,计算机,内控审计专员（计算机、电子信息、软硬件）,16,南京,3-5年,学历不限,某南京计算机硬件公司
猎聘,计算机,产品经理 （AI节能方向）（本科，3年及以上，自控、暖通、能源动力、计算机，15k~30k*12薪，）,22,深圳,3年以上,统招本科,某深圳互联网公司
猎聘,计算机,计算机视觉算法工程师,40,上海,3-5年,硕士,乐鑫科技
猎聘,计算机,Electron开发工程师,20,深圳,3-5年,本科,深圳市元雀科技有限公司
猎聘,计算机,博士后（计算机类专业）,25,重庆,经验不限,博士,湖南大学重庆研究院
猎聘,计算机,高级嵌入式工程师 (安全计算机平台方向),65,深圳,5-10年,统招本科,某深圳智能硬件/消费电子公司
猎聘,计算机,计算机视觉工程师,25,合肥,3-5年,本科,合肥辰视机器人科技有限公司
猎聘,计算机,大学教授-年薪40W 500强企业高等教育平台 学历博士 计算机、商学、教育学相关专业,32,三亚,经验不限,博士,某大型整车制造公司
猎聘,计算机,前端构架师（electron，quasar方向）,22,北京,5-10年,统招本科,葫芦云(北京)科技有限公司
猎聘,计算机,计算机视觉&AI研究工程师,45,杭州,3-5年,统招本科,华为
猎聘,计算机,前端开发工程师（APP/操作系统方向）-深圳(002678),45,深圳,3年以上,硕士,中移九天
猎聘,计算机,计算机视觉算法工程师,45,深圳,3-5年,本科,TCL科技集团股份有限公司技术中心
猎聘,计算机,项目经理(计算机硬件+AIOT),18,深圳,4年以上,统招本科,杰和科技
猎聘,计算机,博士岗位（光学、计算机视觉、自动化方向）,40,武汉,经验不限,博士,某国内电子/半导体/集成电路公司
猎聘,计算机,计算机视觉算法专家,30,南宁,3年以上,本科,玉柴股份
猎聘,计算机,计算机视觉算法主任工程师（半导体图像分析）,40,苏州,3-5年,硕士,英诺赛科(苏州)半导体有限公司
猎聘,计算机,首席分析师（计算机等）,20,北京,5年以上,硕士,某上海大型基金/证券/期货公司
猎聘,计算机,嵌入式软件工程师（军品，飞控计算机类）,25,西安,5-10年,统招本科,某深圳IT服务公司
猎聘,计算机,计算机视觉算法专家,80,上海,3年以上,硕士,某大型知名智能硬件/消费电子公司
猎聘,计算机,工控机产品经理(5年以上工业计算机、工控机、嵌入式计算平台或相关硬件产品管理经验。 具备完整产品生命周期管理经验，有成熟产品成功上市经验),25,深圳,3-5年,本科,某深圳计算机软件公司
猎聘,计算机,计算机视觉算法工程师（UMI/EGO）,45,深圳,3-5年,本科,思谋科技
猎聘,计算机,计算机硬件维护工程师,18,广州,3年以上,本科,广州沃良网络科技有限公司
猎聘,计算机,【500强旗下高校】招聘博士教师（可应届），要三个方向的人：【教育学】【商学/经济】【汽车/智能驾驶/计算机/人工智能】，40万以内,32,三亚,10年以上,博士,某知名上市公司
猎聘,计算机,计算机研究员,30,上海,3-5年,硕士,某国内大型基金/证券/期货公司
猎聘,计算机,AI出题专家-计算机与信息技术领域（远程兼职）,25,北京,10年以下,统招本科,Talents AI
猎聘,计算机,Java工程师,8,上海,经验不限,学历不限,招商局蛇口工业区控股股份有限公司
猎聘,计算机,Agent工程师,31,广州,3-5年,硕士,广发证券
猎聘,计算机,高中双语计算机ICT教师,20,北京,3-5年,硕士,北京顶思致远教育咨询有限公司
猎聘,计算机,算法工程师/助理研究员/研究员 （计算机视觉方向）,30,上海,1-3年,硕士,小i机器人
猎聘,计算机,计算机专任教师,8,苏州,3-5年,硕士,硅湖职业技术学院
猎聘,计算机,人力资源总监（数字化/AI智能/计算机,28,广州,经验不限,学历不限,某广州咨询服务公司
猎聘,计算机,博士后-计算机、AI相关、数据分析、数据治理相关,38,宁波,经验不限,博士,某知名公司
猎聘,计算机,计算机视觉算法工程师（三维重建方向）,40,上海,经验不限,学历不限,某知名公司
猎聘,计算机,中高级计算机视觉-多模态,40,深圳,4-6年,统招本科,某深圳大型智能硬件/消费电子公司
猎聘,计算机,计算机视觉与标定算法工程师,45,深圳,3-5年,硕士,某深圳计算机软件公司
猎聘,计算机,计算机视觉工程师/Computer Vision Engineer (MJ000155),42,上海,3-5年,硕士,跃氪智能科技(上海)有限公司
猎聘,计算机,高级计算机视觉算法开发工程师（camera方向）-博士,2,深圳,经验不限,博士,某东莞大型智能硬件/消费电子公司
猎聘,计算机,高级计算机视觉算法工程师,32,上海,3-5年,硕士,中科新松有限公司
猎聘,计算机,高级计算机视觉工程师（汽车行业）,32,南通,5年以上,本科,微创(上海)网络技术有限公司
猎聘,计算机,计算机视觉工程师,30,北京,3-5年,本科,江苏智云天工科技有限公司
猎聘,计算机,H5研发工程师,13,北京,3-5年,本科,大连能动科技有限公司
猎聘,计算机,图像处理与计算机视觉,45,上海,3-5年,本科,上海帧联信息科技有限公司
猎聘,计算机,计算机视觉算法工程师,38,北京,5年以上,硕士,北京未动昆智科技有限公司
猎聘,计算机,计算机视觉算法高级研究员（外企 6小时/天 周末双休）,50,北京,5-10年,硕士,某北京计算机软件公司
猎聘,计算机,博士后研究员（金融、经济、计算机、统计、数学）,28,郑州,经验不限,博士,某知名公司
猎聘,计算机,计算机视觉算法工程师,28,成都,1-3年,硕士,超矩科技
猎聘,计算机,软件开发工程师（前端方向）,30,杭州,3年以上,硕士,杭州智元研究院有限公司
猎聘,计算机,前端开发工程师,18,杭州,3-5年,本科,今东云数科
猎聘,计算机,财务分析经理/主管,6,温州,1-3年,大专,嘉兴新模文化传媒有限公司
猎聘,计算机,计算机视觉算法研究员-多模态医学影像,42,广州,经验不限,硕士,某知名上市公司
猎聘,计算机,计算机图形学工程师,32,北京,3-5年,硕士,广州乐牛游戏
猎聘,计算机,高中双语计算机教师,15,上海,3-5年,硕士,北京顶思致远教育咨询有限公司
猎聘,计算机,计算机视觉算法研究员-多模态医学影像,42,广州,3-5年,硕士,某知名上市公司
猎聘,计算机,计算机视觉算法专家,90,深圳,5年以上,博士,惠州固尔琦智能设备有限公司
猎聘,计算机,计算机视觉算法工程师,31,北京,经验不限,本科,华为
猎聘,计算机,计算机视觉算法研究员-多模态医学影像,42,广州,3-5年,硕士,某知名上市公司
猎聘,计算机,计算机学院副院长,55,青岛,10年以上,博士,某大型学校教育公司
猎聘,计算机,计算机视觉/图像算法科学家,45,深圳,经验不限,硕士,菲鹏
猎聘,计算机,机载计算机主管设计师,15,西安,3-5年,统招本科,三航无人系统技术(烟台)有限公司
猎聘,计算机,中/高级计算机视觉算法工程师,40,深圳,经验不限,学历不限,某深圳大型智能硬件/消费电子公司
猎聘,计算机,光学工程、计算机科学与技术、软件工程博士,28,台州,经验不限,博士,浙江大学台州研究院
猎聘,计算机,计算机视觉算法专家,45,深圳,5-10年,硕士,劢微机器人
猎聘,计算机,计算机视觉算法专家,45,杭州,经验不限,硕士,睿魔智能科技(深圳)有限公司
猎聘,计算机,高级嵌入式工程师 (安全计算机平台方向),62,深圳,3-5年,统招本科,某知名公司
猎聘,计算机,中/高级计算机视觉算法工程师（多模态/大模型/vla）-深圳/上海,65,深圳,4年以上,本科,某深圳大型智能硬件/消费电子公司
猎聘,计算机,计算机生物学家,45,北京,2年以上,博士,某北京科技推广服务公司
猎聘,计算机,高级计算机视觉算法工程师,28,武汉,5-10年,硕士,武汉港迪技术股份有限公司
猎聘,计算机,计算机视觉算法专家（国企+双休+南宁/玉林）,32,南宁,3年以上,硕士,某北京大型人力资源服务公司
猎聘,计算机,计算机视觉算法工程师,38,北京,经验不限,硕士,北京京东振世信息技术有限公司
猎聘,计算机,首席分析师 （计算机等),20,深圳,5年以上,硕士,某上海大型基金/证券/期货公司
猎聘,计算机,计算机图形算法工程师,18,重庆,5-10年,本科,至联云(深圳)科技有限公司重庆分公司
猎聘,计算机,AI应用开发工程师（算法方向）,30,上海,3年以上,统招本科,上海金仕达软件科技股份有限公司
猎聘,计算机,计算机视觉博士（视觉与AI算法方向）,55,武汉,1年以下,博士,某国内电子/半导体/集成电路公司
猎聘,计算机,AI计算机博士,120,深圳,经验不限,博士,某大型专业服务公司
猎聘,计算机,计算机视觉算法工程师（无人机）,42,深圳,3-5年,学历不限,某深圳智能硬件/消费电子公司
猎聘,计算机,研发负责人（AI+计算机视觉）,40,杭州,6年以上,统招本科,某知名公司
猎聘,计算机,资深产品经理（计算机视觉方向）,22,武汉,2年以上,本科,中国电子云
猎聘,计算机,计算机视觉算法专家,23,上海,2年以上,硕士,上海商汤善惠信息科技有限公司
猎聘,计算机,高级嵌入式工程师 (安全计算机平台或者MCU方向),65,深圳,5年以上,统招本科,某深圳智能硬件/消费电子公司
猎聘,计算机,计算机视觉算法工程师（三维重建方向）,55,上海,经验不限,硕士,某知名公司
猎聘,计算机,计算机首席分析师,40,上海,3-5年,硕士,某深圳大型基金/证券/期货公司
猎聘,计算机,高级嵌入式工程师 (安全计算机平台方向),58,深圳,3-5年,本科,某深圳IT服务公司
猎聘,计算机,人工智能领域高层人才引进（大模型、计算机视觉、NLP、强化学习、时序预测、运筹优化等）,55,广州,3-5年,硕士,某政府/公共事业公司
猎聘,计算机,嵌入式软件开发-安全计算机平台,65,深圳,5-10年,统招本科,某深圳智能硬件/消费电子公司
猎聘,计算机,顺义高级大数据开发（flink实时+需学信网统招本科计算机相关专业）,21,北京,5-10年,统招本科,汉克时代
猎聘,计算机,计算机视觉算法工程师（车载视觉算法）,22,杭州,3-5年,统招本科,鸿泉物联
猎聘,计算机,计算机行业研究员,32,上海,经验不限,硕士,某大型基金/证券/期货公司
猎聘,计算机,计算机视觉算法高级研究员,48,北京,3-5年,硕士,某上海电子/半导体/集成电路公司
猎聘,计算机,中/高级计算机视觉算法工程师,75,上海,经验不限,统招本科,某深圳大型智能硬件/消费电子公司
猎聘,计算机,计算机视觉算法 工程师,30,深圳,1-3年,硕士,深圳市超准视觉科技有限公司
猎聘,计算机,多模态大模型算法工程师(计算机视觉/宜居城市),50,无锡,3年以上,硕士,某知名上市公司
猎聘,计算机,计算机视觉算法专家,25,北京,3-5年,硕士,京东
猎聘,计算机,服务器硬件工程师/主管-苏州（计算机硬件/研产销企业）,40,苏州,5-10年,本科,某知名计算机硬件公司
猎聘,计算机,计算机视觉算法专家（北京，上海，深圳）,55,深圳,5-10年,统招本科,某大型互联网企业
猎聘,计算机,AI智能体开发,38,宁波,3年以上,本科,浙江吉利控股集团
猎聘,计算机,计算机视觉算法工程师,48,苏州,经验不限,硕士,某国内知名公司
猎聘,计算机,计算机视觉工程师,50,北京,经验不限,硕士,北京微奇点科技有限公司
猎聘,计算机,计算机算法高级工程师,25,南宁,3-5年,本科,广西慧云信息技术有限公司
猎聘,计算机,计算机性能调优专家(国产化方向),30,深圳,经验不限,博士,某知名公司
猎聘,计算机,计算机视觉研发总监,60,北京,5-10年,硕士,某沈阳医疗机构上市公司
猎聘,计算机,博士后-体育计算机视觉方向,45,宁波,经验不限,博士,某知名公司
猎聘,计算机,研发部部长（嵌入式计算机方向）,30,西安,5-10年,统招本科,某西安电子/半导体/集成电路公司
猎聘,计算机,计算机视觉总监,95,东莞,5-10年,本科,某东莞机械/设备公司
猎聘,计算机,首席分析师 （计算机等),20,上海,5年以上,硕士,某上海大型基金/证券/期货公司
猎聘,计算机,计算机视觉算法工程师（无人机）,42,深圳,3-5年,统招本科,某深圳智能硬件/消费电子公司
猎聘,计算机,计算机性能调优专家(国产化方向),30,深圳,经验不限,博士,某知名公司
猎聘,计算机,高中双语计算机教师,20,北京,3-5年,硕士,北京顶思致远教育咨询有限公司
猎聘,计算机,计算机视觉数据结构化前沿技术研究,18,北京,经验不限,博士,数据堂
猎聘,计算机,计算机视觉算法工程师,30,深圳,1-3年,硕士,深圳市超准视觉科技有限公司
猎聘,计算机,计算机视觉算法工程师（数据采集方向）,50,深圳,3-5年,硕士,某深圳大型人工智能公司
猎聘,计算机,计算机视觉算法工程师,22,苏州,经验不限,硕士,伊沃人工智能技术(江苏)有限公司
猎聘,计算机,计算机视觉高级算法工程师,30,深圳,3-5年,本科,暗物智能
猎聘,计算机,CADD计算机辅助药物设计研究员（博士后）,25,珠海,经验不限,博士,湘北威尔曼制药股份有限公司广州分公司
猎聘,计算机,高级计算机视觉算法工程师,70,深圳,5-10年,学历不限,某深圳大型智能硬件公司
猎聘,计算机,华东分公司苏州分公司华东销售总监（计算机硬件主流芯片）,40,苏州,5-10年,统招本科,某苏州专业技术服务公司
猎聘,计算机,中/高级计算机视觉算法工程师（三维重建）,65,深圳,5-10年,本科,某深圳大型智能硬件/消费电子公司
猎聘,计算机,高级算法工程师（计算机视觉）,50,深圳,3年以上,硕士,BYD
猎聘,计算机,博士教师（计算机、人工智能、教育学、管理学方向）,30,三亚,经验不限,博士,某知名培训服务公司
猎聘,计算机,计算机视觉算法专家,150,深圳,经验不限,博士,荣耀终端股份有限公司
猎聘,计算机,高级嵌入式工程师 (安全计算机平台方向）,70,深圳,5-10年,统招本科,某深圳IT服务公司
猎聘,计算机,AIDD计算机生物研究员,35,上海,经验不限,博士,某国内大型制药公司
猎聘,计算机,计算机视觉实操课程高级讲师,40,深圳,3-5年,本科,深圳莫比嗨客树莓派智能机器人有限公司
猎聘,计算机,计算机工程,255,宁波,3-5年,博士,苏州海仟汇科技有限公司
猎聘,计算机,高级计算机视觉算法工程师,50,杭州,5年以上,硕士,清软微视(杭州)科技有限公司
猎聘,计算机,首席分析师（计算机等）,32,上海,5-10年,硕士,某上海基金/证券/期货上市公司
猎聘,计算机,高级计算机视觉算法开发工程师（camera方向）-博士,45,深圳,经验不限,博士,某东莞大型智能硬件/消费电子公司
猎聘,计算机,计算机视觉算法工程师（电网）,22,南京,3-5年,硕士,安徽云控信息科技有限公司
猎聘,计算机,计算机视觉算法工程师（3D视觉/深度学习方向）,28,北京,3-5年,硕士,凌云光技术
猎聘,计算机,计算机视觉科学家（抗衰老与长寿科技方向） (MJ002254),40,深圳,经验不限,硕士,菲鹏
猎聘,计算机,控制器开发,50,上海,5年以上,本科,某国内知名公司
猎聘,计算机,蚂蚁数字科技-数科技术部-计算机视觉及多模态算法工程师,45,杭州,3-5年,硕士,蚂蚁集团
猎聘,计算机,卫星系统架构负责人（卫星算力计算机）,55,深圳,8年以上,硕士,星际荣耀
猎聘,计算机,计算机性能调优专家（国产化方向）26届博士,32,深圳,1年以下,博士,某知名计算机硬件上市公司
猎聘,计算机,计算机视觉算法工程师（无人机）,42,深圳,3-5年,学历不限,某深圳智能硬件/消费电子公司
猎聘,计算机,"跃迁计划博士教师【世界500强背景，通讯、电子、车辆工程、机械，计算机等专业都可，博士学历必须】待遇30W,包食宿双休，BASE三亚",25,三亚,经验不限,博士,某北京大型人力资源服务公司
猎聘,计算机,计算机硬件产品经理,25,北京,1-3年,本科,北京航科星云科技有限公司
猎聘,计算机,计算机性能调优专家(国产化方向),30,深圳,经验不限,博士,某知名公司
猎聘,计算机,计算机视觉研究员(J10589),58,深圳,1年以下,博士,粤港澳大湾区数字经济研究院(福田)
猎聘,计算机,计算机药物辅助设计总监（CADD/AIDD方向）,85,北京,8年以上,博士,首药控股(北京)股份有限公司
猎聘,计算机,计算机视觉算法工程师,30,成都,3年以上,硕士,某国内大型电子/半导体/集成电路公司
猎聘,计算机,计算机视觉算法专家（工业视觉方向）,28,玉林,5-10年,硕士,星网智云
猎聘,计算机,计算机性能调优专家(国产化方向),30,深圳,经验不限,博士,某知名公司
猎聘,计算机,计算机视觉算法工程师,20,北京,1-3年,博士,中通院
猎聘,计算机,计算机性能调优专家(国产化方向),30,深圳,经验不限,博士,某知名公司
猎聘,计算机,计算机视觉算法工程师（数据采集方向）,50,深圳,3-5年,硕士,某深圳大型人工智能公司
猎聘,计算机,计算机蛋白质设计科学家,40,深圳,5-10年,硕士,菲鹏
猎聘,计算机,高级硬件工程师（嵌入式计算机方向）,30,西安,5-10年,统招本科,某西安电子/半导体/集成电路公司
猎聘,计算机,计算机性能调优专家(国产化方向),30,深圳,经验不限,博士,某计算机软件公司
猎聘,计算机,控制计算机总体设计,50,西安,3-5年,硕士,某航空/航天设备公司
猎聘,计算机,计算机性能调优专家(国产化方向),30,深圳,经验不限,博士,某知名公司
猎聘,计算机,研发负责人（AI+计算机视觉）——B端AI应用产品,45,杭州,5-10年,硕士,溯洄人才国际(香港)有限公司
猎聘,计算机,计算机视觉算法工程师,42,北京,3-5年,统招本科,北京猿力未来科技有限公司
猎聘,计算机,IT运维自动化开发工程师,40,北京,3年以上,本科,字节跳动
猎聘,计算机,计算机视觉算法工程师（高级）,45,深圳,3-5年,统招本科,某东莞其他商务服务业公司
猎聘,计算机,计算机视觉算法工程师,38,北京,3-5年,硕士,融讯伟业
猎聘,计算机,高级前端开发工程师,14,深圳,5-10年,本科,奥尔特云(深圳)智慧科技有限公司
猎聘,计算机,计算机视觉算法专家（工业视觉方向）南宁/玉林,32,南宁,3年以上,硕士,某国内大型机械/设备公司
猎聘,计算机,中/高级计算机视觉算法工程师（三维重建） (MJ004741),55,深圳,经验不限,硕士,DJI 大疆
猎聘,计算机,计算机视觉算法专家,45,深圳,5年以上,本科,创鑫激光
猎聘,计算机,计算机性能调优专家(国产化方向),30,深圳,经验不限,博士,某知名公司
猎聘,计算机,计算机辅助药物设计科学家,32,北京,5-10年,博士,云南白药集团股份有限公司
猎聘,计算机,阿里云智能-Android 系统开发工程师/专家-杭州,35,杭州,经验不限,本科,阿里云
猎聘,计算机,计算机视觉科学家 (边缘计算与智能家居)_CR,42,上海,经验不限,博士,博世中国
猎聘,计算机,高级计算机视觉算法工程师（深圳）,55,深圳,5-10年,硕士,某深圳大型智能硬件公司
猎聘,计算机,高级H5前端开发（3D）,28,广州,5-10年,统招本科,三维家
猎聘,计算机,销售经理/总监（物联网OPS计算机）,16,深圳,3年以上,大专,深圳华盛芯科智能科技有限公司
猎聘,计算机,计算机图形算法工程师,38,上海,3-5年,硕士,上海轮廓科技有限公司
猎聘,计算机,高级计算机视觉算法工程师（上海）,55,上海,5-10年,硕士,某深圳大型智能硬件公司
猎聘,计算机,计算机教研室主任,20,青岛,5-10年,硕士,青岛城市学院
猎聘,计算机,中/高级计算机视觉算法工程师,40,深圳,经验不限,硕士,某深圳大型智能硬件公司
猎聘,计算机,销售副总-广州（计算机行业）,50,广州,10年以上,本科,某知名计算机硬件公司
猎聘,计算机,中/高级计算机视觉算法工程师,40,深圳,经验不限,硕士,某深圳知名公司
猎聘,计算机,计算机视觉/深度学习算法研发工程师,45,北京,经验不限,硕士,Baidu
猎聘,计算机,计算机视觉算法专家,40,深圳,5-10年,硕士,某深圳电子/半导体/集成电路公司
猎聘,计算机,计算机图形科学家（博士优先）,40,广州,经验不限,博士,广州美央创新科技有限公司
猎聘,计算机,计算机视觉高端算法专家,38,深圳,5-10年,硕士,华为
猎聘,计算机,计算机视觉算法工程师,30,北京,3-5年,硕士,珠海粉象全案整装设计有限公司
猎聘,计算机,计算机视觉算法专家,28,北京,3年以上,硕士,北京汽车研究总院
猎聘,计算机,投资经理/VP——机器人、智能汽车/新势力造车、先进制造、AI、计算机方向,38,上海,3-5年,硕士,上海方广投资管理有限公司
猎聘,计算机,计算机视觉算法专家,25,广州,5-10年,本科,哪不适
猎聘,计算机,金融科技高级算法岗—计算机视觉方向（工作地点：福州、上海）,40,上海,5-10年,硕士,兴业银行股份有限公司
猎聘,计算机,高级计算机视觉算法工程师,20,上海,3-5年,硕士,中国海诚工程科技股份有限公司
猎聘,计算机,计算机视觉算法研究员,38,北京,3-5年,硕士,深延科技(北京)有限公司
猎聘,计算机,中/高级计算机视觉算法工程师（三维重建-SLAM）,50,上海,5-10年,硕士,某深圳大型智能硬件/消费电子公司
猎聘,计算机,Linux资深软件工程师(边缘AI/计算机视觉方向),40,上海,5-10年,本科,上海锐昕普电子科技有限公司
猎聘,计算机,计算机视觉算法专家,38,常州,2年以上,硕士,豪森智能
猎聘,计算机,首席分析师 （计算机等)(J11701),30,北京,5-10年,硕士,光大证券
猎聘,计算机,博士高级人才—计算机科学与技术学院教师,20,武汉,经验不限,博士,湖北商贸学院
猎聘,计算机,计算机视觉经理（多模态大模型）,36,上海,10年以上,博士,美的集团
猎聘,计算机,计算机视觉CV算法工程师,45,上海,经验不限,统招本科,某知名公司
猎聘,计算机,中/高级计算机视觉算法工程师/专家（三维重建-SLAM）,70,上海,经验不限,本科,某知名公司
猎聘,计算机,算法专家（计算机视觉方向）,62,北京,3-5年,学历不限,某北京专业技术服务公司
猎聘,计算机,人工智能博士教师【500强上市企业，计算机、人工智能专业，博士应届可】BASE三亚 有寒暑假,28,三亚,经验不限,博士,某北京大型人力资源服务公司
猎聘,计算机,计算机与软件学院院长,52,深圳,5年以上,博士,某深圳学校教育公司
猎聘,计算机,智驾技术部_3D计算机视觉算法研发工程师,42,北京,3-5年,硕士,Baidu
猎聘,计算机,计算机视觉算法专家,40,苏州,经验不限,博士,苏州万店掌网络科技有限公司
猎聘,计算机,首席分析师 （计算机等)(J11701),30,上海,5-10年,硕士,光大证券
猎聘,计算机,首席分析师 （计算机等)(J11701),30,深圳,5-10年,硕士,光大证券
猎聘,计算机,计算机视觉算法专家,55,北京,3-5年,博士,某知名公司
猎聘,计算机,计算机视觉算法专家,58,深圳,7年以上,硕士,深圳沙与浪科技有限公司
猎聘,计算机,计算机视觉算法首席科学家,70,上海,经验不限,博士,伊沃人工智能技术(江苏)有限公司
猎聘,计算机,计算机视觉算法高级研究员,54,苏州,经验不限,博士,伊沃人工智能技术(江苏)有限公司
猎聘,计算机,架构师系统架构师（计算机视觉与AI）,30,上海,5年以上,本科,新国脉数字文化股份有限公司
猎聘,计算机,AI算法资深专家-计算机视觉,105,北京,10年以上,博士,丰祺捷盈
猎聘,计算机,AI算法资深专家-计算机视觉,105,北京,10年以上,博士,丰祺捷盈
猎聘,计算机,计算机视觉算法工程师（三维重建方向）,45,上海,3年以上,硕士,某上海智能硬件/消费电子上市公司
猎聘,计算机,计算机视觉算法专家,60,深圳,5-10年,硕士,某知名计算机硬件上市公司
猎聘,计算机,高级投资经理 （计算机科学方向）,30,北京,5-10年,硕士,观象资本
猎聘,计算机,计算机系统专家,45,成都,1-3年,博士,某合肥电气机械/器材公司
猎聘,计算机,计算机视觉算法专家,45,上海,3年以上,硕士,某上海大型智能硬件/消费电子公司
猎聘,计算机,计算机视觉工程师（半导体自动化设备）,15,南京,3年以上,统招本科,常州鉴芯半导体设备有限公司
猎聘,计算机,高级数据架构工程师,23,深圳,5年以上,硕士,粤海水务
猎聘,计算机,策略数据分析师,32,上海,3年以上,统招本科,携程集团
猎聘,计算机,计算机技术员,11,杭州,经验不限,大专,东莞泗杰电子科技有限公司
猎聘,计算机,计算机技术员,11,深圳,经验不限,大专,东莞市海淼科技有限公司
猎聘,计算机,招聘计算机专业应届生/往届生（车辆软件开发）,10,青岛,经验不限,本科,青岛中鸿重型机械有限公司
猎聘,计算机,计算机视觉算法专家,8,郑州,经验不限,大专,郑州煦秋信息科技有限公司
猎聘,计算机,计算机与信息通信网络调试维护,12,北京,经验不限,统招本科,融通人力资源开发有限公司北京分公司
猎聘,计算机,大学计算机教师岗,12,南昌,3-5年,硕士,某国内大型学校教育公司
猎聘,计算机,高级AI业务系统架构师,55,深圳,5-10年,统招本科,纳百机器人
猎聘,计算机,计算机硬件维护工程师,8,郑州,经验不限,大专,河南列阁影视传媒有限公司
猎聘,计算机,智驾-计算机视觉算法工程师,20,北京,1年以上,大专,东软集团有限公司
猎聘,计算机,计算机视觉/图像算法工程师,12,济南,1年以上,硕士,山东金钟科技集团股份有限公司
猎聘,计算机,前端开发工程师,8,天津,5年以上,本科,天津前程海越技术有限公司
猎聘,计算机,AI算力芯片建模工程师,75,上海,5-10年,硕士,云天励飞
猎聘,计算机,助理硬件工程师（计算机方向）,12,上海,1-3年,本科,柏飞电子
猎聘,计算机,初中计算机教师,18,广州,经验不限,学历不限,某广州大型培训服务公司
猎聘,计算机,测试工程师（计算机存储类）,25,长沙,5年以上,本科,某长沙电子/半导体/集成电路上市公司
猎聘,计算机,海外社媒投放经理 (MJ033583),30,上海,3-5年,统招本科,携程集团
猎聘,计算机,法务/总助,12,广州,1-3年,统招本科,鼎甲科技
猎聘,计算机,计算机技术人员--湘潭,7,长沙,1-3年,本科,某国内计算机软件公司
猎聘,计算机,大学计算机教师岗,12,九江,3-5年,硕士,某国内大型学校教育公司
猎聘,计算机,软件开发工程师,7,苏州,1-3年,统招本科,某上海大型机械/设备公司
猎聘,计算机,计算机辅助药物设计,16,广州,经验不限,硕士,湘北威尔曼制药股份有限公司广州分公司
猎聘,计算机,前端开发工程师（双休/五险一金）,10,重庆,3-5年,统招本科,某重庆通信设备公司
猎聘,计算机,计算机网络管理员,8,北京,经验不限,大专,北京郡雅科贸有限公司
猎聘,计算机,计算机少儿编程培训教师,6,枣庄,经验不限,大专,枣庄宝优教育科技有限公司
猎聘,计算机,计算机教师,12,重庆,2年以上,统招本科,重庆市莱克顿教育科技有限公司
猎聘,计算机,教师讲师（计算机）,12,郑州,经验不限,学历不限,某郑州IT服务上市公司
猎聘,计算机,实验室计算机验证工程师,10,苏州,3年以下,硕士,某北京大型制药公司
猎聘,计算机,计算机视觉（医学图像）算法工程师招聘,15,重庆,经验不限,本科,华大集团
猎聘,计算机,计算机视觉算法工程师,12,深圳,1-3年,本科,深圳盛亚环境技术有限公司
猎聘,计算机,计算机整机工程师,18,深圳,1-3年,大专,深圳市奥盛通科技有限公司
猎聘,计算机,计算机软件工程师,16,重庆,1年以上,统招本科,重庆赛迪奇智人工智能科技有限公司
猎聘,计算机,计算机教师,16,上海,1-3年,本科,某上海人力资源服务公司
猎聘,计算机,计算机技术员,6,北京,经验不限,大专,北京郡雅科贸有限公司
猎聘,计算机,计算机科学老师 (Computer Science),10,广州,经验不限,本科,广州引力科技有限公司
猎聘,计算机,AIDD计算机辅助药物研发,15,成都,1-3年,硕士,成都先导药物开发股份有限公司
猎聘,计算机,计算机审计,14,北京,1-5年,本科,容诚会计师事务所(特殊普通合伙)
猎聘,计算机,计算机专业课教师,6,重庆,3-5年,本科,重庆北方影视传媒(集团)有限公司
猎聘,计算机,发财务,7,重庆,经验不限,本科,重庆修修客电子产品有限公司
猎聘,计算机,业务助理,650,北京,不限,大专,上海茫讯商务咨询中心
猎聘,计算机,平面设计,8,广州,经验不限,学历不限,北京浣宇科技有限公司
猎聘,计算机,财务审计助理不加班,6,上海,1-3年,大专,温州市讯和电脑科技有限公司
前程无忧,计算机,AI算法工程师（推理优化方向）,32500,北京,5年及以上,硕士,前锦网络信息技术（上海）
前程无忧,计算机,大数据工程师,13500,北京,10年及以上,本科,北京金电恒通科技
前程无忧,计算机,专利代理人（电学/通信/计算机/机械）,7000,北京,3-4年,本科,北京国昊天诚知识产权代理
前程无忧,计算机,高薪六险一金考研408计算机教研员,25000,北京,无需经验,硕士,新东方
前程无忧,计算机,计算机信息技术教师,8000,北京,1年及以上,本科,北京交通大学附属中学分校
前程无忧,计算机,销售助理（计算机相关专业）,6000,北京,2年及以上,本科,伟翔联合环保科技发展（北京）
前程无忧,计算机,计算机辅助药物设计总监,30000,北京,3年及以上,硕士,北京拓领博泰生物科技
前程无忧,计算机,计算机信息化岗,8500,北京,5年及以上,本科,北京国医械华光认证
前程无忧,计算机,计算机视觉算法工程师,27500,北京,3年及以上,硕士,德利九州物流自动化系统（北京）
前程无忧,计算机,计算机视觉算法（文字、人脸、音视频）,45000,北京,3年及以上,硕士,湖北微模式科技发展
前程无忧,计算机,计算机类 英文学术期刊助理编辑,22500,北京,无需经验,硕士,曼迪匹艾（北京）科技服务
前程无忧,计算机,系统架构师兼项目经理IT Architect&Project Manager,15500,北京,10年及以上,本科,北京金电恒通科技
前程无忧,计算机,JAVA中高级软件工程师,9000,北京,3年及以上,本科,北京金电恒通科技
前程无忧,计算机,Java后端开发工程师,15000,北京,3年及以上,本科,中海成（北京）技术
前程无忧,计算机,计算机视觉工程师,22500,北京,1年及以上,本科,北京舜天汇智科技
前程无忧,计算机,计算机化验证负责人(J10234),8000,北京,1年及以上,本科,北京昭衍新药研究中心
前程无忧,计算机,实习监理员生（土建、机电、通信、计算机等专业）,3000,北京,无需经验,大专,北京市驰跃翔管理咨询
前程无忧,计算机,软件工厂产品经理,25000,北京,5年及以上,本科,前锦网络信息技术（上海）
前程无忧,计算机,前端研发工程师,14000,北京,3年及以上,本科,北京金电恒通科技
前程无忧,计算机,云计算工程师,325000,北京,5年及以上,硕士,前锦网络信息技术（上海）
前程无忧,计算机,AI算法工程师（推理优化方向）,32500,北京,5年及以上,硕士,前锦网络信息技术（上海）
前程无忧,计算机,专利代理人（电学/通信/计算机/机械）,7000,北京,3-4年,本科,北京国昊天诚知识产权代理
前程无忧,计算机,计算机视觉算法（文字、人脸、音视频）,45000,北京,3年及以上,硕士,湖北微模式科技发展
前程无忧,计算机,计算机视觉算法工程师,27500,北京,3年及以上,硕士,德利九州物流自动化系统（北京）
前程无忧,计算机,计算机信息化岗,8500,北京,5年及以上,本科,北京国医械华光认证
前程无忧,计算机,计算机视觉工程师,22500,北京,1年及以上,本科,北京舜天汇智科技
前程无忧,计算机,计算机信息技术教师,8000,北京,1年及以上,本科,北京交通大学附属中学分校
前程无忧,计算机,计算机化验证负责人(J10234),8000,北京,1年及以上,本科,北京昭衍新药研究中心
前程无忧,计算机,系统架构师兼项目经理IT Architect&Project Manager,15500,北京,10年及以上,本科,北京金电恒通科技
前程无忧,计算机,实习监理员生（土建、机电、通信、计算机等专业）,3000,北京,无需经验,大专,北京市驰跃翔管理咨询
前程无忧,计算机,销售助理（计算机相关专业）,6000,北京,2年及以上,本科,伟翔联合环保科技发展（北京）
前程无忧,计算机,计算机辅助药物设计总监,30000,北京,3年及以上,硕士,北京拓领博泰生物科技
前程无忧,计算机,高薪六险一金考研408计算机教研员,25000,北京,无需经验,硕士,新东方
前程无忧,计算机,计算机类 英文学术期刊助理编辑,22500,北京,无需经验,硕士,曼迪匹艾（北京）科技服务
前程无忧,计算机,Java后端开发工程师,15000,北京,3年及以上,本科,中海成（北京）技术
前程无忧,计算机,JAVA中高级软件工程师,9000,北京,3年及以上,本科,北京金电恒通科技
前程无忧,计算机,软件工厂产品经理,25000,北京,5年及以上,本科,前锦网络信息技术（上海）
前程无忧,计算机,前端研发工程师,14000,北京,3年及以上,本科,北京金电恒通科技
前程无忧,计算机,大数据工程师,13500,北京,10年及以上,本科,北京金电恒通科技
前程无忧,计算机,it运维工程师,7000,北京,1年及以上,大专,上海普炳软件科技
前程无忧,计算机,AI算法工程师（推理优化方向）,32500,北京,5年及以上,硕士,前锦网络信息技术（上海）
前程无忧,计算机,专利代理人（电学/通信/计算机/机械）,7000,北京,3-4年,本科,北京国昊天诚知识产权代理
前程无忧,计算机,计算机视觉算法（文字、人脸、音视频）,45000,北京,3年及以上,硕士,湖北微模式科技发展
前程无忧,计算机,计算机视觉算法工程师,27500,北京,3年及以上,硕士,德利九州物流自动化系统（北京）
前程无忧,计算机,计算机信息化岗,8500,北京,5年及以上,本科,北京国医械华光认证
前程无忧,计算机,计算机视觉工程师,22500,北京,1年及以上,本科,北京舜天汇智科技
前程无忧,计算机,计算机信息技术教师,8000,北京,1年及以上,本科,北京交通大学附属中学分校
前程无忧,计算机,计算机化验证负责人(J10234),8000,北京,1年及以上,本科,北京昭衍新药研究中心
前程无忧,计算机,系统架构师兼项目经理IT Architect&Project Manager,15500,北京,10年及以上,本科,北京金电恒通科技
前程无忧,计算机,实习监理员生（土建、机电、通信、计算机等专业）,3000,北京,无需经验,大专,北京市驰跃翔管理咨询
前程无忧,计算机,销售助理（计算机相关专业）,6000,北京,2年及以上,本科,伟翔联合环保科技发展（北京）
前程无忧,计算机,计算机辅助药物设计总监,30000,北京,3年及以上,硕士,北京拓领博泰生物科技
前程无忧,计算机,高薪六险一金考研408计算机教研员,25000,北京,无需经验,硕士,新东方
前程无忧,计算机,计算机类 英文学术期刊助理编辑,22500,北京,无需经验,硕士,曼迪匹艾（北京）科技服务
前程无忧,计算机,Java后端开发工程师,15000,北京,3年及以上,本科,中海成（北京）技术
前程无忧,计算机,JAVA中高级软件工程师,9000,北京,3年及以上,本科,北京金电恒通科技
前程无忧,计算机,软件工厂产品经理,25000,北京,5年及以上,本科,前锦网络信息技术（上海）
前程无忧,计算机,前端研发工程师,14000,北京,3年及以上,本科,北京金电恒通科技
前程无忧,计算机,大数据工程师,13500,北京,10年及以上,本科,北京金电恒通科技
前程无忧,计算机,it运维工程师,7000,北京,1年及以上,大专,上海普炳软件科技
前程无忧,计算机,it运维工程师,7000,北京,1年及以上,大专,上海普炳软件科技
前程无忧,计算机,大数据工程师,13500,北京,10年及以上,本科,北京金电恒通科技
前程无忧,计算机,计算机信息化岗,8500,北京,5年及以上,本科,北京国医械华光认证
前程无忧,计算机,销售助理（计算机相关专业）,6000,北京,2年及以上,本科,伟翔联合环保科技发展（北京）
前程无忧,计算机,计算机信息技术教师,8000,北京,1年及以上,本科,北京交通大学附属中学分校
前程无忧,计算机,高薪六险一金考研408计算机教研员,25000,北京,无需经验,硕士,新东方
前程无忧,计算机,专利代理人（电学/通信/计算机/机械）,7000,北京,3-4年,本科,北京国昊天诚知识产权代理
前程无忧,计算机,计算机化验证负责人(J10234),8000,北京,1年及以上,本科,北京昭衍新药研究中心
前程无忧,计算机,计算机视觉算法工程师,27500,北京,3年及以上,硕士,德利九州物流自动化系统（北京）
前程无忧,计算机,计算机视觉工程师,22500,北京,1年及以上,本科,北京舜天汇智科技
前程无忧,计算机,实习监理员生（土建、机电、通信、计算机等专业）,3000,北京,无需经验,大专,北京市驰跃翔管理咨询
前程无忧,计算机,计算机视觉算法（文字、人脸、音视频）,45000,北京,3年及以上,硕士,湖北微模式科技发展
前程无忧,计算机,系统架构师兼项目经理IT Architect&Project Manager,15500,北京,10年及以上,本科,北京金电恒通科技
前程无忧,计算机,计算机类 英文学术期刊助理编辑,22500,北京,无需经验,硕士,曼迪匹艾（北京）科技服务
前程无忧,计算机,计算机辅助药物设计总监,30000,北京,3年及以上,硕士,北京拓领博泰生物科技
前程无忧,计算机,JAVA中高级软件工程师,9000,北京,3年及以上,本科,北京金电恒通科技
前程无忧,计算机,Java后端开发工程师,15000,北京,3年及以上,本科,中海成（北京）技术
前程无忧,计算机,软件工厂产品经理,25000,北京,5年及以上,本科,前锦网络信息技术（上海）
前程无忧,计算机,前端研发工程师,14000,北京,3年及以上,本科,北京金电恒通科技
前程无忧,计算机,智能体助手开发实习生,200,北京,无需经验,本科,日立（中国）
前程无忧,计算机,AI算法工程师（推理优化方向）,32500,北京,5年及以上,硕士,前锦网络信息技术（上海）
前程无忧,计算机,大数据工程师,13500,北京,10年及以上,本科,北京金电恒通科技
前程无忧,计算机,专利代理人（电学/通信/计算机/机械）,7000,北京,3-4年,本科,北京国昊天诚知识产权代理
前程无忧,计算机,高薪六险一金考研408计算机教研员,25000,北京,无需经验,硕士,新东方
前程无忧,计算机,计算机信息技术教师,8000,北京,1年及以上,本科,北京交通大学附属中学分校
前程无忧,计算机,销售助理（计算机相关专业）,6000,北京,2年及以上,本科,伟翔联合环保科技发展（北京）
前程无忧,计算机,计算机辅助药物设计总监,30000,北京,3年及以上,硕士,北京拓领博泰生物科技
前程无忧,计算机,计算机信息化岗,8500,北京,5年及以上,本科,北京国医械华光认证
前程无忧,计算机,计算机视觉算法工程师,27500,北京,3年及以上,硕士,德利九州物流自动化系统（北京）
前程无忧,计算机,计算机视觉算法（文字、人脸、音视频）,45000,北京,3年及以上,硕士,湖北微模式科技发展
前程无忧,计算机,计算机类 英文学术期刊助理编辑,22500,北京,无需经验,硕士,曼迪匹艾（北京）科技服务
前程无忧,计算机,系统架构师兼项目经理IT Architect&Project Manager,15500,北京,10年及以上,本科,北京金电恒通科技
前程无忧,计算机,JAVA中高级软件工程师,9000,北京,3年及以上,本科,北京金电恒通科技
前程无忧,计算机,Java后端开发工程师,15000,北京,3年及以上,本科,中海成（北京）技术
前程无忧,计算机,计算机视觉工程师,22500,北京,1年及以上,本科,北京舜天汇智科技
前程无忧,计算机,计算机化验证负责人(J10234),8000,北京,1年及以上,本科,北京昭衍新药研究中心
前程无忧,计算机,实习监理员生（土建、机电、通信、计算机等专业）,3000,北京,无需经验,大专,北京市驰跃翔管理咨询
前程无忧,计算机,软件工厂产品经理,25000,北京,5年及以上,本科,前锦网络信息技术（上海）
前程无忧,计算机,前端研发工程师,14000,北京,3年及以上,本科,北京金电恒通科技
前程无忧,计算机,云计算工程师,325000,北京,5年及以上,硕士,前锦网络信息技术（上海）
前程无忧,计算机,AI算法工程师（推理优化方向）,32500,北京,5年及以上,硕士,前锦网络信息技术（上海）
前程无忧,计算机,大数据工程师,13500,北京,10年及以上,本科,北京金电恒通科技
前程无忧,计算机,专利代理人（电学/通信/计算机/机械）,7000,北京,3-4年,本科,北京国昊天诚知识产权代理
前程无忧,计算机,高薪六险一金考研408计算机教研员,25000,北京,无需经验,硕士,新东方
前程无忧,计算机,计算机信息技术教师,8000,北京,1年及以上,本科,北京交通大学附属中学分校
前程无忧,计算机,销售助理（计算机相关专业）,6000,北京,2年及以上,本科,伟翔联合环保科技发展（北京）
前程无忧,计算机,计算机辅助药物设计总监,30000,北京,3年及以上,硕士,北京拓领博泰生物科技
前程无忧,计算机,计算机信息化岗,8500,北京,5年及以上,本科,北京国医械华光认证
前程无忧,计算机,计算机视觉算法工程师,27500,北京,3年及以上,硕士,德利九州物流自动化系统（北京）
前程无忧,计算机,计算机视觉算法（文字、人脸、音视频）,45000,北京,3年及以上,硕士,湖北微模式科技发展
前程无忧,计算机,计算机类 英文学术期刊助理编辑,22500,北京,无需经验,硕士,曼迪匹艾（北京）科技服务
前程无忧,计算机,系统架构师兼项目经理IT Architect&Project Manager,15500,北京,10年及以上,本科,北京金电恒通科技
前程无忧,计算机,JAVA中高级软件工程师,9000,北京,3年及以上,本科,北京金电恒通科技
前程无忧,计算机,Java后端开发工程师,15000,北京,3年及以上,本科,中海成（北京）技术
前程无忧,计算机,计算机视觉工程师,22500,北京,1年及以上,本科,北京舜天汇智科技
前程无忧,计算机,计算机化验证负责人(J10234),8000,北京,1年及以上,本科,北京昭衍新药研究中心
前程无忧,计算机,实习监理员生（土建、机电、通信、计算机等专业）,3000,北京,无需经验,大专,北京市驰跃翔管理咨询
前程无忧,计算机,软件工厂产品经理,25000,北京,5年及以上,本科,前锦网络信息技术（上海）
前程无忧,计算机,前端研发工程师,14000,北京,3年及以上,本科,北京金电恒通科技
前程无忧,计算机,云计算工程师,325000,北京,5年及以上,硕士,前锦网络信息技术（上海）
前程无忧,计算机,AI算法工程师（推理优化方向）,32500,北京,5年及以上,硕士,前锦网络信息技术（上海）
前程无忧,计算机,大数据工程师,13500,北京,10年及以上,本科,北京金电恒通科技
前程无忧,计算机,专利代理人（电学/通信/计算机/机械）,7000,北京,3-4年,本科,北京国昊天诚知识产权代理
前程无忧,计算机,高薪六险一金考研408计算机教研员,25000,北京,无需经验,硕士,新东方
前程无忧,计算机,计算机信息技术教师,8000,北京,1年及以上,本科,北京交通大学附属中学分校
前程无忧,计算机,销售助理（计算机相关专业）,6000,北京,2年及以上,本科,伟翔联合环保科技发展（北京）
前程无忧,计算机,计算机辅助药物设计总监,30000,北京,3年及以上,硕士,北京拓领博泰生物科技
前程无忧,计算机,计算机信息化岗,8500,北京,5年及以上,本科,北京国医械华光认证
前程无忧,计算机,计算机视觉算法工程师,27500,北京,3年及以上,硕士,德利九州物流自动化系统（北京）
前程无忧,计算机,计算机视觉算法（文字、人脸、音视频）,45000,北京,3年及以上,硕士,湖北微模式科技发展
前程无忧,计算机,计算机类 英文学术期刊助理编辑,22500,北京,无需经验,硕士,曼迪匹艾（北京）科技服务
前程无忧,计算机,系统架构师兼项目经理IT Architect&Project Manager,15500,北京,10年及以上,本科,北京金电恒通科技
前程无忧,计算机,JAVA中高级软件工程师,9000,北京,3年及以上,本科,北京金电恒通科技
前程无忧,计算机,Java后端开发工程师,15000,北京,3年及以上,本科,中海成（北京）技术
前程无忧,计算机,计算机视觉工程师,22500,北京,1年及以上,本科,北京舜天汇智科技
前程无忧,计算机,计算机化验证负责人(J10234),8000,北京,1年及以上,本科,北京昭衍新药研究中心
前程无忧,计算机,实习监理员生（土建、机电、通信、计算机等专业）,3000,北京,无需经验,大专,北京市驰跃翔管理咨询
前程无忧,计算机,软件工厂产品经理,25000,北京,5年及以上,本科,前锦网络信息技术（上海）
前程无忧,计算机,前端研发工程师,14000,北京,3年及以上,本科,北京金电恒通科技
前程无忧,计算机,云计算工程师,325000,北京,5年及以上,硕士,前锦网络信息技术（上海）
前程无忧,计算机,AI算法工程师（推理优化方向）,32500,北京,5年及以上,硕士,前锦网络信息技术（上海）
前程无忧,计算机,专利代理人（电学/通信/计算机/机械）,7000,北京,3-4年,本科,北京国昊天诚知识产权代理
前程无忧,计算机,计算机视觉算法（文字、人脸、音视频）,45000,北京,3年及以上,硕士,湖北微模式科技发展
前程无忧,计算机,计算机视觉算法工程师,27500,北京,3年及以上,硕士,德利九州物流自动化系统（北京）
前程无忧,计算机,计算机信息化岗,8500,北京,5年及以上,本科,北京国医械华光认证
前程无忧,计算机,计算机视觉工程师,22500,北京,1年及以上,本科,北京舜天汇智科技
前程无忧,计算机,计算机信息技术教师,8000,北京,1年及以上,本科,北京交通大学附属中学分校
前程无忧,计算机,计算机化验证负责人(J10234),8000,北京,1年及以上,本科,北京昭衍新药研究中心
前程无忧,计算机,系统架构师兼项目经理IT Architect&Project Manager,15500,北京,10年及以上,本科,北京金电恒通科技
前程无忧,计算机,实习监理员生（土建、机电、通信、计算机等专业）,3000,北京,无需经验,大专,北京市驰跃翔管理咨询
前程无忧,计算机,销售助理（计算机相关专业）,6000,北京,2年及以上,本科,伟翔联合环保科技发展（北京）
前程无忧,计算机,计算机辅助药物设计总监,30000,北京,3年及以上,硕士,北京拓领博泰生物科技
前程无忧,计算机,高薪六险一金考研408计算机教研员,25000,北京,无需经验,硕士,新东方
前程无忧,计算机,计算机类 英文学术期刊助理编辑,22500,北京,无需经验,硕士,曼迪匹艾（北京）科技服务
前程无忧,计算机,Java后端开发工程师,15000,北京,3年及以上,本科,中海成（北京）技术
前程无忧,计算机,JAVA中高级软件工程师,9000,北京,3年及以上,本科,北京金电恒通科技
前程无忧,计算机,软件工厂产品经理,25000,北京,5年及以上,本科,前锦网络信息技术（上海）
前程无忧,计算机,前端研发工程师,14000,北京,3年及以上,本科,北京金电恒通科技
前程无忧,计算机,大数据工程师,13500,北京,10年及以上,本科,北京金电恒通科技
前程无忧,计算机,it运维工程师,7000,北京,1年及以上,大专,上海普炳软件科技
前程无忧,计算机,it运维工程师,7000,北京,1年及以上,大专,上海普炳软件科技
前程无忧,计算机,大数据工程师,13500,北京,10年及以上,本科,北京金电恒通科技
前程无忧,计算机,计算机信息化岗,8500,北京,5年及以上,本科,北京国医械华光认证
前程无忧,计算机,销售助理（计算机相关专业）,6000,北京,2年及以上,本科,伟翔联合环保科技发展（北京）
前程无忧,计算机,计算机信息技术教师,8000,北京,1年及以上,本科,北京交通大学附属中学分校
前程无忧,计算机,高薪六险一金考研408计算机教研员,25000,北京,无需经验,硕士,新东方
前程无忧,计算机,专利代理人（电学/通信/计算机/机械）,7000,北京,3-4年,本科,北京国昊天诚知识产权代理
前程无忧,计算机,计算机化验证负责人(J10234),8000,北京,1年及以上,本科,北京昭衍新药研究中心
前程无忧,计算机,计算机视觉算法工程师,27500,北京,3年及以上,硕士,德利九州物流自动化系统（北京）
前程无忧,计算机,计算机视觉工程师,22500,北京,1年及以上,本科,北京舜天汇智科技
前程无忧,计算机,实习监理员生（土建、机电、通信、计算机等专业）,3000,北京,无需经验,大专,北京市驰跃翔管理咨询
前程无忧,计算机,计算机视觉算法（文字、人脸、音视频）,45000,北京,3年及以上,硕士,湖北微模式科技发展
前程无忧,计算机,系统架构师兼项目经理IT Architect&Project Manager,15500,北京,10年及以上,本科,北京金电恒通科技
前程无忧,计算机,计算机类 英文学术期刊助理编辑,22500,北京,无需经验,硕士,曼迪匹艾（北京）科技服务
前程无忧,计算机,计算机辅助药物设计总监,30000,北京,3年及以上,硕士,北京拓领博泰生物科技
前程无忧,计算机,JAVA中高级软件工程师,9000,北京,3年及以上,本科,北京金电恒通科技
前程无忧,计算机,Java后端开发工程师,15000,北京,3年及以上,本科,中海成（北京）技术
前程无忧,计算机,软件工厂产品经理,25000,北京,5年及以上,本科,前锦网络信息技术（上海）
前程无忧,计算机,前端研发工程师,14000,北京,3年及以上,本科,北京金电恒通科技
前程无忧,计算机,智能体助手开发实习生,200,北京,无需经验,本科,日立（中国）
前程无忧,计算机,AI算法工程师（推理优化方向）,32500,北京,5年及以上,硕士,前锦网络信息技术（上海）
前程无忧,计算机,大数据工程师,13500,北京,10年及以上,本科,北京金电恒通科技
前程无忧,计算机,专利代理人（电学/通信/计算机/机械）,7000,北京,3-4年,本科,北京国昊天诚知识产权代理
前程无忧,计算机,高薪六险一金考研408计算机教研员,25000,北京,无需经验,硕士,新东方
前程无忧,计算机,计算机信息技术教师,8000,北京,1年及以上,本科,北京交通大学附属中学分校
前程无忧,计算机,销售助理（计算机相关专业）,6000,北京,2年及以上,本科,伟翔联合环保科技发展（北京）
前程无忧,计算机,计算机辅助药物设计总监,30000,北京,3年及以上,硕士,北京拓领博泰生物科技
前程无忧,计算机,计算机信息化岗,8500,北京,5年及以上,本科,北京国医械华光认证
前程无忧,计算机,计算机视觉算法工程师,27500,北京,3年及以上,硕士,德利九州物流自动化系统（北京）
前程无忧,计算机,计算机视觉算法（文字、人脸、音视频）,45000,北京,3年及以上,硕士,湖北微模式科技发展
前程无忧,计算机,计算机类 英文学术期刊助理编辑,22500,北京,无需经验,硕士,曼迪匹艾（北京）科技服务
前程无忧,计算机,系统架构师兼项目经理IT Architect&Project Manager,15500,北京,10年及以上,本科,北京金电恒通科技
前程无忧,计算机,JAVA中高级软件工程师,9000,北京,3年及以上,本科,北京金电恒通科技
前程无忧,计算机,Java后端开发工程师,15000,北京,3年及以上,本科,中海成（北京）技术
前程无忧,计算机,计算机视觉工程师,22500,北京,1年及以上,本科,北京舜天汇智科技
前程无忧,计算机,计算机化验证负责人(J10234),8000,北京,1年及以上,本科,北京昭衍新药研究中心
前程无忧,计算机,实习监理员生（土建、机电、通信、计算机等专业）,3000,北京,无需经验,大专,北京市驰跃翔管理咨询
前程无忧,计算机,软件工厂产品经理,25000,北京,5年及以上,本科,前锦网络信息技术（上海）
前程无忧,计算机,前端研发工程师,14000,北京,3年及以上,本科,北京金电恒通科技
前程无忧,计算机,云计算工程师,325000,北京,5年及以上,硕士,前锦网络信息技术（上海）
前程无忧,计算机,AI算法工程师（推理优化方向）,32500,北京,5年及以上,硕士,前锦网络信息技术（上海）
前程无忧,计算机,专利代理人（电学/通信/计算机/机械）,7000,北京,3-4年,本科,北京国昊天诚知识产权代理
前程无忧,计算机,计算机视觉算法（文字、人脸、音视频）,45000,北京,3年及以上,硕士,湖北微模式科技发展
前程无忧,计算机,计算机视觉算法工程师,27500,北京,3年及以上,硕士,德利九州物流自动化系统（北京）
前程无忧,计算机,计算机信息化岗,8500,北京,5年及以上,本科,北京国医械华光认证
前程无忧,计算机,计算机视觉工程师,22500,北京,1年及以上,本科,北京舜天汇智科技
前程无忧,计算机,计算机信息技术教师,8000,北京,1年及以上,本科,北京交通大学附属中学分校
前程无忧,计算机,计算机化验证负责人(J10234),8000,北京,1年及以上,本科,北京昭衍新药研究中心
前程无忧,计算机,实习监理员生（土建、机电、通信、计算机等专业）,3000,北京,无需经验,大专,北京市驰跃翔管理咨询
前程无忧,计算机,系统架构师兼项目经理IT Architect&Project Manager,15500,北京,10年及以上,本科,北京金电恒通科技
前程无忧,计算机,销售助理（计算机相关专业）,6000,北京,2年及以上,本科,伟翔联合环保科技发展（北京）
前程无忧,计算机,计算机辅助药物设计总监,30000,北京,3年及以上,硕士,北京拓领博泰生物科技
前程无忧,计算机,高薪六险一金考研408计算机教研员,25000,北京,无需经验,硕士,新东方
前程无忧,计算机,计算机类 英文学术期刊助理编辑,22500,北京,无需经验,硕士,曼迪匹艾（北京）科技服务
前程无忧,计算机,Java后端开发工程师,15000,北京,3年及以上,本科,中海成（北京）技术
前程无忧,计算机,JAVA中高级软件工程师,9000,北京,3年及以上,本科,北京金电恒通科技
前程无忧,计算机,软件工厂产品经理,25000,北京,5年及以上,本科,前锦网络信息技术（上海）
前程无忧,计算机,前端研发工程师,14000,北京,3年及以上,本科,北京金电恒通科技
前程无忧,计算机,大数据工程师,13500,北京,10年及以上,本科,北京金电恒通科技
前程无忧,计算机,it运维工程师,7000,北京,1年及以上,大专,上海普炳软件科技
前程无忧,计算机,AI算法工程师（推理优化方向）,32500,北京,5年及以上,硕士,前锦网络信息技术（上海）
前程无忧,计算机,专利代理人（电学/通信/计算机/机械）,7000,北京,3-4年,本科,北京国昊天诚知识产权代理
前程无忧,计算机,计算机视觉算法（文字、人脸、音视频）,45000,北京,3年及以上,硕士,湖北微模式科技发展
前程无忧,计算机,计算机视觉算法工程师,27500,北京,3年及以上,硕士,德利九州物流自动化系统（北京）
前程无忧,计算机,计算机信息化岗,8500,北京,5年及以上,本科,北京国医械华光认证
前程无忧,计算机,计算机视觉工程师,22500,北京,1年及以上,本科,北京舜天汇智科技
前程无忧,计算机,计算机信息技术教师,8000,北京,1年及以上,本科,北京交通大学附属中学分校
前程无忧,计算机,计算机化验证负责人(J10234),8000,北京,1年及以上,本科,北京昭衍新药研究中心
前程无忧,计算机,实习监理员生（土建、机电、通信、计算机等专业）,3000,北京,无需经验,大专,北京市驰跃翔管理咨询
前程无忧,计算机,系统架构师兼项目经理IT Architect&Project Manager,15500,北京,10年及以上,本科,北京金电恒通科技
前程无忧,计算机,销售助理（计算机相关专业）,6000,北京,2年及以上,本科,伟翔联合环保科技发展（北京）
前程无忧,计算机,计算机辅助药物设计总监,30000,北京,3年及以上,硕士,北京拓领博泰生物科技
前程无忧,计算机,高薪六险一金考研408计算机教研员,25000,北京,无需经验,硕士,新东方
前程无忧,计算机,计算机类 英文学术期刊助理编辑,22500,北京,无需经验,硕士,曼迪匹艾（北京）科技服务
前程无忧,计算机,Java后端开发工程师,15000,北京,3年及以上,本科,中海成（北京）技术
前程无忧,计算机,JAVA中高级软件工程师,9000,北京,3年及以上,本科,北京金电恒通科技
前程无忧,计算机,软件工厂产品经理,25000,北京,5年及以上,本科,前锦网络信息技术（上海）
前程无忧,计算机,前端研发工程师,14000,北京,3年及以上,本科,北京金电恒通科技
前程无忧,计算机,大数据工程师,13500,北京,10年及以上,本科,北京金电恒通科技
前程无忧,计算机,it运维工程师,7000,北京,1年及以上,大专,上海普炳软件科技
前程无忧,计算机,AI算法工程师（推理优化方向）,32500,北京,5年及以上,硕士,前锦网络信息技术（上海）
前程无忧,计算机,专利代理人（电学/通信/计算机/机械）,7000,北京,3-4年,本科,北京国昊天诚知识产权代理
前程无忧,计算机,计算机视觉算法（文字、人脸、音视频）,45000,北京,3年及以上,硕士,湖北微模式科技发展
前程无忧,计算机,计算机视觉算法工程师,27500,北京,3年及以上,硕士,德利九州物流自动化系统（北京）
前程无忧,计算机,计算机信息化岗,8500,北京,5年及以上,本科,北京国医械华光认证
前程无忧,计算机,计算机视觉工程师,22500,北京,1年及以上,本科,北京舜天汇智科技
前程无忧,计算机,计算机信息技术教师,8000,北京,1年及以上,本科,北京交通大学附属中学分校
前程无忧,计算机,计算机化验证负责人(J10234),8000,北京,1年及以上,本科,北京昭衍新药研究中心
前程无忧,计算机,实习监理员生（土建、机电、通信、计算机等专业）,3000,北京,无需经验,大专,北京市驰跃翔管理咨询
前程无忧,计算机,系统架构师兼项目经理IT Architect&Project Manager,15500,北京,10年及以上,本科,北京金电恒通科技
前程无忧,计算机,销售助理（计算机相关专业）,6000,北京,2年及以上,本科,伟翔联合环保科技发展（北京）
前程无忧,计算机,计算机辅助药物设计总监,30000,北京,3年及以上,硕士,北京拓领博泰生物科技
前程无忧,计算机,高薪六险一金考研408计算机教研员,25000,北京,无需经验,硕士,新东方
前程无忧,计算机,计算机类 英文学术期刊助理编辑,22500,北京,无需经验,硕士,曼迪匹艾（北京）科技服务
前程无忧,计算机,Java后端开发工程师,15000,北京,3年及以上,本科,中海成（北京）技术
前程无忧,计算机,JAVA中高级软件工程师,9000,北京,3年及以上,本科,北京金电恒通科技
前程无忧,计算机,软件工厂产品经理,25000,北京,5年及以上,本科,前锦网络信息技术（上海）
前程无忧,计算机,前端研发工程师,14000,北京,3年及以上,本科,北京金电恒通科技
前程无忧,计算机,大数据工程师,13500,北京,10年及以上,本科,北京金电恒通科技
前程无忧,计算机,it运维工程师,7000,北京,1年及以上,大专,上海普炳软件科技
前程无忧,计算机,AI算法工程师（推理优化方向）,32500,北京,5年及以上,硕士,前锦网络信息技术（上海）
前程无忧,计算机,大数据工程师,13500,北京,10年及以上,本科,北京金电恒通科技
前程无忧,计算机,专利代理人（电学/通信/计算机/机械）,7000,北京,3-4年,本科,北京国昊天诚知识产权代理
前程无忧,计算机,高薪六险一金考研408计算机教研员,25000,北京,无需经验,硕士,新东方
前程无忧,计算机,计算机信息技术教师,8000,北京,1年及以上,本科,北京交通大学附属中学分校
前程无忧,计算机,销售助理（计算机相关专业）,6000,北京,2年及以上,本科,伟翔联合环保科技发展（北京）
前程无忧,计算机,计算机辅助药物设计总监,30000,北京,3年及以上,硕士,北京拓领博泰生物科技
前程无忧,计算机,计算机信息化岗,8500,北京,5年及以上,本科,北京国医械华光认证
前程无忧,计算机,计算机视觉算法工程师,27500,北京,3年及以上,硕士,德利九州物流自动化系统（北京）
前程无忧,计算机,计算机视觉算法（文字、人脸、音视频）,45000,北京,3年及以上,硕士,湖北微模式科技发展
前程无忧,计算机,计算机类 英文学术期刊助理编辑,22500,北京,无需经验,硕士,曼迪匹艾（北京）科技服务
前程无忧,计算机,系统架构师兼项目经理IT Architect&Project Manager,15500,北京,10年及以上,本科,北京金电恒通科技
前程无忧,计算机,JAVA中高级软件工程师,9000,北京,3年及以上,本科,北京金电恒通科技
前程无忧,计算机,Java后端开发工程师,15000,北京,3年及以上,本科,中海成（北京）技术
前程无忧,计算机,计算机视觉工程师,22500,北京,1年及以上,本科,北京舜天汇智科技
前程无忧,计算机,计算机化验证负责人(J10234),8000,北京,1年及以上,本科,北京昭衍新药研究中心
前程无忧,计算机,实习监理员生（土建、机电、通信、计算机等专业）,3000,北京,无需经验,大专,北京市驰跃翔管理咨询
前程无忧,计算机,软件工厂产品经理,25000,北京,5年及以上,本科,前锦网络信息技术（上海）
前程无忧,计算机,前端研发工程师,14000,北京,3年及以上,本科,北京金电恒通科技
前程无忧,计算机,云计算工程师,325000,北京,5年及以上,硕士,前锦网络信息技术（上海）
前程无忧,计算机,AI算法工程师（推理优化方向）,32500,北京,5年及以上,硕士,前锦网络信息技术（上海）
前程无忧,计算机,专利代理人（电学/通信/计算机/机械）,7000,北京,3-4年,本科,北京国昊天诚知识产权代理
前程无忧,计算机,计算机视觉算法（文字、人脸、音视频）,45000,北京,3年及以上,硕士,湖北微模式科技发展
前程无忧,计算机,计算机视觉算法工程师,27500,北京,3年及以上,硕士,德利九州物流自动化系统（北京）
前程无忧,计算机,计算机信息化岗,8500,北京,5年及以上,本科,北京国医械华光认证
前程无忧,计算机,计算机视觉工程师,22500,北京,1年及以上,本科,北京舜天汇智科技
前程无忧,计算机,计算机信息技术教师,8000,北京,1年及以上,本科,北京交通大学附属中学分校
前程无忧,计算机,计算机化验证负责人(J10234),8000,北京,1年及以上,本科,北京昭衍新药研究中心
前程无忧,计算机,实习监理员生（土建、机电、通信、计算机等专业）,3000,北京,无需经验,大专,北京市驰跃翔管理咨询
前程无忧,计算机,系统架构师兼项目经理IT Architect&Project Manager,15500,北京,10年及以上,本科,北京金电恒通科技
前程无忧,计算机,销售助理（计算机相关专业）,6000,北京,2年及以上,本科,伟翔联合环保科技发展（北京）
前程无忧,计算机,计算机辅助药物设计总监,30000,北京,3年及以上,硕士,北京拓领博泰生物科技
前程无忧,计算机,高薪六险一金考研408计算机教研员,25000,北京,无需经验,硕士,新东方
前程无忧,计算机,计算机类 英文学术期刊助理编辑,22500,北京,无需经验,硕士,曼迪匹艾（北京）科技服务
前程无忧,计算机,Java后端开发工程师,15000,北京,3年及以上,本科,中海成（北京）技术
前程无忧,计算机,JAVA中高级软件工程师,9000,北京,3年及以上,本科,北京金电恒通科技
前程无忧,计算机,软件工厂产品经理,25000,北京,5年及以上,本科,前锦网络信息技术（上海）
前程无忧,计算机,前端研发工程师,14000,北京,3年及以上,本科,北京金电恒通科技
前程无忧,计算机,大数据工程师,13500,北京,10年及以上,本科,北京金电恒通科技
前程无忧,计算机,it运维工程师,7000,北京,1年及以上,大专,上海普炳软件科技
前程无忧,计算机,AI算法工程师（推理优化方向）,32500,北京,5年及以上,硕士,前锦网络信息技术（上海）
前程无忧,计算机,大数据工程师,13500,北京,10年及以上,本科,北京金电恒通科技
前程无忧,计算机,专利代理人（电学/通信/计算机/机械）,7000,北京,3-4年,本科,北京国昊天诚知识产权代理
前程无忧,计算机,高薪六险一金考研408计算机教研员,25000,北京,无需经验,硕士,新东方
前程无忧,计算机,计算机信息技术教师,8000,北京,1年及以上,本科,北京交通大学附属中学分校
前程无忧,计算机,销售助理（计算机相关专业）,6000,北京,2年及以上,本科,伟翔联合环保科技发展（北京）
前程无忧,计算机,计算机辅助药物设计总监,30000,北京,3年及以上,硕士,北京拓领博泰生物科技
前程无忧,计算机,计算机信息化岗,8500,北京,5年及以上,本科,北京国医械华光认证
前程无忧,计算机,计算机视觉算法工程师,27500,北京,3年及以上,硕士,德利九州物流自动化系统（北京）
前程无忧,计算机,计算机视觉算法（文字、人脸、音视频）,45000,北京,3年及以上,硕士,湖北微模式科技发展
前程无忧,计算机,计算机类 英文学术期刊助理编辑,22500,北京,无需经验,硕士,曼迪匹艾（北京）科技服务
前程无忧,计算机,系统架构师兼项目经理IT Architect&Project Manager,15500,北京,10年及以上,本科,北京金电恒通科技
前程无忧,计算机,JAVA中高级软件工程师,9000,北京,3年及以上,本科,北京金电恒通科技
前程无忧,计算机,Java后端开发工程师,15000,北京,3年及以上,本科,中海成（北京）技术
前程无忧,计算机,计算机视觉工程师,22500,北京,1年及以上,本科,北京舜天汇智科技
前程无忧,计算机,计算机化验证负责人(J10234),8000,北京,1年及以上,本科,北京昭衍新药研究中心
前程无忧,计算机,实习监理员生（土建、机电、通信、计算机等专业）,3000,北京,无需经验,大专,北京市驰跃翔管理咨询
前程无忧,计算机,软件工厂产品经理,25000,北京,5年及以上,本科,前锦网络信息技术（上海）
前程无忧,计算机,前端研发工程师,14000,北京,3年及以上,本科,北京金电恒通科技
前程无忧,计算机,云计算工程师,325000,北京,5年及以上,硕士,前锦网络信息技术（上海）
前程无忧,计算机,it运维工程师,7000,北京,1年及以上,大专,上海普炳软件科技
前程无忧,计算机,大数据工程师,13500,北京,10年及以上,本科,北京金电恒通科技
前程无忧,计算机,计算机信息化岗,8500,北京,5年及以上,本科,北京国医械华光认证
前程无忧,计算机,销售助理（计算机相关专业）,6000,北京,2年及以上,本科,伟翔联合环保科技发展（北京）
前程无忧,计算机,计算机信息技术教师,8000,北京,1年及以上,本科,北京交通大学附属中学分校
前程无忧,计算机,高薪六险一金考研408计算机教研员,25000,北京,无需经验,硕士,新东方
前程无忧,计算机,专利代理人（电学/通信/计算机/机械）,7000,北京,3-4年,本科,北京国昊天诚知识产权代理
前程无忧,计算机,计算机化验证负责人(J10234),8000,北京,1年及以上,本科,北京昭衍新药研究中心
前程无忧,计算机,计算机视觉算法工程师,27500,北京,3年及以上,硕士,德利九州物流自动化系统（北京）
前程无忧,计算机,计算机视觉工程师,22500,北京,1年及以上,本科,北京舜天汇智科技
前程无忧,计算机,实习监理员生（土建、机电、通信、计算机等专业）,3000,北京,无需经验,大专,北京市驰跃翔管理咨询
前程无忧,计算机,计算机视觉算法（文字、人脸、音视频）,45000,北京,3年及以上,硕士,湖北微模式科技发展
前程无忧,计算机,系统架构师兼项目经理IT Architect&Project Manager,15500,北京,10年及以上,本科,北京金电恒通科技
前程无忧,计算机,计算机类 英文学术期刊助理编辑,22500,北京,无需经验,硕士,曼迪匹艾（北京）科技服务
前程无忧,计算机,计算机辅助药物设计总监,30000,北京,3年及以上,硕士,北京拓领博泰生物科技
前程无忧,计算机,JAVA中高级软件工程师,9000,北京,3年及以上,本科,北京金电恒通科技
前程无忧,计算机,Java后端开发工程师,15000,北京,3年及以上,本科,中海成（北京）技术
前程无忧,计算机,软件工厂产品经理,25000,北京,5年及以上,本科,前锦网络信息技术（上海）
前程无忧,计算机,前端研发工程师,14000,北京,3年及以上,本科,北京金电恒通科技
前程无忧,计算机,智能体助手开发实习生,200,北京,无需经验,本科,日立（中国）
前程无忧,计算机,AI算法工程师（推理优化方向）,32500,北京,5年及以上,硕士,前锦网络信息技术（上海）
前程无忧,计算机,专利代理人（电学/通信/计算机/机械）,7000,北京,3-4年,本科,北京国昊天诚知识产权代理
前程无忧,计算机,计算机视觉算法（文字、人脸、音视频）,45000,北京,3年及以上,硕士,湖北微模式科技发展
前程无忧,计算机,计算机视觉算法工程师,27500,北京,3年及以上,硕士,德利九州物流自动化系统（北京）
前程无忧,计算机,计算机信息化岗,8500,北京,5年及以上,本科,北京国医械华光认证
前程无忧,计算机,计算机视觉工程师,22500,北京,1年及以上,本科,北京舜天汇智科技
前程无忧,计算机,计算机信息技术教师,8000,北京,1年及以上,本科,北京交通大学附属中学分校
前程无忧,计算机,计算机化验证负责人(J10234),8000,北京,1年及以上,本科,北京昭衍新药研究中心
前程无忧,计算机,实习监理员生（土建、机电、通信、计算机等专业）,3000,北京,无需经验,大专,北京市驰跃翔管理咨询
前程无忧,计算机,系统架构师兼项目经理IT Architect&Project Manager,15500,北京,10年及以上,本科,北京金电恒通科技
前程无忧,计算机,销售助理（计算机相关专业）,6000,北京,2年及以上,本科,伟翔联合环保科技发展（北京）
前程无忧,计算机,计算机辅助药物设计总监,30000,北京,3年及以上,硕士,北京拓领博泰生物科技
前程无忧,计算机,高薪六险一金考研408计算机教研员,25000,北京,无需经验,硕士,新东方
前程无忧,计算机,计算机类 英文学术期刊助理编辑,22500,北京,无需经验,硕士,曼迪匹艾（北京）科技服务
前程无忧,计算机,Java后端开发工程师,15000,北京,3年及以上,本科,中海成（北京）技术
前程无忧,计算机,JAVA中高级软件工程师,9000,北京,3年及以上,本科,北京金电恒通科技
前程无忧,计算机,软件工厂产品经理,25000,北京,5年及以上,本科,前锦网络信息技术（上海）
前程无忧,计算机,前端研发工程师,14000,北京,3年及以上,本科,北京金电恒通科技
前程无忧,计算机,大数据工程师,13500,北京,10年及以上,本科,北京金电恒通科技
前程无忧,计算机,it运维工程师,7000,北京,1年及以上,大专,上海普炳软件科技
前程无忧,计算机,IT 运维工程师(J10031),8000,上海,3年及以上,本科,上海新阳半导体材料
前程无忧,计算机,信息专员（计算机/硬件维护）,8000,上海,无需经验,本科,国投沪康（上海）养老服务
前程无忧,计算机,计算机桌面运维工程师,7000,上海,2年,大专,上海港讯电子科技
前程无忧,计算机,计算机信息系统技术员,90000,上海,无需经验,本科,上海蔡同德药业
前程无忧,计算机,Linux系统开发工程师(计算机）,8000,上海,1-3年,本科,上海柏飞电子科技
前程无忧,计算机,设备工程师-计算机硬件专业,130000,上海,无需经验,大专,上海探跃半导体设备
前程无忧,计算机,分析科学计算机化系统软件数据管理方向,15000,上海,1-5年,本科,上海药明生物技术
前程无忧,计算机,科研计算机销售员,6000,上海,无需经验,大专,上海赞存信息科技
前程无忧,计算机,初级机器视觉工程师,6000,上海,1-3年,本科,上海鉴泉自动化科技
前程无忧,计算机,GPU计算机销售员,6000,上海,无需经验,本科,上海赞存信息科技
前程无忧,计算机,分析科学计算机化系统数智化管理专家 (MJ010300),14000,上海,无需经验,本科,上海药明生物技术
前程无忧,计算机,机载总体架构工程师 (MJ000104),22500,上海,1-3年,硕士,中航民机机载系统
前程无忧,计算机,Linux驱动工程师（计算机方向）,325000,上海,2年,本科,上海柏飞电子科技
前程无忧,计算机,计算机及人工智能教师,16500,上海,2年及以上,本科,上海基尔嘉禾教育科技
前程无忧,计算机,AI计算机销售员（实习生）,5000,上海,无需经验,大专,上海赞存信息科技
前程无忧,计算机,计算机测试系统设计工程师,9000,上海,6年及以上,本科,诺斯美电子技术（上海）
前程无忧,计算机,计算机信息技术/STEAM老师,225000,上海,5-7年,本科,上海浦东新区民办筑桥实验小学
前程无忧,计算机,AI计算机电话销售,6000,上海,无需经验,大专,上海赞存信息科技
前程无忧,计算机,计算机视觉实习生,250,上海,无需经验,硕士,威盛电子（上海）
前程无忧,计算机,星载计算机项目经理,17000,上海,3年及以上,本科,寰宇泛智（上海）航天科技
前程无忧,计算机,IT 运维工程师(J10031),8000,上海,3年及以上,本科,上海新阳半导体材料
前程无忧,计算机,信息专员（计算机/硬件维护）,8000,上海,无需经验,本科,国投沪康（上海）养老服务
前程无忧,计算机,计算机桌面运维工程师,7000,上海,2年,大专,上海港讯电子科技
前程无忧,计算机,计算机信息系统技术员,90000,上海,无需经验,本科,上海蔡同德药业
前程无忧,计算机,Linux系统开发工程师(计算机）,8000,上海,1-3年,本科,上海柏飞电子科技
前程无忧,计算机,设备工程师-计算机硬件专业,130000,上海,无需经验,大专,上海探跃半导体设备
前程无忧,计算机,分析科学计算机化系统软件数据管理方向,15000,上海,1-5年,本科,上海药明生物技术
前程无忧,计算机,科研计算机销售员,6000,上海,无需经验,大专,上海赞存信息科技
前程无忧,计算机,初级机器视觉工程师,6000,上海,1-3年,本科,上海鉴泉自动化科技
前程无忧,计算机,GPU计算机销售员,6000,上海,无需经验,本科,上海赞存信息科技
前程无忧,计算机,分析科学计算机化系统数智化管理专家 (MJ010300),14000,上海,无需经验,本科,上海药明生物技术
前程无忧,计算机,机载总体架构工程师 (MJ000104),22500,上海,1-3年,硕士,中航民机机载系统
前程无忧,计算机,Linux驱动工程师（计算机方向）,325000,上海,2年,本科,上海柏飞电子科技
前程无忧,计算机,计算机及人工智能教师,16500,上海,2年及以上,本科,上海基尔嘉禾教育科技
前程无忧,计算机,AI计算机销售员（实习生）,5000,上海,无需经验,大专,上海赞存信息科技
前程无忧,计算机,计算机测试系统设计工程师,9000,上海,6年及以上,本科,诺斯美电子技术（上海）
前程无忧,计算机,计算机信息技术/STEAM老师,225000,上海,5-7年,本科,上海浦东新区民办筑桥实验小学
前程无忧,计算机,AI计算机电话销售,6000,上海,无需经验,大专,上海赞存信息科技
前程无忧,计算机,计算机视觉实习生,250,上海,无需经验,硕士,威盛电子（上海）
前程无忧,计算机,星载计算机项目经理,17000,上海,3年及以上,本科,寰宇泛智（上海）航天科技
前程无忧,计算机,系统架构工程师 (MJ000064),22500,上海,1-3年,硕士,中航民机机载系统
前程无忧,计算机,机载总体架构工程师 (MJ000104),22500,上海,1-3年,硕士,中航民机机载系统
前程无忧,计算机,系统架构AI应用工程师 (MJ000063),22500,上海,1-3年,硕士,中航民机机载系统
前程无忧,计算机,系统架构AI应用专家 (MJ000066),22500,上海,1-3年,硕士,中航民机机载系统
前程无忧,计算机,系统架构工程师 (MJ000062),22500,上海,1-3年,硕士,中航民机机载系统
前程无忧,计算机,高级计算机视觉算法工程师,275000,上海,3年及以上,硕士,中国海诚工程科技
前程无忧,计算机,算法工程师（计算机视觉方向）,35000,上海,5年及以上,硕士,上海爱医舟医疗科技
前程无忧,计算机,计算机视觉（CV）算法工程师,35000,上海,3年及以上,硕士,前锦网络信息技术（上海）
前程无忧,计算机,计算机软件工程师（AI算法/机器人）,250000,上海,5年及以上,本科,上海锅炉厂
前程无忧,计算机,计算机视觉工程师,14000,上海,3-5年,本科,上海勤为智能科技
前程无忧,计算机,AI计算机音频处理研究工程师,18500,上海,1年及以上,本科,大连华钦软件技术
前程无忧,计算机,计算机及人工智能教师,16500,上海,2年及以上,本科,上海基尔嘉禾教育科技
前程无忧,计算机,计算机视觉实习生,250,上海,无需经验,硕士,威盛电子（上海）
前程无忧,计算机,计算机老师,17500,上海,3年及以上,本科,上海励滕伯克曼教育科技
前程无忧,计算机,高中计算机老师,12500,上海,1-5年,本科,上海诺美高级中学
前程无忧,计算机,双语计算机老师,8000,上海,1年及以上,本科,上海宝华曜万教育技术
前程无忧,计算机,双语计算机老师,17500,上海,5年及以上,本科,上海领科专修学院
前程无忧,计算机,助理研究员/博士后-计算机视觉,325000,上海,无需经验,博士,临港实验室
前程无忧,计算机,计算机信息技术/STEAM老师,225000,上海,5-7年,本科,上海浦东新区民办筑桥实验小学
前程无忧,计算机,国际高中 计算机科学教师/计算机老师,13500,上海,1年及以上,本科,上海市民办上实剑桥外国语中学
前程无忧,计算机,系统架构工程师 (MJ000064),22500,上海,1-3年,硕士,中航民机机载系统
前程无忧,计算机,计算机老师,17500,上海,3年及以上,本科,上海励滕伯克曼教育科技
前程无忧,计算机,国际高中 计算机科学教师/计算机老师,13500,上海,1年及以上,本科,上海市民办上实剑桥外国语中学
前程无忧,计算机,计算机及人工智能教师,16500,上海,2年及以上,本科,上海基尔嘉禾教育科技
前程无忧,计算机,高中计算机老师,12500,上海,1-5年,本科,上海诺美高级中学
前程无忧,计算机,系统架构AI应用工程师 (MJ000063),22500,上海,1-3年,硕士,中航民机机载系统
前程无忧,计算机,系统架构AI应用专家 (MJ000066),22500,上海,1-3年,硕士,中航民机机载系统
前程无忧,计算机,系统架构工程师 (MJ000062),22500,上海,1-3年,硕士,中航民机机载系统
前程无忧,计算机,Alevel计算机老师-光华剑桥,15500,上海,无需经验,本科,上海日月光华教育投资
前程无忧,计算机,双语计算机老师,8000,上海,1年及以上,本科,上海宝华曜万教育技术
前程无忧,计算机,计算机信息技术/STEAM老师,225000,上海,5-7年,本科,上海浦东新区民办筑桥实验小学
前程无忧,计算机,双语计算机老师,17500,上海,5年及以上,本科,上海领科专修学院
前程无忧,计算机,AP教师心理/统计/物理/经济/计算机,20000,上海,3年及以上,本科,上海浦东新区民办更新学校
前程无忧,计算机,初高中计算机教师 Computer Science Teacher,17500,上海,8年,硕士,上海康德双语实验学校
前程无忧,计算机,高中物理/英语/计算机教师（宝山世外-融合部）,255000,上海,1年及以上,本科,上海均瑶世外教育科技（集团）
前程无忧,计算机,AI计算机音频处理研究工程师,18500,上海,1年及以上,本科,大连华钦软件技术
前程无忧,计算机,高级计算机视觉算法工程师,275000,上海,3年及以上,硕士,中国海诚工程科技
前程无忧,计算机,计算机信息系统技术员,90000,上海,无需经验,本科,上海蔡同德药业
前程无忧,计算机,算法工程师（计算机视觉方向）,35000,上海,5年及以上,硕士,上海爱医舟医疗科技
前程无忧,计算机,计算机软件工程师（AI算法/机器人）,250000,上海,5年及以上,本科,上海锅炉厂
前程无忧,计算机,IT 运维工程师(J10031),8000,上海,3年及以上,本科,上海新阳半导体材料
前程无忧,计算机,信息专员（计算机/硬件维护）,8000,上海,无需经验,本科,国投沪康（上海）养老服务
前程无忧,计算机,计算机桌面运维工程师,7000,上海,2年,大专,上海港讯电子科技
前程无忧,计算机,计算机信息系统技术员,90000,上海,无需经验,本科,上海蔡同德药业
前程无忧,计算机,Linux系统开发工程师(计算机）,8000,上海,1-3年,本科,上海柏飞电子科技
前程无忧,计算机,设备工程师-计算机硬件专业,130000,上海,无需经验,大专,上海探跃半导体设备
前程无忧,计算机,分析科学计算机化系统软件数据管理方向,15000,上海,1-5年,本科,上海药明生物技术
前程无忧,计算机,科研计算机销售员,6000,上海,无需经验,大专,上海赞存信息科技
前程无忧,计算机,初级机器视觉工程师,6000,上海,1-3年,本科,上海鉴泉自动化科技
前程无忧,计算机,GPU计算机销售员,6000,上海,无需经验,本科,上海赞存信息科技
前程无忧,计算机,分析科学计算机化系统数智化管理专家 (MJ010300),14000,上海,无需经验,本科,上海药明生物技术
前程无忧,计算机,机载总体架构工程师 (MJ000104),22500,上海,1-3年,硕士,中航民机机载系统
前程无忧,计算机,Linux驱动工程师（计算机方向）,325000,上海,2年,本科,上海柏飞电子科技
前程无忧,计算机,计算机及人工智能教师,16500,上海,2年及以上,本科,上海基尔嘉禾教育科技
前程无忧,计算机,AI计算机销售员（实习生）,5000,上海,无需经验,大专,上海赞存信息科技
前程无忧,计算机,计算机测试系统设计工程师,9000,上海,6年及以上,本科,诺斯美电子技术（上海）
前程无忧,计算机,计算机信息技术/STEAM老师,225000,上海,5-7年,本科,上海浦东新区民办筑桥实验小学
前程无忧,计算机,AI计算机电话销售,6000,上海,无需经验,大专,上海赞存信息科技
前程无忧,计算机,计算机视觉实习生,250,上海,无需经验,硕士,威盛电子（上海）
前程无忧,计算机,星载计算机项目经理,17000,上海,3年及以上,本科,寰宇泛智（上海）航天科技
前程无忧,计算机,系统架构工程师 (MJ000064),22500,上海,1-3年,硕士,中航民机机载系统
前程无忧,计算机,计算机老师,17500,上海,3年及以上,本科,上海励滕伯克曼教育科技
前程无忧,计算机,国际高中 计算机科学教师/计算机老师,13500,上海,1年及以上,本科,上海市民办上实剑桥外国语中学
前程无忧,计算机,计算机及人工智能教师,16500,上海,2年及以上,本科,上海基尔嘉禾教育科技
前程无忧,计算机,高中计算机老师,12500,上海,1-5年,本科,上海诺美高级中学
前程无忧,计算机,系统架构AI应用工程师 (MJ000063),22500,上海,1-3年,硕士,中航民机机载系统
前程无忧,计算机,系统架构AI应用专家 (MJ000066),22500,上海,1-3年,硕士,中航民机机载系统
前程无忧,计算机,系统架构工程师 (MJ000062),22500,上海,1-3年,硕士,中航民机机载系统
前程无忧,计算机,Alevel计算机老师-光华剑桥,15500,上海,无需经验,本科,上海日月光华教育投资
前程无忧,计算机,双语计算机老师,8000,上海,1年及以上,本科,上海宝华曜万教育技术
前程无忧,计算机,计算机信息技术/STEAM老师,225000,上海,5-7年,本科,上海浦东新区民办筑桥实验小学
前程无忧,计算机,双语计算机老师,17500,上海,5年及以上,本科,上海领科专修学院
前程无忧,计算机,AP教师心理/统计/物理/经济/计算机,20000,上海,3年及以上,本科,上海浦东新区民办更新学校
前程无忧,计算机,初高中计算机教师 Computer Science Teacher,17500,上海,8年,硕士,上海康德双语实验学校
前程无忧,计算机,高中物理/英语/计算机教师（宝山世外-融合部）,255000,上海,1年及以上,本科,上海均瑶世外教育科技（集团）
前程无忧,计算机,AI计算机音频处理研究工程师,18500,上海,1年及以上,本科,大连华钦软件技术
前程无忧,计算机,高级计算机视觉算法工程师,275000,上海,3年及以上,硕士,中国海诚工程科技
前程无忧,计算机,计算机信息系统技术员,90000,上海,无需经验,本科,上海蔡同德药业
前程无忧,计算机,算法工程师（计算机视觉方向）,35000,上海,5年及以上,硕士,上海爱医舟医疗科技
前程无忧,计算机,计算机软件工程师（AI算法/机器人）,250000,上海,5年及以上,本科,上海锅炉厂
前程无忧,计算机,系统架构工程师 (MJ000064),22500,上海,1-3年,硕士,中航民机机载系统
前程无忧,计算机,计算机老师,17500,上海,3年及以上,本科,上海励滕伯克曼教育科技
前程无忧,计算机,国际高中 计算机科学教师/计算机老师,13500,上海,1年及以上,本科,上海市民办上实剑桥外国语中学
前程无忧,计算机,计算机及人工智能教师,16500,上海,2年及以上,本科,上海基尔嘉禾教育科技
前程无忧,计算机,高中计算机老师,12500,上海,1-5年,本科,上海诺美高级中学
前程无忧,计算机,系统架构AI应用工程师 (MJ000063),22500,上海,1-3年,硕士,中航民机机载系统
前程无忧,计算机,系统架构AI应用专家 (MJ000066),22500,上海,1-3年,硕士,中航民机机载系统
前程无忧,计算机,系统架构工程师 (MJ000062),22500,上海,1-3年,硕士,中航民机机载系统
前程无忧,计算机,Alevel计算机老师-光华剑桥,15500,上海,无需经验,本科,上海日月光华教育投资
前程无忧,计算机,双语计算机老师,8000,上海,1年及以上,本科,上海宝华曜万教育技术
前程无忧,计算机,计算机信息技术/STEAM老师,225000,上海,5-7年,本科,上海浦东新区民办筑桥实验小学
前程无忧,计算机,双语计算机老师,17500,上海,5年及以上,本科,上海领科专修学院
前程无忧,计算机,AP教师心理/统计/物理/经济/计算机,20000,上海,3年及以上,本科,上海浦东新区民办更新学校
前程无忧,计算机,初高中计算机教师 Computer Science Teacher,17500,上海,8年,硕士,上海康德双语实验学校
前程无忧,计算机,高中物理/英语/计算机教师（宝山世外-融合部）,255000,上海,1年及以上,本科,上海均瑶世外教育科技（集团）
前程无忧,计算机,AI计算机音频处理研究工程师,18500,上海,1年及以上,本科,大连华钦软件技术
前程无忧,计算机,高级计算机视觉算法工程师,275000,上海,3年及以上,硕士,中国海诚工程科技
前程无忧,计算机,计算机信息系统技术员,90000,上海,无需经验,本科,上海蔡同德药业
前程无忧,计算机,算法工程师（计算机视觉方向）,35000,上海,5年及以上,硕士,上海爱医舟医疗科技
前程无忧,计算机,计算机软件工程师（AI算法/机器人）,250000,上海,5年及以上,本科,上海锅炉厂
前程无忧,计算机,IT 运维工程师(J10031),8000,上海,3年及以上,本科,上海新阳半导体材料
前程无忧,计算机,信息专员（计算机/硬件维护）,8000,上海,无需经验,本科,国投沪康（上海）养老服务
前程无忧,计算机,计算机桌面运维工程师,7000,上海,2年,大专,上海港讯电子科技
前程无忧,计算机,计算机信息系统技术员,90000,上海,无需经验,本科,上海蔡同德药业
前程无忧,计算机,Linux系统开发工程师(计算机）,8000,上海,1-3年,本科,上海柏飞电子科技
前程无忧,计算机,设备工程师-计算机硬件专业,130000,上海,无需经验,大专,上海探跃半导体设备
前程无忧,计算机,分析科学计算机化系统软件数据管理方向,15000,上海,1-5年,本科,上海药明生物技术
前程无忧,计算机,科研计算机销售员,6000,上海,无需经验,大专,上海赞存信息科技
前程无忧,计算机,初级机器视觉工程师,6000,上海,1-3年,本科,上海鉴泉自动化科技
前程无忧,计算机,GPU计算机销售员,6000,上海,无需经验,本科,上海赞存信息科技
前程无忧,计算机,分析科学计算机化系统数智化管理专家 (MJ010300),14000,上海,无需经验,本科,上海药明生物技术
前程无忧,计算机,机载总体架构工程师 (MJ000104),22500,上海,1-3年,硕士,中航民机机载系统
前程无忧,计算机,Linux驱动工程师（计算机方向）,325000,上海,2年,本科,上海柏飞电子科技
前程无忧,计算机,计算机及人工智能教师,16500,上海,2年及以上,本科,上海基尔嘉禾教育科技
前程无忧,计算机,AI计算机销售员（实习生）,5000,上海,无需经验,大专,上海赞存信息科技
前程无忧,计算机,计算机测试系统设计工程师,9000,上海,6年及以上,本科,诺斯美电子技术（上海）
前程无忧,计算机,计算机信息技术/STEAM老师,225000,上海,5-7年,本科,上海浦东新区民办筑桥实验小学
前程无忧,计算机,AI计算机电话销售,6000,上海,无需经验,大专,上海赞存信息科技
前程无忧,计算机,计算机视觉实习生,250,上海,无需经验,硕士,威盛电子（上海）
前程无忧,计算机,星载计算机项目经理,17000,上海,3年及以上,本科,寰宇泛智（上海）航天科技
前程无忧,计算机,IT 运维工程师(J10031),8000,上海,3年及以上,本科,上海新阳半导体材料
前程无忧,计算机,信息专员（计算机/硬件维护）,8000,上海,无需经验,本科,国投沪康（上海）养老服务
前程无忧,计算机,计算机桌面运维工程师,7000,上海,2年,大专,上海港讯电子科技
前程无忧,计算机,计算机信息系统技术员,90000,上海,无需经验,本科,上海蔡同德药业
前程无忧,计算机,Linux系统开发工程师(计算机）,8000,上海,1-3年,本科,上海柏飞电子科技
前程无忧,计算机,设备工程师-计算机硬件专业,130000,上海,无需经验,大专,上海探跃半导体设备
前程无忧,计算机,分析科学计算机化系统软件数据管理方向,15000,上海,1-5年,本科,上海药明生物技术
前程无忧,计算机,科研计算机销售员,6000,上海,无需经验,大专,上海赞存信息科技
前程无忧,计算机,初级机器视觉工程师,6000,上海,1-3年,本科,上海鉴泉自动化科技
前程无忧,计算机,GPU计算机销售员,6000,上海,无需经验,本科,上海赞存信息科技
前程无忧,计算机,分析科学计算机化系统数智化管理专家 (MJ010300),14000,上海,无需经验,本科,上海药明生物技术
前程无忧,计算机,机载总体架构工程师 (MJ000104),22500,上海,1-3年,硕士,中航民机机载系统
前程无忧,计算机,Linux驱动工程师（计算机方向）,325000,上海,2年,本科,上海柏飞电子科技
前程无忧,计算机,计算机及人工智能教师,16500,上海,2年及以上,本科,上海基尔嘉禾教育科技
前程无忧,计算机,AI计算机销售员（实习生）,5000,上海,无需经验,大专,上海赞存信息科技
前程无忧,计算机,计算机测试系统设计工程师,9000,上海,6年及以上,本科,诺斯美电子技术（上海）
前程无忧,计算机,计算机信息技术/STEAM老师,225000,上海,5-7年,本科,上海浦东新区民办筑桥实验小学
前程无忧,计算机,AI计算机电话销售,6000,上海,无需经验,大专,上海赞存信息科技
前程无忧,计算机,计算机视觉实习生,250,上海,无需经验,硕士,威盛电子（上海）
前程无忧,计算机,星载计算机项目经理,17000,上海,3年及以上,本科,寰宇泛智（上海）航天科技
前程无忧,计算机,系统架构工程师 (MJ000064),22500,上海,1-3年,硕士,中航民机机载系统
前程无忧,计算机,计算机老师,17500,上海,3年及以上,本科,上海励滕伯克曼教育科技
前程无忧,计算机,国际高中 计算机科学教师/计算机老师,13500,上海,1年及以上,本科,上海市民办上实剑桥外国语中学
前程无忧,计算机,计算机及人工智能教师,16500,上海,2年及以上,本科,上海基尔嘉禾教育科技
前程无忧,计算机,高中计算机老师,12500,上海,1-5年,本科,上海诺美高级中学
前程无忧,计算机,系统架构AI应用工程师 (MJ000063),22500,上海,1-3年,硕士,中航民机机载系统
前程无忧,计算机,系统架构AI应用专家 (MJ000066),22500,上海,1-3年,硕士,中航民机机载系统
前程无忧,计算机,系统架构工程师 (MJ000062),22500,上海,1-3年,硕士,中航民机机载系统
前程无忧,计算机,Alevel计算机老师-光华剑桥,15500,上海,无需经验,本科,上海日月光华教育投资
前程无忧,计算机,双语计算机老师,8000,上海,1年及以上,本科,上海宝华曜万教育技术
前程无忧,计算机,计算机信息技术/STEAM老师,225000,上海,5-7年,本科,上海浦东新区民办筑桥实验小学
前程无忧,计算机,双语计算机老师,17500,上海,5年及以上,本科,上海领科专修学院
前程无忧,计算机,AP教师心理/统计/物理/经济/计算机,20000,上海,3年及以上,本科,上海浦东新区民办更新学校
前程无忧,计算机,初高中计算机教师 Computer Science Teacher,17500,上海,8年,硕士,上海康德双语实验学校
前程无忧,计算机,高中物理/英语/计算机教师（宝山世外-融合部）,255000,上海,1年及以上,本科,上海均瑶世外教育科技（集团）
前程无忧,计算机,AI计算机音频处理研究工程师,18500,上海,1年及以上,本科,大连华钦软件技术
前程无忧,计算机,高级计算机视觉算法工程师,275000,上海,3年及以上,硕士,中国海诚工程科技
前程无忧,计算机,计算机信息系统技术员,90000,上海,无需经验,本科,上海蔡同德药业
前程无忧,计算机,算法工程师（计算机视觉方向）,35000,上海,5年及以上,硕士,上海爱医舟医疗科技
前程无忧,计算机,计算机软件工程师（AI算法/机器人）,250000,上海,5年及以上,本科,上海锅炉厂
前程无忧,计算机,系统架构工程师 (MJ000064),22500,上海,1-3年,硕士,中航民机机载系统
前程无忧,计算机,计算机老师,17500,上海,3年及以上,本科,上海励滕伯克曼教育科技
前程无忧,计算机,国际高中 计算机科学教师/计算机老师,13500,上海,1年及以上,本科,上海市民办上实剑桥外国语中学
前程无忧,计算机,计算机及人工智能教师,16500,上海,2年及以上,本科,上海基尔嘉禾教育科技
前程无忧,计算机,高中计算机老师,12500,上海,1-5年,本科,上海诺美高级中学
前程无忧,计算机,系统架构AI应用工程师 (MJ000063),22500,上海,1-3年,硕士,中航民机机载系统
前程无忧,计算机,系统架构AI应用专家 (MJ000066),22500,上海,1-3年,硕士,中航民机机载系统
前程无忧,计算机,系统架构工程师 (MJ000062),22500,上海,1-3年,硕士,中航民机机载系统
前程无忧,计算机,Alevel计算机老师-光华剑桥,15500,上海,无需经验,本科,上海日月光华教育投资
前程无忧,计算机,双语计算机老师,8000,上海,1年及以上,本科,上海宝华曜万教育技术
前程无忧,计算机,计算机信息技术/STEAM老师,225000,上海,5-7年,本科,上海浦东新区民办筑桥实验小学
前程无忧,计算机,双语计算机老师,17500,上海,5年及以上,本科,上海领科专修学院
前程无忧,计算机,AP教师心理/统计/物理/经济/计算机,20000,上海,3年及以上,本科,上海浦东新区民办更新学校
前程无忧,计算机,初高中计算机教师 Computer Science Teacher,17500,上海,8年,硕士,上海康德双语实验学校
前程无忧,计算机,高中物理/英语/计算机教师（宝山世外-融合部）,255000,上海,1年及以上,本科,上海均瑶世外教育科技（集团）
前程无忧,计算机,AI计算机音频处理研究工程师,18500,上海,1年及以上,本科,大连华钦软件技术
前程无忧,计算机,高级计算机视觉算法工程师,275000,上海,3年及以上,硕士,中国海诚工程科技
前程无忧,计算机,计算机信息系统技术员,90000,上海,无需经验,本科,上海蔡同德药业
前程无忧,计算机,算法工程师（计算机视觉方向）,35000,上海,5年及以上,硕士,上海爱医舟医疗科技
前程无忧,计算机,计算机软件工程师（AI算法/机器人）,250000,上海,5年及以上,本科,上海锅炉厂
前程无忧,计算机,系统架构工程师 (MJ000064),22500,上海,1-3年,硕士,中航民机机载系统
前程无忧,计算机,计算机老师,17500,上海,3年及以上,本科,上海励滕伯克曼教育科技
前程无忧,计算机,国际高中 计算机科学教师/计算机老师,13500,上海,1年及以上,本科,上海市民办上实剑桥外国语中学
前程无忧,计算机,计算机及人工智能教师,16500,上海,2年及以上,本科,上海基尔嘉禾教育科技
前程无忧,计算机,高中计算机老师,12500,上海,1-5年,本科,上海诺美高级中学
前程无忧,计算机,系统架构AI应用工程师 (MJ000063),22500,上海,1-3年,硕士,中航民机机载系统
前程无忧,计算机,系统架构AI应用专家 (MJ000066),22500,上海,1-3年,硕士,中航民机机载系统
前程无忧,计算机,系统架构工程师 (MJ000062),22500,上海,1-3年,硕士,中航民机机载系统
前程无忧,计算机,Alevel计算机老师-光华剑桥,15500,上海,无需经验,本科,上海日月光华教育投资
前程无忧,计算机,双语计算机老师,8000,上海,1年及以上,本科,上海宝华曜万教育技术
前程无忧,计算机,计算机信息技术/STEAM老师,225000,上海,5-7年,本科,上海浦东新区民办筑桥实验小学
前程无忧,计算机,双语计算机老师,17500,上海,5年及以上,本科,上海领科专修学院
前程无忧,计算机,AP教师心理/统计/物理/经济/计算机,20000,上海,3年及以上,本科,上海浦东新区民办更新学校
前程无忧,计算机,初高中计算机教师 Computer Science Teacher,17500,上海,8年,硕士,上海康德双语实验学校
前程无忧,计算机,高中物理/英语/计算机教师（宝山世外-融合部）,255000,上海,1年及以上,本科,上海均瑶世外教育科技（集团）
前程无忧,计算机,AI计算机音频处理研究工程师,18500,上海,1年及以上,本科,大连华钦软件技术
前程无忧,计算机,高级计算机视觉算法工程师,275000,上海,3年及以上,硕士,中国海诚工程科技
前程无忧,计算机,计算机信息系统技术员,90000,上海,无需经验,本科,上海蔡同德药业
前程无忧,计算机,算法工程师（计算机视觉方向）,35000,上海,5年及以上,硕士,上海爱医舟医疗科技
前程无忧,计算机,计算机软件工程师（AI算法/机器人）,250000,上海,5年及以上,本科,上海锅炉厂
前程无忧,计算机,IT 运维工程师(J10031),8000,上海,3年及以上,本科,上海新阳半导体材料
前程无忧,计算机,信息专员（计算机/硬件维护）,8000,上海,无需经验,本科,国投沪康（上海）养老服务
前程无忧,计算机,计算机桌面运维工程师,7000,上海,2年,大专,上海港讯电子科技
前程无忧,计算机,计算机信息系统技术员,90000,上海,无需经验,本科,上海蔡同德药业
前程无忧,计算机,Linux系统开发工程师(计算机）,8000,上海,1-3年,本科,上海柏飞电子科技
前程无忧,计算机,设备工程师-计算机硬件专业,130000,上海,无需经验,大专,上海探跃半导体设备
前程无忧,计算机,分析科学计算机化系统软件数据管理方向,15000,上海,1-5年,本科,上海药明生物技术
前程无忧,计算机,科研计算机销售员,6000,上海,无需经验,大专,上海赞存信息科技
前程无忧,计算机,初级机器视觉工程师,6000,上海,1-3年,本科,上海鉴泉自动化科技
前程无忧,计算机,GPU计算机销售员,6000,上海,无需经验,本科,上海赞存信息科技
前程无忧,计算机,分析科学计算机化系统数智化管理专家 (MJ010300),14000,上海,无需经验,本科,上海药明生物技术
前程无忧,计算机,机载总体架构工程师 (MJ000104),22500,上海,1-3年,硕士,中航民机机载系统
前程无忧,计算机,Linux驱动工程师（计算机方向）,325000,上海,2年,本科,上海柏飞电子科技
前程无忧,计算机,计算机及人工智能教师,16500,上海,2年及以上,本科,上海基尔嘉禾教育科技
前程无忧,计算机,AI计算机销售员（实习生）,5000,上海,无需经验,大专,上海赞存信息科技
前程无忧,计算机,计算机测试系统设计工程师,9000,上海,6年及以上,本科,诺斯美电子技术（上海）
前程无忧,计算机,计算机信息技术/STEAM老师,225000,上海,5-7年,本科,上海浦东新区民办筑桥实验小学
前程无忧,计算机,AI计算机电话销售,6000,上海,无需经验,大专,上海赞存信息科技
前程无忧,计算机,计算机视觉实习生,250,上海,无需经验,硕士,威盛电子（上海）
前程无忧,计算机,星载计算机项目经理,17000,上海,3年及以上,本科,寰宇泛智（上海）航天科技
前程无忧,计算机,系统架构工程师 (MJ000064),22500,上海,1-3年,硕士,中航民机机载系统
前程无忧,计算机,计算机老师,17500,上海,3年及以上,本科,上海励滕伯克曼教育科技
前程无忧,计算机,国际高中 计算机科学教师/计算机老师,13500,上海,1年及以上,本科,上海市民办上实剑桥外国语中学
前程无忧,计算机,计算机及人工智能教师,16500,上海,2年及以上,本科,上海基尔嘉禾教育科技
前程无忧,计算机,高中计算机老师,12500,上海,1-5年,本科,上海诺美高级中学
前程无忧,计算机,系统架构AI应用工程师 (MJ000063),22500,上海,1-3年,硕士,中航民机机载系统
前程无忧,计算机,系统架构AI应用专家 (MJ000066),22500,上海,1-3年,硕士,中航民机机载系统
前程无忧,计算机,系统架构工程师 (MJ000062),22500,上海,1-3年,硕士,中航民机机载系统
前程无忧,计算机,Alevel计算机老师-光华剑桥,15500,上海,无需经验,本科,上海日月光华教育投资
前程无忧,计算机,双语计算机老师,8000,上海,1年及以上,本科,上海宝华曜万教育技术
前程无忧,计算机,计算机信息技术/STEAM老师,225000,上海,5-7年,本科,上海浦东新区民办筑桥实验小学
前程无忧,计算机,双语计算机老师,17500,上海,5年及以上,本科,上海领科专修学院
前程无忧,计算机,AP教师心理/统计/物理/经济/计算机,20000,上海,3年及以上,本科,上海浦东新区民办更新学校
前程无忧,计算机,初高中计算机教师 Computer Science Teacher,17500,上海,8年,硕士,上海康德双语实验学校
前程无忧,计算机,高中物理/英语/计算机教师（宝山世外-融合部）,255000,上海,1年及以上,本科,上海均瑶世外教育科技（集团）
前程无忧,计算机,AI计算机音频处理研究工程师,18500,上海,1年及以上,本科,大连华钦软件技术
前程无忧,计算机,高级计算机视觉算法工程师,275000,上海,3年及以上,硕士,中国海诚工程科技
前程无忧,计算机,计算机信息系统技术员,90000,上海,无需经验,本科,上海蔡同德药业
前程无忧,计算机,算法工程师（计算机视觉方向）,35000,上海,5年及以上,硕士,上海爱医舟医疗科技
前程无忧,计算机,计算机软件工程师（AI算法/机器人）,250000,上海,5年及以上,本科,上海锅炉厂
前程无忧,计算机,系统架构工程师 (MJ000064),22500,上海,1-3年,硕士,中航民机机载系统
前程无忧,计算机,机载总体架构工程师 (MJ000104),22500,上海,1-3年,硕士,中航民机机载系统
前程无忧,计算机,系统架构AI应用工程师 (MJ000063),22500,上海,1-3年,硕士,中航民机机载系统
前程无忧,计算机,系统架构AI应用专家 (MJ000066),22500,上海,1-3年,硕士,中航民机机载系统
前程无忧,计算机,系统架构工程师 (MJ000062),22500,上海,1-3年,硕士,中航民机机载系统
前程无忧,计算机,高级计算机视觉算法工程师,275000,上海,3年及以上,硕士,中国海诚工程科技
前程无忧,计算机,算法工程师（计算机视觉方向）,35000,上海,5年及以上,硕士,上海爱医舟医疗科技
前程无忧,计算机,计算机视觉（CV）算法工程师,35000,上海,3年及以上,硕士,前锦网络信息技术（上海）
前程无忧,计算机,计算机软件工程师（AI算法/机器人）,250000,上海,5年及以上,本科,上海锅炉厂
前程无忧,计算机,计算机视觉工程师,14000,上海,3-5年,本科,上海勤为智能科技
前程无忧,计算机,AI计算机音频处理研究工程师,18500,上海,1年及以上,本科,大连华钦软件技术
前程无忧,计算机,计算机及人工智能教师,16500,上海,2年及以上,本科,上海基尔嘉禾教育科技
前程无忧,计算机,计算机视觉实习生,250,上海,无需经验,硕士,威盛电子（上海）
前程无忧,计算机,计算机老师,17500,上海,3年及以上,本科,上海励滕伯克曼教育科技
前程无忧,计算机,高中计算机老师,12500,上海,1-5年,本科,上海诺美高级中学
前程无忧,计算机,双语计算机老师,8000,上海,1年及以上,本科,上海宝华曜万教育技术
前程无忧,计算机,双语计算机老师,17500,上海,5年及以上,本科,上海领科专修学院
前程无忧,计算机,助理研究员/博士后-计算机视觉,325000,上海,无需经验,博士,临港实验室
前程无忧,计算机,计算机信息技术/STEAM老师,225000,上海,5-7年,本科,上海浦东新区民办筑桥实验小学
前程无忧,计算机,国际高中 计算机科学教师/计算机老师,13500,上海,1年及以上,本科,上海市民办上实剑桥外国语中学
前程无忧,计算机,IT 运维工程师(J10031),8000,上海,3年及以上,本科,上海新阳半导体材料
前程无忧,计算机,信息专员（计算机/硬件维护）,8000,上海,无需经验,本科,国投沪康（上海）养老服务
前程无忧,计算机,计算机桌面运维工程师,7000,上海,2年,大专,上海港讯电子科技
前程无忧,计算机,计算机信息系统技术员,90000,上海,无需经验,本科,上海蔡同德药业
前程无忧,计算机,Linux系统开发工程师(计算机）,8000,上海,1-3年,本科,上海柏飞电子科技
前程无忧,计算机,设备工程师-计算机硬件专业,130000,上海,无需经验,大专,上海探跃半导体设备
前程无忧,计算机,分析科学计算机化系统软件数据管理方向,15000,上海,1-5年,本科,上海药明生物技术
前程无忧,计算机,科研计算机销售员,6000,上海,无需经验,大专,上海赞存信息科技
前程无忧,计算机,初级机器视觉工程师,6000,上海,1-3年,本科,上海鉴泉自动化科技
前程无忧,计算机,GPU计算机销售员,6000,上海,无需经验,本科,上海赞存信息科技
前程无忧,计算机,分析科学计算机化系统数智化管理专家 (MJ010300),14000,上海,无需经验,本科,上海药明生物技术
前程无忧,计算机,机载总体架构工程师 (MJ000104),22500,上海,1-3年,硕士,中航民机机载系统
前程无忧,计算机,Linux驱动工程师（计算机方向）,325000,上海,2年,本科,上海柏飞电子科技
前程无忧,计算机,计算机及人工智能教师,16500,上海,2年及以上,本科,上海基尔嘉禾教育科技
前程无忧,计算机,AI计算机销售员（实习生）,5000,上海,无需经验,大专,上海赞存信息科技
前程无忧,计算机,计算机测试系统设计工程师,9000,上海,6年及以上,本科,诺斯美电子技术（上海）
前程无忧,计算机,计算机信息技术/STEAM老师,225000,上海,5-7年,本科,上海浦东新区民办筑桥实验小学
前程无忧,计算机,AI计算机电话销售,6000,上海,无需经验,大专,上海赞存信息科技
前程无忧,计算机,计算机视觉实习生,250,上海,无需经验,硕士,威盛电子（上海）
前程无忧,计算机,星载计算机项目经理,17000,上海,3年及以上,本科,寰宇泛智（上海）航天科技
前程无忧,计算机,系统架构工程师 (MJ000064),22500,上海,1-3年,硕士,中航民机机载系统
前程无忧,计算机,机载总体架构工程师 (MJ000104),22500,上海,1-3年,硕士,中航民机机载系统
前程无忧,计算机,系统架构AI应用工程师 (MJ000063),22500,上海,1-3年,硕士,中航民机机载系统
前程无忧,计算机,系统架构AI应用专家 (MJ000066),22500,上海,1-3年,硕士,中航民机机载系统
前程无忧,计算机,系统架构工程师 (MJ000062),22500,上海,1-3年,硕士,中航民机机载系统
前程无忧,计算机,高级计算机视觉算法工程师,275000,上海,3年及以上,硕士,中国海诚工程科技
前程无忧,计算机,算法工程师（计算机视觉方向）,35000,上海,5年及以上,硕士,上海爱医舟医疗科技
前程无忧,计算机,计算机视觉（CV）算法工程师,35000,上海,3年及以上,硕士,前锦网络信息技术（上海）
前程无忧,计算机,计算机软件工程师（AI算法/机器人）,250000,上海,5年及以上,本科,上海锅炉厂
前程无忧,计算机,计算机视觉工程师,14000,上海,3-5年,本科,上海勤为智能科技
前程无忧,计算机,AI计算机音频处理研究工程师,18500,上海,1年及以上,本科,大连华钦软件技术
前程无忧,计算机,计算机及人工智能教师,16500,上海,2年及以上,本科,上海基尔嘉禾教育科技
前程无忧,计算机,计算机视觉实习生,250,上海,无需经验,硕士,威盛电子（上海）
前程无忧,计算机,计算机老师,17500,上海,3年及以上,本科,上海励滕伯克曼教育科技
前程无忧,计算机,高中计算机老师,12500,上海,1-5年,本科,上海诺美高级中学
前程无忧,计算机,双语计算机老师,8000,上海,1年及以上,本科,上海宝华曜万教育技术
前程无忧,计算机,双语计算机老师,17500,上海,5年及以上,本科,上海领科专修学院
前程无忧,计算机,助理研究员/博士后-计算机视觉,325000,上海,无需经验,博士,临港实验室
前程无忧,计算机,计算机信息技术/STEAM老师,225000,上海,5-7年,本科,上海浦东新区民办筑桥实验小学
前程无忧,计算机,国际高中 计算机科学教师/计算机老师,13500,上海,1年及以上,本科,上海市民办上实剑桥外国语中学
前程无忧,计算机,系统架构工程师 (MJ000064),22500,上海,1-3年,硕士,中航民机机载系统
前程无忧,计算机,计算机老师,17500,上海,3年及以上,本科,上海励滕伯克曼教育科技
前程无忧,计算机,国际高中 计算机科学教师/计算机老师,13500,上海,1年及以上,本科,上海市民办上实剑桥外国语中学
前程无忧,计算机,计算机及人工智能教师,16500,上海,2年及以上,本科,上海基尔嘉禾教育科技
前程无忧,计算机,高中计算机老师,12500,上海,1-5年,本科,上海诺美高级中学
前程无忧,计算机,系统架构AI应用工程师 (MJ000063),22500,上海,1-3年,硕士,中航民机机载系统
前程无忧,计算机,系统架构AI应用专家 (MJ000066),22500,上海,1-3年,硕士,中航民机机载系统
前程无忧,计算机,系统架构工程师 (MJ000062),22500,上海,1-3年,硕士,中航民机机载系统
前程无忧,计算机,Alevel计算机老师-光华剑桥,15500,上海,无需经验,本科,上海日月光华教育投资
前程无忧,计算机,双语计算机老师,8000,上海,1年及以上,本科,上海宝华曜万教育技术
前程无忧,计算机,计算机信息技术/STEAM老师,225000,上海,5-7年,本科,上海浦东新区民办筑桥实验小学
前程无忧,计算机,双语计算机老师,17500,上海,5年及以上,本科,上海领科专修学院
前程无忧,计算机,AP教师心理/统计/物理/经济/计算机,20000,上海,3年及以上,本科,上海浦东新区民办更新学校
前程无忧,计算机,初高中计算机教师 Computer Science Teacher,17500,上海,8年,硕士,上海康德双语实验学校
前程无忧,计算机,高中物理/英语/计算机教师（宝山世外-融合部）,255000,上海,1年及以上,本科,上海均瑶世外教育科技（集团）
前程无忧,计算机,AI计算机音频处理研究工程师,18500,上海,1年及以上,本科,大连华钦软件技术
前程无忧,计算机,高级计算机视觉算法工程师,275000,上海,3年及以上,硕士,中国海诚工程科技
前程无忧,计算机,计算机信息系统技术员,90000,上海,无需经验,本科,上海蔡同德药业
前程无忧,计算机,算法工程师（计算机视觉方向）,35000,上海,5年及以上,硕士,上海爱医舟医疗科技
前程无忧,计算机,计算机软件工程师（AI算法/机器人）,250000,上海,5年及以上,本科,上海锅炉厂
前程无忧,计算机,IT 运维工程师(J10031),8000,上海,3年及以上,本科,上海新阳半导体材料
前程无忧,计算机,信息专员（计算机/硬件维护）,8000,上海,无需经验,本科,国投沪康（上海）养老服务
前程无忧,计算机,计算机桌面运维工程师,7000,上海,2年,大专,上海港讯电子科技
前程无忧,计算机,计算机信息系统技术员,90000,上海,无需经验,本科,上海蔡同德药业
前程无忧,计算机,Linux系统开发工程师(计算机）,8000,上海,1-3年,本科,上海柏飞电子科技
前程无忧,计算机,设备工程师-计算机硬件专业,130000,上海,无需经验,大专,上海探跃半导体设备
前程无忧,计算机,分析科学计算机化系统软件数据管理方向,15000,上海,1-5年,本科,上海药明生物技术
前程无忧,计算机,科研计算机销售员,6000,上海,无需经验,大专,上海赞存信息科技
前程无忧,计算机,初级机器视觉工程师,6000,上海,1-3年,本科,上海鉴泉自动化科技
前程无忧,计算机,GPU计算机销售员,6000,上海,无需经验,本科,上海赞存信息科技
前程无忧,计算机,分析科学计算机化系统数智化管理专家 (MJ010300),14000,上海,无需经验,本科,上海药明生物技术
前程无忧,计算机,机载总体架构工程师 (MJ000104),22500,上海,1-3年,硕士,中航民机机载系统
前程无忧,计算机,Linux驱动工程师（计算机方向）,325000,上海,2年,本科,上海柏飞电子科技
前程无忧,计算机,计算机及人工智能教师,16500,上海,2年及以上,本科,上海基尔嘉禾教育科技
前程无忧,计算机,AI计算机销售员（实习生）,5000,上海,无需经验,大专,上海赞存信息科技
前程无忧,计算机,计算机测试系统设计工程师,9000,上海,6年及以上,本科,诺斯美电子技术（上海）
前程无忧,计算机,计算机信息技术/STEAM老师,225000,上海,5-7年,本科,上海浦东新区民办筑桥实验小学
前程无忧,计算机,AI计算机电话销售,6000,上海,无需经验,大专,上海赞存信息科技
前程无忧,计算机,计算机视觉实习生,250,上海,无需经验,硕士,威盛电子（上海）
前程无忧,计算机,星载计算机项目经理,17000,上海,3年及以上,本科,寰宇泛智（上海）航天科技
前程无忧,计算机,系统架构工程师 (MJ000064),22500,上海,1-3年,硕士,中航民机机载系统
前程无忧,计算机,机载总体架构工程师 (MJ000104),22500,上海,1-3年,硕士,中航民机机载系统
前程无忧,计算机,系统架构AI应用工程师 (MJ000063),22500,上海,1-3年,硕士,中航民机机载系统
前程无忧,计算机,系统架构AI应用专家 (MJ000066),22500,上海,1-3年,硕士,中航民机机载系统
前程无忧,计算机,系统架构工程师 (MJ000062),22500,上海,1-3年,硕士,中航民机机载系统
前程无忧,计算机,高级计算机视觉算法工程师,275000,上海,3年及以上,硕士,中国海诚工程科技
前程无忧,计算机,算法工程师（计算机视觉方向）,35000,上海,5年及以上,硕士,上海爱医舟医疗科技
前程无忧,计算机,计算机视觉（CV）算法工程师,35000,上海,3年及以上,硕士,前锦网络信息技术（上海）
前程无忧,计算机,计算机软件工程师（AI算法/机器人）,250000,上海,5年及以上,本科,上海锅炉厂
前程无忧,计算机,计算机视觉工程师,14000,上海,3-5年,本科,上海勤为智能科技
前程无忧,计算机,AI计算机音频处理研究工程师,18500,上海,1年及以上,本科,大连华钦软件技术
前程无忧,计算机,计算机及人工智能教师,16500,上海,2年及以上,本科,上海基尔嘉禾教育科技
前程无忧,计算机,计算机视觉实习生,250,上海,无需经验,硕士,威盛电子（上海）
前程无忧,计算机,计算机老师,17500,上海,3年及以上,本科,上海励滕伯克曼教育科技
前程无忧,计算机,高中计算机老师,12500,上海,1-5年,本科,上海诺美高级中学
前程无忧,计算机,双语计算机老师,8000,上海,1年及以上,本科,上海宝华曜万教育技术
前程无忧,计算机,双语计算机老师,17500,上海,5年及以上,本科,上海领科专修学院
前程无忧,计算机,助理研究员/博士后-计算机视觉,325000,上海,无需经验,博士,临港实验室
前程无忧,计算机,计算机信息技术/STEAM老师,225000,上海,5-7年,本科,上海浦东新区民办筑桥实验小学
前程无忧,计算机,国际高中 计算机科学教师/计算机老师,13500,上海,1年及以上,本科,上海市民办上实剑桥外国语中学
前程无忧,计算机,系统架构工程师 (MJ000064),22500,上海,1-3年,硕士,中航民机机载系统
前程无忧,计算机,机载总体架构工程师 (MJ000104),22500,上海,1-3年,硕士,中航民机机载系统
前程无忧,计算机,系统架构AI应用工程师 (MJ000063),22500,上海,1-3年,硕士,中航民机机载系统
前程无忧,计算机,系统架构AI应用专家 (MJ000066),22500,上海,1-3年,硕士,中航民机机载系统
前程无忧,计算机,系统架构工程师 (MJ000062),22500,上海,1-3年,硕士,中航民机机载系统
前程无忧,计算机,高级计算机视觉算法工程师,275000,上海,3年及以上,硕士,中国海诚工程科技
前程无忧,计算机,算法工程师（计算机视觉方向）,35000,上海,5年及以上,硕士,上海爱医舟医疗科技
前程无忧,计算机,计算机视觉（CV）算法工程师,35000,上海,3年及以上,硕士,前锦网络信息技术（上海）
前程无忧,计算机,计算机软件工程师（AI算法/机器人）,250000,上海,5年及以上,本科,上海锅炉厂
前程无忧,计算机,计算机视觉工程师,14000,上海,3-5年,本科,上海勤为智能科技
前程无忧,计算机,AI计算机音频处理研究工程师,18500,上海,1年及以上,本科,大连华钦软件技术
前程无忧,计算机,计算机及人工智能教师,16500,上海,2年及以上,本科,上海基尔嘉禾教育科技
前程无忧,计算机,计算机视觉实习生,250,上海,无需经验,硕士,威盛电子（上海）
前程无忧,计算机,计算机老师,17500,上海,3年及以上,本科,上海励滕伯克曼教育科技
前程无忧,计算机,高中计算机老师,12500,上海,1-5年,本科,上海诺美高级中学
前程无忧,计算机,双语计算机老师,8000,上海,1年及以上,本科,上海宝华曜万教育技术
前程无忧,计算机,双语计算机老师,17500,上海,5年及以上,本科,上海领科专修学院
前程无忧,计算机,助理研究员/博士后-计算机视觉,325000,上海,无需经验,博士,临港实验室
前程无忧,计算机,计算机信息技术/STEAM老师,225000,上海,5-7年,本科,上海浦东新区民办筑桥实验小学
前程无忧,计算机,国际高中 计算机科学教师/计算机老师,13500,上海,1年及以上,本科,上海市民办上实剑桥外国语中学
前程无忧,计算机,系统架构工程师 (MJ000064),22500,上海,1-3年,硕士,中航民机机载系统
前程无忧,计算机,机载总体架构工程师 (MJ000104),22500,上海,1-3年,硕士,中航民机机载系统
前程无忧,计算机,系统架构AI应用工程师 (MJ000063),22500,上海,1-3年,硕士,中航民机机载系统
前程无忧,计算机,系统架构AI应用专家 (MJ000066),22500,上海,1-3年,硕士,中航民机机载系统
前程无忧,计算机,系统架构工程师 (MJ000062),22500,上海,1-3年,硕士,中航民机机载系统
前程无忧,计算机,高级计算机视觉算法工程师,275000,上海,3年及以上,硕士,中国海诚工程科技
前程无忧,计算机,算法工程师（计算机视觉方向）,35000,上海,5年及以上,硕士,上海爱医舟医疗科技
前程无忧,计算机,计算机视觉（CV）算法工程师,35000,上海,3年及以上,硕士,前锦网络信息技术（上海）
前程无忧,计算机,计算机软件工程师（AI算法/机器人）,250000,上海,5年及以上,本科,上海锅炉厂
前程无忧,计算机,计算机视觉工程师,14000,上海,3-5年,本科,上海勤为智能科技
前程无忧,计算机,AI计算机音频处理研究工程师,18500,上海,1年及以上,本科,大连华钦软件技术
前程无忧,计算机,计算机及人工智能教师,16500,上海,2年及以上,本科,上海基尔嘉禾教育科技
前程无忧,计算机,计算机视觉实习生,250,上海,无需经验,硕士,威盛电子（上海）
前程无忧,计算机,计算机老师,17500,上海,3年及以上,本科,上海励滕伯克曼教育科技
前程无忧,计算机,高中计算机老师,12500,上海,1-5年,本科,上海诺美高级中学
前程无忧,计算机,双语计算机老师,8000,上海,1年及以上,本科,上海宝华曜万教育技术
前程无忧,计算机,双语计算机老师,17500,上海,5年及以上,本科,上海领科专修学院
前程无忧,计算机,助理研究员/博士后-计算机视觉,325000,上海,无需经验,博士,临港实验室
前程无忧,计算机,计算机信息技术/STEAM老师,225000,上海,5-7年,本科,上海浦东新区民办筑桥实验小学
前程无忧,计算机,国际高中 计算机科学教师/计算机老师,13500,上海,1年及以上,本科,上海市民办上实剑桥外国语中学
前程无忧,计算机,系统架构工程师 (MJ000064),22500,上海,1-3年,硕士,中航民机机载系统
前程无忧,计算机,机载总体架构工程师 (MJ000104),22500,上海,1-3年,硕士,中航民机机载系统
前程无忧,计算机,系统架构AI应用工程师 (MJ000063),22500,上海,1-3年,硕士,中航民机机载系统
前程无忧,计算机,系统架构AI应用专家 (MJ000066),22500,上海,1-3年,硕士,中航民机机载系统
前程无忧,计算机,系统架构工程师 (MJ000062),22500,上海,1-3年,硕士,中航民机机载系统
前程无忧,计算机,高级计算机视觉算法工程师,275000,上海,3年及以上,硕士,中国海诚工程科技
前程无忧,计算机,算法工程师（计算机视觉方向）,35000,上海,5年及以上,硕士,上海爱医舟医疗科技
前程无忧,计算机,计算机视觉（CV）算法工程师,35000,上海,3年及以上,硕士,前锦网络信息技术（上海）
前程无忧,计算机,计算机软件工程师（AI算法/机器人）,250000,上海,5年及以上,本科,上海锅炉厂
前程无忧,计算机,计算机视觉工程师,14000,上海,3-5年,本科,上海勤为智能科技
前程无忧,计算机,AI计算机音频处理研究工程师,18500,上海,1年及以上,本科,大连华钦软件技术
前程无忧,计算机,计算机及人工智能教师,16500,上海,2年及以上,本科,上海基尔嘉禾教育科技
前程无忧,计算机,计算机视觉实习生,250,上海,无需经验,硕士,威盛电子（上海）
前程无忧,计算机,计算机老师,17500,上海,3年及以上,本科,上海励滕伯克曼教育科技
前程无忧,计算机,高中计算机老师,12500,上海,1-5年,本科,上海诺美高级中学
前程无忧,计算机,双语计算机老师,8000,上海,1年及以上,本科,上海宝华曜万教育技术
前程无忧,计算机,双语计算机老师,17500,上海,5年及以上,本科,上海领科专修学院
前程无忧,计算机,助理研究员/博士后-计算机视觉,325000,上海,无需经验,博士,临港实验室
前程无忧,计算机,计算机信息技术/STEAM老师,225000,上海,5-7年,本科,上海浦东新区民办筑桥实验小学
前程无忧,计算机,国际高中 计算机科学教师/计算机老师,13500,上海,1年及以上,本科,上海市民办上实剑桥外国语中学
前程无忧,计算机,系统架构工程师 (MJ000064),22500,上海,1-3年,硕士,中航民机机载系统
前程无忧,计算机,机载总体架构工程师 (MJ000104),22500,上海,1-3年,硕士,中航民机机载系统
前程无忧,计算机,系统架构AI应用工程师 (MJ000063),22500,上海,1-3年,硕士,中航民机机载系统
前程无忧,计算机,系统架构AI应用专家 (MJ000066),22500,上海,1-3年,硕士,中航民机机载系统
前程无忧,计算机,系统架构工程师 (MJ000062),22500,上海,1-3年,硕士,中航民机机载系统
前程无忧,计算机,高级计算机视觉算法工程师,275000,上海,3年及以上,硕士,中国海诚工程科技
前程无忧,计算机,算法工程师（计算机视觉方向）,35000,上海,5年及以上,硕士,上海爱医舟医疗科技
前程无忧,计算机,计算机视觉（CV）算法工程师,35000,上海,3年及以上,硕士,前锦网络信息技术（上海）
前程无忧,计算机,计算机软件工程师（AI算法/机器人）,250000,上海,5年及以上,本科,上海锅炉厂
前程无忧,计算机,计算机视觉工程师,14000,上海,3-5年,本科,上海勤为智能科技
前程无忧,计算机,AI计算机音频处理研究工程师,18500,上海,1年及以上,本科,大连华钦软件技术
前程无忧,计算机,计算机及人工智能教师,16500,上海,2年及以上,本科,上海基尔嘉禾教育科技
前程无忧,计算机,计算机视觉实习生,250,上海,无需经验,硕士,威盛电子（上海）
前程无忧,计算机,计算机老师,17500,上海,3年及以上,本科,上海励滕伯克曼教育科技
前程无忧,计算机,高中计算机老师,12500,上海,1-5年,本科,上海诺美高级中学
前程无忧,计算机,双语计算机老师,8000,上海,1年及以上,本科,上海宝华曜万教育技术
前程无忧,计算机,双语计算机老师,17500,上海,5年及以上,本科,上海领科专修学院
前程无忧,计算机,助理研究员/博士后-计算机视觉,325000,上海,无需经验,博士,临港实验室
前程无忧,计算机,计算机信息技术/STEAM老师,225000,上海,5-7年,本科,上海浦东新区民办筑桥实验小学
前程无忧,计算机,国际高中 计算机科学教师/计算机老师,13500,上海,1年及以上,本科,上海市民办上实剑桥外国语中学
前程无忧,计算机,IT 运维工程师(J10031),8000,上海,3年及以上,本科,上海新阳半导体材料
前程无忧,计算机,机载总体架构工程师 (MJ000104),22500,上海,1-3年,硕士,中航民机机载系统
前程无忧,计算机,AI Agent 工程师,25000,上海,2年及以上,本科,上海烁乐信息科技
前程无忧,计算机,计算机辅助药物设计（CADD）科学家(J19244),23000,上海,3年及以上,硕士,上海复宏汉霖生物技术
前程无忧,计算机,星载计算机项目经理,17000,上海,3年及以上,本科,寰宇泛智（上海）航天科技
前程无忧,计算机,数据治理工程师（知识图谱方向） (MJ000111),22500,上海,1-3年,硕士,中航民机机载系统
前程无忧,计算机,IT技术支持,5000,上海,2年及以上,本科,上海杰昂计算机科技
前程无忧,计算机,轮式人形机器人ROS开发工程师,28500,上海,3-5年,硕士,双子智擎具身智能科技（苏州）
前程无忧,计算机,机加工班组长（CNC数控编程）,15000,上海,5年及以上,中技/中专,上海维益埃智能设备制造
前程无忧,计算机,机器人上位机软件工程师（base苏州）,22500,上海,3年及以上,本科,星工聚将（苏州）智能科技
前程无忧,计算机,安检信息系统工程师（浦东机场）,8000,上海,3年及以上,大专,中海智（北京）科技
前程无忧,计算机,嵌入式软件工程师（电机控制）,30000,上海,3年及以上,本科,上海海德弗驱动技术
前程无忧,计算机,机电一体化工程师,9000,上海,3-4年,本科,上海华湘计算机通讯工程
前程无忧,计算机,机房运维工程师,12000,上海,3-5年,大专,赫盾数（上海）信息科技
前程无忧,计算机,视觉工程师,8000,上海,3年及以上,本科,上海维誉自动化设备
前程无忧,计算机,嵌入式软件工程师(空压机)(J11315),17500,上海,3年及以上,本科,善诚科技发展（上海）
前程无忧,计算机,机要岗,21500,上海,1年,本科,银联国际
前程无忧,计算机,机房建设解决方案经理,32500,上海,3年及以上,本科,临港算力（上海）科技
前程无忧,计算机,供应链经理（以采购为主-机加工件）,22000,上海,8年及以上,本科,佳瑞咨询（上海）
前程无忧,计算机,电气工程师（包装机组）,17500,上海,5年及以上,本科,上海图灵智造机器人
前程无忧,计算机,IT 运维工程师(J10031),8000,上海,3年及以上,本科,上海新阳半导体材料
前程无忧,计算机,信息专员（计算机/硬件维护）,8000,上海,无需经验,本科,国投沪康（上海）养老服务
前程无忧,计算机,计算机桌面运维工程师,7000,上海,2年,大专,上海港讯电子科技
前程无忧,计算机,计算机信息系统技术员,90000,上海,无需经验,本科,上海蔡同德药业
前程无忧,计算机,Linux系统开发工程师(计算机）,8000,上海,1-3年,本科,上海柏飞电子科技
前程无忧,计算机,设备工程师-计算机硬件专业,130000,上海,无需经验,大专,上海探跃半导体设备
前程无忧,计算机,分析科学计算机化系统软件数据管理方向,15000,上海,1-5年,本科,上海药明生物技术
前程无忧,计算机,科研计算机销售员,6000,上海,无需经验,大专,上海赞存信息科技
前程无忧,计算机,初级机器视觉工程师,6000,上海,1-3年,本科,上海鉴泉自动化科技
前程无忧,计算机,GPU计算机销售员,6000,上海,无需经验,本科,上海赞存信息科技
前程无忧,计算机,分析科学计算机化系统数智化管理专家 (MJ010300),14000,上海,无需经验,本科,上海药明生物技术
前程无忧,计算机,机载总体架构工程师 (MJ000104),22500,上海,1-3年,硕士,中航民机机载系统
前程无忧,计算机,Linux驱动工程师（计算机方向）,325000,上海,2年,本科,上海柏飞电子科技
前程无忧,计算机,计算机及人工智能教师,16500,上海,2年及以上,本科,上海基尔嘉禾教育科技
前程无忧,计算机,AI计算机销售员（实习生）,5000,上海,无需经验,大专,上海赞存信息科技
前程无忧,计算机,计算机测试系统设计工程师,9000,上海,6年及以上,本科,诺斯美电子技术（上海）
前程无忧,计算机,计算机信息技术/STEAM老师,225000,上海,5-7年,本科,上海浦东新区民办筑桥实验小学
前程无忧,计算机,AI计算机电话销售,6000,上海,无需经验,大专,上海赞存信息科技
前程无忧,计算机,计算机视觉实习生,250,上海,无需经验,硕士,威盛电子（上海）
前程无忧,计算机,星载计算机项目经理,17000,上海,3年及以上,本科,寰宇泛智（上海）航天科技
前程无忧,计算机,系统架构工程师 (MJ000064),22500,上海,1-3年,硕士,中航民机机载系统
前程无忧,计算机,计算机老师,17500,上海,3年及以上,本科,上海励滕伯克曼教育科技
前程无忧,计算机,国际高中 计算机科学教师/计算机老师,13500,上海,1年及以上,本科,上海市民办上实剑桥外国语中学
前程无忧,计算机,计算机及人工智能教师,16500,上海,2年及以上,本科,上海基尔嘉禾教育科技
前程无忧,计算机,高中计算机老师,12500,上海,1-5年,本科,上海诺美高级中学
前程无忧,计算机,系统架构AI应用工程师 (MJ000063),22500,上海,1-3年,硕士,中航民机机载系统
前程无忧,计算机,系统架构AI应用专家 (MJ000066),22500,上海,1-3年,硕士,中航民机机载系统
前程无忧,计算机,系统架构工程师 (MJ000062),22500,上海,1-3年,硕士,中航民机机载系统
前程无忧,计算机,Alevel计算机老师-光华剑桥,15500,上海,无需经验,本科,上海日月光华教育投资
前程无忧,计算机,双语计算机老师,8000,上海,1年及以上,本科,上海宝华曜万教育技术
前程无忧,计算机,计算机信息技术/STEAM老师,225000,上海,5-7年,本科,上海浦东新区民办筑桥实验小学
前程无忧,计算机,双语计算机老师,17500,上海,5年及以上,本科,上海领科专修学院
前程无忧,计算机,AP教师心理/统计/物理/经济/计算机,20000,上海,3年及以上,本科,上海浦东新区民办更新学校
前程无忧,计算机,初高中计算机教师 Computer Science Teacher,17500,上海,8年,硕士,上海康德双语实验学校
前程无忧,计算机,高中物理/英语/计算机教师（宝山世外-融合部）,255000,上海,1年及以上,本科,上海均瑶世外教育科技（集团）
前程无忧,计算机,AI计算机音频处理研究工程师,18500,上海,1年及以上,本科,大连华钦软件技术
前程无忧,计算机,高级计算机视觉算法工程师,275000,上海,3年及以上,硕士,中国海诚工程科技
前程无忧,计算机,计算机信息系统技术员,90000,上海,无需经验,本科,上海蔡同德药业
前程无忧,计算机,算法工程师（计算机视觉方向）,35000,上海,5年及以上,硕士,上海爱医舟医疗科技
前程无忧,计算机,计算机软件工程师（AI算法/机器人）,250000,上海,5年及以上,本科,上海锅炉厂
前程无忧,计算机,系统架构工程师 (MJ000064),22500,上海,1-3年,硕士,中航民机机载系统
前程无忧,计算机,机载总体架构工程师 (MJ000104),22500,上海,1-3年,硕士,中航民机机载系统
前程无忧,计算机,系统架构AI应用工程师 (MJ000063),22500,上海,1-3年,硕士,中航民机机载系统
前程无忧,计算机,系统架构AI应用专家 (MJ000066),22500,上海,1-3年,硕士,中航民机机载系统
前程无忧,计算机,系统架构工程师 (MJ000062),22500,上海,1-3年,硕士,中航民机机载系统
前程无忧,计算机,高级计算机视觉算法工程师,275000,上海,3年及以上,硕士,中国海诚工程科技
前程无忧,计算机,算法工程师（计算机视觉方向）,35000,上海,5年及以上,硕士,上海爱医舟医疗科技
前程无忧,计算机,计算机视觉（CV）算法工程师,35000,上海,3年及以上,硕士,前锦网络信息技术（上海）
前程无忧,计算机,计算机软件工程师（AI算法/机器人）,250000,上海,5年及以上,本科,上海锅炉厂
前程无忧,计算机,计算机视觉工程师,14000,上海,3-5年,本科,上海勤为智能科技
前程无忧,计算机,AI计算机音频处理研究工程师,18500,上海,1年及以上,本科,大连华钦软件技术
前程无忧,计算机,计算机及人工智能教师,16500,上海,2年及以上,本科,上海基尔嘉禾教育科技
前程无忧,计算机,计算机视觉实习生,250,上海,无需经验,硕士,威盛电子（上海）
前程无忧,计算机,计算机老师,17500,上海,3年及以上,本科,上海励滕伯克曼教育科技
前程无忧,计算机,高中计算机老师,12500,上海,1-5年,本科,上海诺美高级中学
前程无忧,计算机,双语计算机老师,8000,上海,1年及以上,本科,上海宝华曜万教育技术
前程无忧,计算机,双语计算机老师,17500,上海,5年及以上,本科,上海领科专修学院
前程无忧,计算机,助理研究员/博士后-计算机视觉,325000,上海,无需经验,博士,临港实验室
前程无忧,计算机,计算机信息技术/STEAM老师,225000,上海,5-7年,本科,上海浦东新区民办筑桥实验小学
前程无忧,计算机,国际高中 计算机科学教师/计算机老师,13500,上海,1年及以上,本科,上海市民办上实剑桥外国语中学
前程无忧,计算机,系统架构工程师 (MJ000064),22500,上海,1-3年,硕士,中航民机机载系统
前程无忧,计算机,机载总体架构工程师 (MJ000104),22500,上海,1-3年,硕士,中航民机机载系统
前程无忧,计算机,系统架构AI应用工程师 (MJ000063),22500,上海,1-3年,硕士,中航民机机载系统
前程无忧,计算机,系统架构AI应用专家 (MJ000066),22500,上海,1-3年,硕士,中航民机机载系统
前程无忧,计算机,系统架构工程师 (MJ000062),22500,上海,1-3年,硕士,中航民机机载系统
前程无忧,计算机,高级计算机视觉算法工程师,275000,上海,3年及以上,硕士,中国海诚工程科技
前程无忧,计算机,算法工程师（计算机视觉方向）,35000,上海,5年及以上,硕士,上海爱医舟医疗科技
前程无忧,计算机,计算机视觉（CV）算法工程师,35000,上海,3年及以上,硕士,前锦网络信息技术（上海）
前程无忧,计算机,计算机软件工程师（AI算法/机器人）,250000,上海,5年及以上,本科,上海锅炉厂
前程无忧,计算机,计算机视觉工程师,14000,上海,3-5年,本科,上海勤为智能科技
前程无忧,计算机,AI计算机音频处理研究工程师,18500,上海,1年及以上,本科,大连华钦软件技术
前程无忧,计算机,计算机及人工智能教师,16500,上海,2年及以上,本科,上海基尔嘉禾教育科技
前程无忧,计算机,计算机视觉实习生,250,上海,无需经验,硕士,威盛电子（上海）
前程无忧,计算机,计算机老师,17500,上海,3年及以上,本科,上海励滕伯克曼教育科技
前程无忧,计算机,高中计算机老师,12500,上海,1-5年,本科,上海诺美高级中学
前程无忧,计算机,双语计算机老师,8000,上海,1年及以上,本科,上海宝华曜万教育技术
前程无忧,计算机,双语计算机老师,17500,上海,5年及以上,本科,上海领科专修学院
前程无忧,计算机,助理研究员/博士后-计算机视觉,325000,上海,无需经验,博士,临港实验室
前程无忧,计算机,计算机信息技术/STEAM老师,225000,上海,5-7年,本科,上海浦东新区民办筑桥实验小学
前程无忧,计算机,国际高中 计算机科学教师/计算机老师,13500,上海,1年及以上,本科,上海市民办上实剑桥外国语中学
前程无忧,计算机,IT 运维工程师(J10031),8000,上海,3年及以上,本科,上海新阳半导体材料
前程无忧,计算机,信息专员（计算机/硬件维护）,8000,上海,无需经验,本科,国投沪康（上海）养老服务
前程无忧,计算机,计算机桌面运维工程师,7000,上海,2年,大专,上海港讯电子科技
前程无忧,计算机,计算机信息系统技术员,90000,上海,无需经验,本科,上海蔡同德药业
前程无忧,计算机,Linux系统开发工程师(计算机）,8000,上海,1-3年,本科,上海柏飞电子科技
前程无忧,计算机,设备工程师-计算机硬件专业,130000,上海,无需经验,大专,上海探跃半导体设备
前程无忧,计算机,分析科学计算机化系统软件数据管理方向,15000,上海,1-5年,本科,上海药明生物技术
前程无忧,计算机,科研计算机销售员,6000,上海,无需经验,大专,上海赞存信息科技
前程无忧,计算机,初级机器视觉工程师,6000,上海,1-3年,本科,上海鉴泉自动化科技
前程无忧,计算机,GPU计算机销售员,6000,上海,无需经验,本科,上海赞存信息科技
前程无忧,计算机,分析科学计算机化系统数智化管理专家 (MJ010300),14000,上海,无需经验,本科,上海药明生物技术
前程无忧,计算机,机载总体架构工程师 (MJ000104),22500,上海,1-3年,硕士,中航民机机载系统
前程无忧,计算机,Linux驱动工程师（计算机方向）,325000,上海,2年,本科,上海柏飞电子科技
前程无忧,计算机,计算机及人工智能教师,16500,上海,2年及以上,本科,上海基尔嘉禾教育科技
前程无忧,计算机,AI计算机销售员（实习生）,5000,上海,无需经验,大专,上海赞存信息科技
前程无忧,计算机,计算机测试系统设计工程师,9000,上海,6年及以上,本科,诺斯美电子技术（上海）
前程无忧,计算机,计算机信息技术/STEAM老师,225000,上海,5-7年,本科,上海浦东新区民办筑桥实验小学
前程无忧,计算机,AI计算机电话销售,6000,上海,无需经验,大专,上海赞存信息科技
前程无忧,计算机,计算机视觉实习生,250,上海,无需经验,硕士,威盛电子（上海）
前程无忧,计算机,星载计算机项目经理,17000,上海,3年及以上,本科,寰宇泛智（上海）航天科技
前程无忧,计算机,系统架构工程师 (MJ000064),22500,上海,1-3年,硕士,中航民机机载系统
前程无忧,计算机,机载总体架构工程师 (MJ000104),22500,上海,1-3年,硕士,中航民机机载系统
前程无忧,计算机,系统架构AI应用工程师 (MJ000063),22500,上海,1-3年,硕士,中航民机机载系统
前程无忧,计算机,系统架构AI应用专家 (MJ000066),22500,上海,1-3年,硕士,中航民机机载系统
前程无忧,计算机,系统架构工程师 (MJ000062),22500,上海,1-3年,硕士,中航民机机载系统
前程无忧,计算机,高级计算机视觉算法工程师,275000,上海,3年及以上,硕士,中国海诚工程科技
前程无忧,计算机,算法工程师（计算机视觉方向）,35000,上海,5年及以上,硕士,上海爱医舟医疗科技
前程无忧,计算机,计算机视觉（CV）算法工程师,35000,上海,3年及以上,硕士,前锦网络信息技术（上海）
前程无忧,计算机,计算机软件工程师（AI算法/机器人）,250000,上海,5年及以上,本科,上海锅炉厂
前程无忧,计算机,计算机视觉工程师,14000,上海,3-5年,本科,上海勤为智能科技
前程无忧,计算机,AI计算机音频处理研究工程师,18500,上海,1年及以上,本科,大连华钦软件技术
前程无忧,计算机,计算机及人工智能教师,16500,上海,2年及以上,本科,上海基尔嘉禾教育科技
前程无忧,计算机,计算机视觉实习生,250,上海,无需经验,硕士,威盛电子（上海）
前程无忧,计算机,计算机老师,17500,上海,3年及以上,本科,上海励滕伯克曼教育科技
前程无忧,计算机,高中计算机老师,12500,上海,1-5年,本科,上海诺美高级中学
前程无忧,计算机,双语计算机老师,8000,上海,1年及以上,本科,上海宝华曜万教育技术
前程无忧,计算机,双语计算机老师,17500,上海,5年及以上,本科,上海领科专修学院
前程无忧,计算机,助理研究员/博士后-计算机视觉,325000,上海,无需经验,博士,临港实验室
前程无忧,计算机,计算机信息技术/STEAM老师,225000,上海,5-7年,本科,上海浦东新区民办筑桥实验小学
前程无忧,计算机,国际高中 计算机科学教师/计算机老师,13500,上海,1年及以上,本科,上海市民办上实剑桥外国语中学
前程无忧,计算机,系统架构工程师 (MJ000064),22500,上海,1-3年,硕士,中航民机机载系统
前程无忧,计算机,机载总体架构工程师 (MJ000104),22500,上海,1-3年,硕士,中航民机机载系统
前程无忧,计算机,系统架构AI应用工程师 (MJ000063),22500,上海,1-3年,硕士,中航民机机载系统
前程无忧,计算机,系统架构AI应用专家 (MJ000066),22500,上海,1-3年,硕士,中航民机机载系统
前程无忧,计算机,系统架构工程师 (MJ000062),22500,上海,1-3年,硕士,中航民机机载系统
前程无忧,计算机,高级计算机视觉算法工程师,275000,上海,3年及以上,硕士,中国海诚工程科技
前程无忧,计算机,算法工程师（计算机视觉方向）,35000,上海,5年及以上,硕士,上海爱医舟医疗科技
前程无忧,计算机,计算机视觉（CV）算法工程师,35000,上海,3年及以上,硕士,前锦网络信息技术（上海）
前程无忧,计算机,计算机软件工程师（AI算法/机器人）,250000,上海,5年及以上,本科,上海锅炉厂
前程无忧,计算机,计算机视觉工程师,14000,上海,3-5年,本科,上海勤为智能科技
前程无忧,计算机,AI计算机音频处理研究工程师,18500,上海,1年及以上,本科,大连华钦软件技术
前程无忧,计算机,计算机及人工智能教师,16500,上海,2年及以上,本科,上海基尔嘉禾教育科技
前程无忧,计算机,计算机视觉实习生,250,上海,无需经验,硕士,威盛电子（上海）
前程无忧,计算机,计算机老师,17500,上海,3年及以上,本科,上海励滕伯克曼教育科技
前程无忧,计算机,高中计算机老师,12500,上海,1-5年,本科,上海诺美高级中学
前程无忧,计算机,双语计算机老师,8000,上海,1年及以上,本科,上海宝华曜万教育技术
前程无忧,计算机,双语计算机老师,17500,上海,5年及以上,本科,上海领科专修学院
前程无忧,计算机,助理研究员/博士后-计算机视觉,325000,上海,无需经验,博士,临港实验室
前程无忧,计算机,计算机信息技术/STEAM老师,225000,上海,5-7年,本科,上海浦东新区民办筑桥实验小学
前程无忧,计算机,国际高中 计算机科学教师/计算机老师,13500,上海,1年及以上,本科,上海市民办上实剑桥外国语中学
前程无忧,计算机,系统架构工程师 (MJ000064),22500,上海,1-3年,硕士,中航民机机载系统
前程无忧,计算机,计算机老师,17500,上海,3年及以上,本科,上海励滕伯克曼教育科技
前程无忧,计算机,国际高中 计算机科学教师/计算机老师,13500,上海,1年及以上,本科,上海市民办上实剑桥外国语中学
前程无忧,计算机,计算机及人工智能教师,16500,上海,2年及以上,本科,上海基尔嘉禾教育科技
前程无忧,计算机,高中计算机老师,12500,上海,1-5年,本科,上海诺美高级中学
前程无忧,计算机,系统架构AI应用工程师 (MJ000063),22500,上海,1-3年,硕士,中航民机机载系统
前程无忧,计算机,系统架构AI应用专家 (MJ000066),22500,上海,1-3年,硕士,中航民机机载系统
前程无忧,计算机,系统架构工程师 (MJ000062),22500,上海,1-3年,硕士,中航民机机载系统
前程无忧,计算机,Alevel计算机老师-光华剑桥,15500,上海,无需经验,本科,上海日月光华教育投资
前程无忧,计算机,双语计算机老师,8000,上海,1年及以上,本科,上海宝华曜万教育技术
前程无忧,计算机,计算机信息技术/STEAM老师,225000,上海,5-7年,本科,上海浦东新区民办筑桥实验小学
前程无忧,计算机,双语计算机老师,17500,上海,5年及以上,本科,上海领科专修学院
前程无忧,计算机,AP教师心理/统计/物理/经济/计算机,20000,上海,3年及以上,本科,上海浦东新区民办更新学校
前程无忧,计算机,初高中计算机教师 Computer Science Teacher,17500,上海,8年,硕士,上海康德双语实验学校
前程无忧,计算机,高中物理/英语/计算机教师（宝山世外-融合部）,255000,上海,1年及以上,本科,上海均瑶世外教育科技（集团）
前程无忧,计算机,AI计算机音频处理研究工程师,18500,上海,1年及以上,本科,大连华钦软件技术
前程无忧,计算机,高级计算机视觉算法工程师,275000,上海,3年及以上,硕士,中国海诚工程科技
前程无忧,计算机,计算机信息系统技术员,90000,上海,无需经验,本科,上海蔡同德药业
前程无忧,计算机,算法工程师（计算机视觉方向）,35000,上海,5年及以上,硕士,上海爱医舟医疗科技
前程无忧,计算机,计算机软件工程师（AI算法/机器人）,250000,上海,5年及以上,本科,上海锅炉厂
前程无忧,计算机,系统架构工程师 (MJ000064),22500,上海,1-3年,硕士,中航民机机载系统
前程无忧,计算机,计算机老师,17500,上海,3年及以上,本科,上海励滕伯克曼教育科技
前程无忧,计算机,国际高中 计算机科学教师/计算机老师,13500,上海,1年及以上,本科,上海市民办上实剑桥外国语中学
前程无忧,计算机,计算机及人工智能教师,16500,上海,2年及以上,本科,上海基尔嘉禾教育科技
前程无忧,计算机,高中计算机老师,12500,上海,1-5年,本科,上海诺美高级中学
前程无忧,计算机,系统架构AI应用工程师 (MJ000063),22500,上海,1-3年,硕士,中航民机机载系统
前程无忧,计算机,系统架构AI应用专家 (MJ000066),22500,上海,1-3年,硕士,中航民机机载系统
前程无忧,计算机,系统架构工程师 (MJ000062),22500,上海,1-3年,硕士,中航民机机载系统
前程无忧,计算机,Alevel计算机老师-光华剑桥,15500,上海,无需经验,本科,上海日月光华教育投资
前程无忧,计算机,双语计算机老师,8000,上海,1年及以上,本科,上海宝华曜万教育技术
前程无忧,计算机,计算机信息技术/STEAM老师,225000,上海,5-7年,本科,上海浦东新区民办筑桥实验小学
前程无忧,计算机,双语计算机老师,17500,上海,5年及以上,本科,上海领科专修学院
前程无忧,计算机,AP教师心理/统计/物理/经济/计算机,20000,上海,3年及以上,本科,上海浦东新区民办更新学校
前程无忧,计算机,初高中计算机教师 Computer Science Teacher,17500,上海,8年,硕士,上海康德双语实验学校
前程无忧,计算机,高中物理/英语/计算机教师（宝山世外-融合部）,255000,上海,1年及以上,本科,上海均瑶世外教育科技（集团）
前程无忧,计算机,AI计算机音频处理研究工程师,18500,上海,1年及以上,本科,大连华钦软件技术
前程无忧,计算机,高级计算机视觉算法工程师,275000,上海,3年及以上,硕士,中国海诚工程科技
前程无忧,计算机,计算机信息系统技术员,90000,上海,无需经验,本科,上海蔡同德药业
前程无忧,计算机,算法工程师（计算机视觉方向）,35000,上海,5年及以上,硕士,上海爱医舟医疗科技
前程无忧,计算机,计算机软件工程师（AI算法/机器人）,250000,上海,5年及以上,本科,上海锅炉厂
前程无忧,计算机,IT 运维工程师(J10031),8000,上海,3年及以上,本科,上海新阳半导体材料
前程无忧,计算机,信息专员（计算机/硬件维护）,8000,上海,无需经验,本科,国投沪康（上海）养老服务
前程无忧,计算机,计算机桌面运维工程师,7000,上海,2年,大专,上海港讯电子科技
前程无忧,计算机,计算机信息系统技术员,90000,上海,无需经验,本科,上海蔡同德药业
前程无忧,计算机,Linux系统开发工程师(计算机）,8000,上海,1-3年,本科,上海柏飞电子科技
前程无忧,计算机,设备工程师-计算机硬件专业,130000,上海,无需经验,大专,上海探跃半导体设备
前程无忧,计算机,分析科学计算机化系统软件数据管理方向,15000,上海,1-5年,本科,上海药明生物技术
前程无忧,计算机,科研计算机销售员,6000,上海,无需经验,大专,上海赞存信息科技
前程无忧,计算机,初级机器视觉工程师,6000,上海,1-3年,本科,上海鉴泉自动化科技
前程无忧,计算机,GPU计算机销售员,6000,上海,无需经验,本科,上海赞存信息科技
前程无忧,计算机,分析科学计算机化系统数智化管理专家 (MJ010300),14000,上海,无需经验,本科,上海药明生物技术
前程无忧,计算机,机载总体架构工程师 (MJ000104),22500,上海,1-3年,硕士,中航民机机载系统
前程无忧,计算机,Linux驱动工程师（计算机方向）,325000,上海,2年,本科,上海柏飞电子科技
前程无忧,计算机,计算机及人工智能教师,16500,上海,2年及以上,本科,上海基尔嘉禾教育科技
前程无忧,计算机,AI计算机销售员（实习生）,5000,上海,无需经验,大专,上海赞存信息科技
前程无忧,计算机,计算机测试系统设计工程师,9000,上海,6年及以上,本科,诺斯美电子技术（上海）
前程无忧,计算机,计算机信息技术/STEAM老师,225000,上海,5-7年,本科,上海浦东新区民办筑桥实验小学
前程无忧,计算机,AI计算机电话销售,6000,上海,无需经验,大专,上海赞存信息科技
前程无忧,计算机,计算机视觉实习生,250,上海,无需经验,硕士,威盛电子（上海）
前程无忧,计算机,星载计算机项目经理,17000,上海,3年及以上,本科,寰宇泛智（上海）航天科技
前程无忧,计算机,系统架构工程师 (MJ000064),22500,上海,1-3年,硕士,中航民机机载系统
前程无忧,计算机,计算机老师,17500,上海,3年及以上,本科,上海励滕伯克曼教育科技
前程无忧,计算机,国际高中 计算机科学教师/计算机老师,13500,上海,1年及以上,本科,上海市民办上实剑桥外国语中学
前程无忧,计算机,计算机及人工智能教师,16500,上海,2年及以上,本科,上海基尔嘉禾教育科技
前程无忧,计算机,高中计算机老师,12500,上海,1-5年,本科,上海诺美高级中学
前程无忧,计算机,系统架构AI应用工程师 (MJ000063),22500,上海,1-3年,硕士,中航民机机载系统
前程无忧,计算机,系统架构AI应用专家 (MJ000066),22500,上海,1-3年,硕士,中航民机机载系统
前程无忧,计算机,系统架构工程师 (MJ000062),22500,上海,1-3年,硕士,中航民机机载系统
前程无忧,计算机,Alevel计算机老师-光华剑桥,15500,上海,无需经验,本科,上海日月光华教育投资
前程无忧,计算机,双语计算机老师,8000,上海,1年及以上,本科,上海宝华曜万教育技术
前程无忧,计算机,计算机信息技术/STEAM老师,225000,上海,5-7年,本科,上海浦东新区民办筑桥实验小学
前程无忧,计算机,双语计算机老师,17500,上海,5年及以上,本科,上海领科专修学院
前程无忧,计算机,AP教师心理/统计/物理/经济/计算机,20000,上海,3年及以上,本科,上海浦东新区民办更新学校
前程无忧,计算机,初高中计算机教师 Computer Science Teacher,17500,上海,8年,硕士,上海康德双语实验学校
前程无忧,计算机,高中物理/英语/计算机教师（宝山世外-融合部）,255000,上海,1年及以上,本科,上海均瑶世外教育科技（集团）
前程无忧,计算机,AI计算机音频处理研究工程师,18500,上海,1年及以上,本科,大连华钦软件技术
前程无忧,计算机,高级计算机视觉算法工程师,275000,上海,3年及以上,硕士,中国海诚工程科技
前程无忧,计算机,计算机信息系统技术员,90000,上海,无需经验,本科,上海蔡同德药业
前程无忧,计算机,算法工程师（计算机视觉方向）,35000,上海,5年及以上,硕士,上海爱医舟医疗科技
前程无忧,计算机,计算机软件工程师（AI算法/机器人）,250000,上海,5年及以上,本科,上海锅炉厂
前程无忧,计算机,系统架构工程师 (MJ000064),22500,上海,1-3年,硕士,中航民机机载系统
前程无忧,计算机,计算机老师,17500,上海,3年及以上,本科,上海励滕伯克曼教育科技
前程无忧,计算机,国际高中 计算机科学教师/计算机老师,13500,上海,1年及以上,本科,上海市民办上实剑桥外国语中学
前程无忧,计算机,计算机及人工智能教师,16500,上海,2年及以上,本科,上海基尔嘉禾教育科技
前程无忧,计算机,高中计算机老师,12500,上海,1-5年,本科,上海诺美高级中学
前程无忧,计算机,系统架构AI应用工程师 (MJ000063),22500,上海,1-3年,硕士,中航民机机载系统
前程无忧,计算机,系统架构AI应用专家 (MJ000066),22500,上海,1-3年,硕士,中航民机机载系统
前程无忧,计算机,系统架构工程师 (MJ000062),22500,上海,1-3年,硕士,中航民机机载系统
前程无忧,计算机,Alevel计算机老师-光华剑桥,15500,上海,无需经验,本科,上海日月光华教育投资
前程无忧,计算机,双语计算机老师,8000,上海,1年及以上,本科,上海宝华曜万教育技术
前程无忧,计算机,计算机信息技术/STEAM老师,225000,上海,5-7年,本科,上海浦东新区民办筑桥实验小学
前程无忧,计算机,双语计算机老师,17500,上海,5年及以上,本科,上海领科专修学院
前程无忧,计算机,AP教师心理/统计/物理/经济/计算机,20000,上海,3年及以上,本科,上海浦东新区民办更新学校
前程无忧,计算机,初高中计算机教师 Computer Science Teacher,17500,上海,8年,硕士,上海康德双语实验学校
前程无忧,计算机,高中物理/英语/计算机教师（宝山世外-融合部）,255000,上海,1年及以上,本科,上海均瑶世外教育科技（集团）
前程无忧,计算机,AI计算机音频处理研究工程师,18500,上海,1年及以上,本科,大连华钦软件技术
前程无忧,计算机,高级计算机视觉算法工程师,275000,上海,3年及以上,硕士,中国海诚工程科技
前程无忧,计算机,计算机信息系统技术员,90000,上海,无需经验,本科,上海蔡同德药业
前程无忧,计算机,算法工程师（计算机视觉方向）,35000,上海,5年及以上,硕士,上海爱医舟医疗科技
前程无忧,计算机,计算机软件工程师（AI算法/机器人）,250000,上海,5年及以上,本科,上海锅炉厂
前程无忧,计算机,系统架构工程师 (MJ000064),22500,上海,1-3年,硕士,中航民机机载系统
前程无忧,计算机,计算机老师,17500,上海,3年及以上,本科,上海励滕伯克曼教育科技
前程无忧,计算机,国际高中 计算机科学教师/计算机老师,13500,上海,1年及以上,本科,上海市民办上实剑桥外国语中学
前程无忧,计算机,计算机及人工智能教师,16500,上海,2年及以上,本科,上海基尔嘉禾教育科技
前程无忧,计算机,高中计算机老师,12500,上海,1-5年,本科,上海诺美高级中学
前程无忧,计算机,系统架构AI应用工程师 (MJ000063),22500,上海,1-3年,硕士,中航民机机载系统
前程无忧,计算机,系统架构AI应用专家 (MJ000066),22500,上海,1-3年,硕士,中航民机机载系统
前程无忧,计算机,系统架构工程师 (MJ000062),22500,上海,1-3年,硕士,中航民机机载系统
前程无忧,计算机,Alevel计算机老师-光华剑桥,15500,上海,无需经验,本科,上海日月光华教育投资
前程无忧,计算机,双语计算机老师,8000,上海,1年及以上,本科,上海宝华曜万教育技术
前程无忧,计算机,计算机信息技术/STEAM老师,225000,上海,5-7年,本科,上海浦东新区民办筑桥实验小学
前程无忧,计算机,双语计算机老师,17500,上海,5年及以上,本科,上海领科专修学院
前程无忧,计算机,AP教师心理/统计/物理/经济/计算机,20000,上海,3年及以上,本科,上海浦东新区民办更新学校
前程无忧,计算机,初高中计算机教师 Computer Science Teacher,17500,上海,8年,硕士,上海康德双语实验学校
前程无忧,计算机,高中物理/英语/计算机教师（宝山世外-融合部）,255000,上海,1年及以上,本科,上海均瑶世外教育科技（集团）
前程无忧,计算机,AI计算机音频处理研究工程师,18500,上海,1年及以上,本科,大连华钦软件技术
前程无忧,计算机,高级计算机视觉算法工程师,275000,上海,3年及以上,硕士,中国海诚工程科技
前程无忧,计算机,计算机信息系统技术员,90000,上海,无需经验,本科,上海蔡同德药业
前程无忧,计算机,算法工程师（计算机视觉方向）,35000,上海,5年及以上,硕士,上海爱医舟医疗科技
前程无忧,计算机,计算机软件工程师（AI算法/机器人）,250000,上海,5年及以上,本科,上海锅炉厂
前程无忧,计算机,系统架构工程师 (MJ000064),22500,上海,1-3年,硕士,中航民机机载系统
前程无忧,计算机,计算机老师,17500,上海,3年及以上,本科,上海励滕伯克曼教育科技
前程无忧,计算机,国际高中 计算机科学教师/计算机老师,13500,上海,1年及以上,本科,上海市民办上实剑桥外国语中学
前程无忧,计算机,计算机及人工智能教师,16500,上海,2年及以上,本科,上海基尔嘉禾教育科技
前程无忧,计算机,高中计算机老师,12500,上海,1-5年,本科,上海诺美高级中学
前程无忧,计算机,系统架构AI应用工程师 (MJ000063),22500,上海,1-3年,硕士,中航民机机载系统
前程无忧,计算机,系统架构AI应用专家 (MJ000066),22500,上海,1-3年,硕士,中航民机机载系统
前程无忧,计算机,系统架构工程师 (MJ000062),22500,上海,1-3年,硕士,中航民机机载系统
前程无忧,计算机,Alevel计算机老师-光华剑桥,15500,上海,无需经验,本科,上海日月光华教育投资
前程无忧,计算机,双语计算机老师,8000,上海,1年及以上,本科,上海宝华曜万教育技术
前程无忧,计算机,计算机信息技术/STEAM老师,225000,上海,5-7年,本科,上海浦东新区民办筑桥实验小学
前程无忧,计算机,双语计算机老师,17500,上海,5年及以上,本科,上海领科专修学院
前程无忧,计算机,AP教师心理/统计/物理/经济/计算机,20000,上海,3年及以上,本科,上海浦东新区民办更新学校
前程无忧,计算机,初高中计算机教师 Computer Science Teacher,17500,上海,8年,硕士,上海康德双语实验学校
前程无忧,计算机,高中物理/英语/计算机教师（宝山世外-融合部）,255000,上海,1年及以上,本科,上海均瑶世外教育科技（集团）
前程无忧,计算机,AI计算机音频处理研究工程师,18500,上海,1年及以上,本科,大连华钦软件技术
前程无忧,计算机,高级计算机视觉算法工程师,275000,上海,3年及以上,硕士,中国海诚工程科技
前程无忧,计算机,计算机信息系统技术员,90000,上海,无需经验,本科,上海蔡同德药业
前程无忧,计算机,算法工程师（计算机视觉方向）,35000,上海,5年及以上,硕士,上海爱医舟医疗科技
前程无忧,计算机,计算机软件工程师（AI算法/机器人）,250000,上海,5年及以上,本科,上海锅炉厂
前程无忧,计算机,IT 运维工程师(J10031),8000,上海,3年及以上,本科,上海新阳半导体材料
前程无忧,计算机,信息专员（计算机/硬件维护）,8000,上海,无需经验,本科,国投沪康（上海）养老服务
前程无忧,计算机,计算机桌面运维工程师,7000,上海,2年,大专,上海港讯电子科技
前程无忧,计算机,计算机信息系统技术员,90000,上海,无需经验,本科,上海蔡同德药业
前程无忧,计算机,Linux系统开发工程师(计算机）,8000,上海,1-3年,本科,上海柏飞电子科技
前程无忧,计算机,设备工程师-计算机硬件专业,130000,上海,无需经验,大专,上海探跃半导体设备
前程无忧,计算机,分析科学计算机化系统软件数据管理方向,15000,上海,1-5年,本科,上海药明生物技术
前程无忧,计算机,科研计算机销售员,6000,上海,无需经验,大专,上海赞存信息科技
前程无忧,计算机,初级机器视觉工程师,6000,上海,1-3年,本科,上海鉴泉自动化科技
前程无忧,计算机,GPU计算机销售员,6000,上海,无需经验,本科,上海赞存信息科技
前程无忧,计算机,分析科学计算机化系统数智化管理专家 (MJ010300),14000,上海,无需经验,本科,上海药明生物技术
前程无忧,计算机,机载总体架构工程师 (MJ000104),22500,上海,1-3年,硕士,中航民机机载系统
前程无忧,计算机,Linux驱动工程师（计算机方向）,325000,上海,2年,本科,上海柏飞电子科技
前程无忧,计算机,计算机及人工智能教师,16500,上海,2年及以上,本科,上海基尔嘉禾教育科技
前程无忧,计算机,AI计算机销售员（实习生）,5000,上海,无需经验,大专,上海赞存信息科技
前程无忧,计算机,计算机测试系统设计工程师,9000,上海,6年及以上,本科,诺斯美电子技术（上海）
前程无忧,计算机,计算机信息技术/STEAM老师,225000,上海,5-7年,本科,上海浦东新区民办筑桥实验小学
前程无忧,计算机,AI计算机电话销售,6000,上海,无需经验,大专,上海赞存信息科技
前程无忧,计算机,计算机视觉实习生,250,上海,无需经验,硕士,威盛电子（上海）
前程无忧,计算机,星载计算机项目经理,17000,上海,3年及以上,本科,寰宇泛智（上海）航天科技
前程无忧,计算机,IT 运维工程师(J10031),8000,上海,3年及以上,本科,上海新阳半导体材料
前程无忧,计算机,信息专员（计算机/硬件维护）,8000,上海,无需经验,本科,国投沪康（上海）养老服务
前程无忧,计算机,计算机桌面运维工程师,7000,上海,2年,大专,上海港讯电子科技
前程无忧,计算机,计算机信息系统技术员,90000,上海,无需经验,本科,上海蔡同德药业
前程无忧,计算机,Linux系统开发工程师(计算机）,8000,上海,1-3年,本科,上海柏飞电子科技
前程无忧,计算机,设备工程师-计算机硬件专业,130000,上海,无需经验,大专,上海探跃半导体设备
前程无忧,计算机,分析科学计算机化系统软件数据管理方向,15000,上海,1-5年,本科,上海药明生物技术
前程无忧,计算机,科研计算机销售员,6000,上海,无需经验,大专,上海赞存信息科技
前程无忧,计算机,初级机器视觉工程师,6000,上海,1-3年,本科,上海鉴泉自动化科技
前程无忧,计算机,GPU计算机销售员,6000,上海,无需经验,本科,上海赞存信息科技
前程无忧,计算机,分析科学计算机化系统数智化管理专家 (MJ010300),14000,上海,无需经验,本科,上海药明生物技术
前程无忧,计算机,机载总体架构工程师 (MJ000104),22500,上海,1-3年,硕士,中航民机机载系统
前程无忧,计算机,Linux驱动工程师（计算机方向）,325000,上海,2年,本科,上海柏飞电子科技
前程无忧,计算机,计算机及人工智能教师,16500,上海,2年及以上,本科,上海基尔嘉禾教育科技
前程无忧,计算机,AI计算机销售员（实习生）,5000,上海,无需经验,大专,上海赞存信息科技
前程无忧,计算机,计算机测试系统设计工程师,9000,上海,6年及以上,本科,诺斯美电子技术（上海）
前程无忧,计算机,计算机信息技术/STEAM老师,225000,上海,5-7年,本科,上海浦东新区民办筑桥实验小学
前程无忧,计算机,AI计算机电话销售,6000,上海,无需经验,大专,上海赞存信息科技
前程无忧,计算机,计算机视觉实习生,250,上海,无需经验,硕士,威盛电子（上海）
前程无忧,计算机,星载计算机项目经理,17000,上海,3年及以上,本科,寰宇泛智（上海）航天科技
前程无忧,计算机,IT 运维工程师(J10031),8000,上海,3年及以上,本科,上海新阳半导体材料
前程无忧,计算机,信息专员（计算机/硬件维护）,8000,上海,无需经验,本科,国投沪康（上海）养老服务
前程无忧,计算机,计算机桌面运维工程师,7000,上海,2年,大专,上海港讯电子科技
前程无忧,计算机,计算机信息系统技术员,90000,上海,无需经验,本科,上海蔡同德药业
前程无忧,计算机,Linux系统开发工程师(计算机）,8000,上海,1-3年,本科,上海柏飞电子科技
前程无忧,计算机,设备工程师-计算机硬件专业,130000,上海,无需经验,大专,上海探跃半导体设备
前程无忧,计算机,分析科学计算机化系统软件数据管理方向,15000,上海,1-5年,本科,上海药明生物技术
前程无忧,计算机,科研计算机销售员,6000,上海,无需经验,大专,上海赞存信息科技
前程无忧,计算机,初级机器视觉工程师,6000,上海,1-3年,本科,上海鉴泉自动化科技
前程无忧,计算机,GPU计算机销售员,6000,上海,无需经验,本科,上海赞存信息科技
前程无忧,计算机,分析科学计算机化系统数智化管理专家 (MJ010300),14000,上海,无需经验,本科,上海药明生物技术
前程无忧,计算机,机载总体架构工程师 (MJ000104),22500,上海,1-3年,硕士,中航民机机载系统
前程无忧,计算机,Linux驱动工程师（计算机方向）,325000,上海,2年,本科,上海柏飞电子科技
前程无忧,计算机,计算机及人工智能教师,16500,上海,2年及以上,本科,上海基尔嘉禾教育科技
前程无忧,计算机,AI计算机销售员（实习生）,5000,上海,无需经验,大专,上海赞存信息科技
前程无忧,计算机,计算机测试系统设计工程师,9000,上海,6年及以上,本科,诺斯美电子技术（上海）
前程无忧,计算机,计算机信息技术/STEAM老师,225000,上海,5-7年,本科,上海浦东新区民办筑桥实验小学
前程无忧,计算机,AI计算机电话销售,6000,上海,无需经验,大专,上海赞存信息科技
前程无忧,计算机,计算机视觉实习生,250,上海,无需经验,硕士,威盛电子（上海）
前程无忧,计算机,星载计算机项目经理,17000,上海,3年及以上,本科,寰宇泛智（上海）航天科技
前程无忧,计算机,系统架构工程师 (MJ000064),22500,上海,1-3年,硕士,中航民机机载系统
前程无忧,计算机,机载总体架构工程师 (MJ000104),22500,上海,1-3年,硕士,中航民机机载系统
前程无忧,计算机,系统架构AI应用工程师 (MJ000063),22500,上海,1-3年,硕士,中航民机机载系统
前程无忧,计算机,系统架构AI应用专家 (MJ000066),22500,上海,1-3年,硕士,中航民机机载系统
前程无忧,计算机,系统架构工程师 (MJ000062),22500,上海,1-3年,硕士,中航民机机载系统
前程无忧,计算机,高级计算机视觉算法工程师,275000,上海,3年及以上,硕士,中国海诚工程科技
前程无忧,计算机,算法工程师（计算机视觉方向）,35000,上海,5年及以上,硕士,上海爱医舟医疗科技
前程无忧,计算机,计算机视觉（CV）算法工程师,35000,上海,3年及以上,硕士,前锦网络信息技术（上海）
前程无忧,计算机,计算机软件工程师（AI算法/机器人）,250000,上海,5年及以上,本科,上海锅炉厂
前程无忧,计算机,计算机视觉工程师,14000,上海,3-5年,本科,上海勤为智能科技
前程无忧,计算机,AI计算机音频处理研究工程师,18500,上海,1年及以上,本科,大连华钦软件技术
前程无忧,计算机,计算机及人工智能教师,16500,上海,2年及以上,本科,上海基尔嘉禾教育科技
前程无忧,计算机,计算机视觉实习生,250,上海,无需经验,硕士,威盛电子（上海）
前程无忧,计算机,计算机老师,17500,上海,3年及以上,本科,上海励滕伯克曼教育科技
前程无忧,计算机,高中计算机老师,12500,上海,1-5年,本科,上海诺美高级中学
前程无忧,计算机,双语计算机老师,8000,上海,1年及以上,本科,上海宝华曜万教育技术
前程无忧,计算机,双语计算机老师,17500,上海,5年及以上,本科,上海领科专修学院
前程无忧,计算机,助理研究员/博士后-计算机视觉,325000,上海,无需经验,博士,临港实验室
前程无忧,计算机,计算机信息技术/STEAM老师,225000,上海,5-7年,本科,上海浦东新区民办筑桥实验小学
前程无忧,计算机,国际高中 计算机科学教师/计算机老师,13500,上海,1年及以上,本科,上海市民办上实剑桥外国语中学
前程无忧,计算机,IT 运维工程师(J10031),8000,上海,3年及以上,本科,上海新阳半导体材料
前程无忧,计算机,信息专员（计算机/硬件维护）,8000,上海,无需经验,本科,国投沪康（上海）养老服务
前程无忧,计算机,计算机桌面运维工程师,7000,上海,2年,大专,上海港讯电子科技
前程无忧,计算机,计算机信息系统技术员,90000,上海,无需经验,本科,上海蔡同德药业
前程无忧,计算机,Linux系统开发工程师(计算机）,8000,上海,1-3年,本科,上海柏飞电子科技
前程无忧,计算机,设备工程师-计算机硬件专业,130000,上海,无需经验,大专,上海探跃半导体设备
前程无忧,计算机,分析科学计算机化系统软件数据管理方向,15000,上海,1-5年,本科,上海药明生物技术
前程无忧,计算机,科研计算机销售员,6000,上海,无需经验,大专,上海赞存信息科技
前程无忧,计算机,初级机器视觉工程师,6000,上海,1-3年,本科,上海鉴泉自动化科技
前程无忧,计算机,GPU计算机销售员,6000,上海,无需经验,本科,上海赞存信息科技
前程无忧,计算机,分析科学计算机化系统数智化管理专家 (MJ010300),14000,上海,无需经验,本科,上海药明生物技术
前程无忧,计算机,机载总体架构工程师 (MJ000104),22500,上海,1-3年,硕士,中航民机机载系统
前程无忧,计算机,Linux驱动工程师（计算机方向）,325000,上海,2年,本科,上海柏飞电子科技
前程无忧,计算机,计算机及人工智能教师,16500,上海,2年及以上,本科,上海基尔嘉禾教育科技
前程无忧,计算机,AI计算机销售员（实习生）,5000,上海,无需经验,大专,上海赞存信息科技
前程无忧,计算机,计算机测试系统设计工程师,9000,上海,6年及以上,本科,诺斯美电子技术（上海）
前程无忧,计算机,计算机信息技术/STEAM老师,225000,上海,5-7年,本科,上海浦东新区民办筑桥实验小学
前程无忧,计算机,AI计算机电话销售,6000,上海,无需经验,大专,上海赞存信息科技
前程无忧,计算机,计算机视觉实习生,250,上海,无需经验,硕士,威盛电子（上海）
前程无忧,计算机,星载计算机项目经理,17000,上海,3年及以上,本科,寰宇泛智（上海）航天科技
前程无忧,计算机,系统架构工程师 (MJ000064),22500,上海,1-3年,硕士,中航民机机载系统
前程无忧,计算机,计算机老师,17500,上海,3年及以上,本科,上海励滕伯克曼教育科技
前程无忧,计算机,国际高中 计算机科学教师/计算机老师,13500,上海,1年及以上,本科,上海市民办上实剑桥外国语中学
前程无忧,计算机,计算机及人工智能教师,16500,上海,2年及以上,本科,上海基尔嘉禾教育科技
前程无忧,计算机,高中计算机老师,12500,上海,1-5年,本科,上海诺美高级中学
前程无忧,计算机,系统架构AI应用工程师 (MJ000063),22500,上海,1-3年,硕士,中航民机机载系统
前程无忧,计算机,系统架构AI应用专家 (MJ000066),22500,上海,1-3年,硕士,中航民机机载系统
前程无忧,计算机,系统架构工程师 (MJ000062),22500,上海,1-3年,硕士,中航民机机载系统
前程无忧,计算机,Alevel计算机老师-光华剑桥,15500,上海,无需经验,本科,上海日月光华教育投资
前程无忧,计算机,双语计算机老师,8000,上海,1年及以上,本科,上海宝华曜万教育技术
前程无忧,计算机,计算机信息技术/STEAM老师,225000,上海,5-7年,本科,上海浦东新区民办筑桥实验小学
前程无忧,计算机,双语计算机老师,17500,上海,5年及以上,本科,上海领科专修学院
前程无忧,计算机,AP教师心理/统计/物理/经济/计算机,20000,上海,3年及以上,本科,上海浦东新区民办更新学校
前程无忧,计算机,初高中计算机教师 Computer Science Teacher,17500,上海,8年,硕士,上海康德双语实验学校
前程无忧,计算机,高中物理/英语/计算机教师（宝山世外-融合部）,255000,上海,1年及以上,本科,上海均瑶世外教育科技（集团）
前程无忧,计算机,AI计算机音频处理研究工程师,18500,上海,1年及以上,本科,大连华钦软件技术
前程无忧,计算机,高级计算机视觉算法工程师,275000,上海,3年及以上,硕士,中国海诚工程科技
前程无忧,计算机,计算机信息系统技术员,90000,上海,无需经验,本科,上海蔡同德药业
前程无忧,计算机,算法工程师（计算机视觉方向）,35000,上海,5年及以上,硕士,上海爱医舟医疗科技
前程无忧,计算机,计算机软件工程师（AI算法/机器人）,250000,上海,5年及以上,本科,上海锅炉厂
前程无忧,计算机,系统架构工程师 (MJ000064),22500,上海,1-3年,硕士,中航民机机载系统
前程无忧,计算机,计算机老师,17500,上海,3年及以上,本科,上海励滕伯克曼教育科技
前程无忧,计算机,国际高中 计算机科学教师/计算机老师,13500,上海,1年及以上,本科,上海市民办上实剑桥外国语中学
前程无忧,计算机,计算机及人工智能教师,16500,上海,2年及以上,本科,上海基尔嘉禾教育科技
前程无忧,计算机,高中计算机老师,12500,上海,1-5年,本科,上海诺美高级中学
前程无忧,计算机,系统架构AI应用工程师 (MJ000063),22500,上海,1-3年,硕士,中航民机机载系统
前程无忧,计算机,系统架构AI应用专家 (MJ000066),22500,上海,1-3年,硕士,中航民机机载系统
前程无忧,计算机,系统架构工程师 (MJ000062),22500,上海,1-3年,硕士,中航民机机载系统
前程无忧,计算机,Alevel计算机老师-光华剑桥,15500,上海,无需经验,本科,上海日月光华教育投资
前程无忧,计算机,双语计算机老师,8000,上海,1年及以上,本科,上海宝华曜万教育技术
前程无忧,计算机,计算机信息技术/STEAM老师,225000,上海,5-7年,本科,上海浦东新区民办筑桥实验小学
前程无忧,计算机,双语计算机老师,17500,上海,5年及以上,本科,上海领科专修学院
前程无忧,计算机,AP教师心理/统计/物理/经济/计算机,20000,上海,3年及以上,本科,上海浦东新区民办更新学校
前程无忧,计算机,初高中计算机教师 Computer Science Teacher,17500,上海,8年,硕士,上海康德双语实验学校
前程无忧,计算机,高中物理/英语/计算机教师（宝山世外-融合部）,255000,上海,1年及以上,本科,上海均瑶世外教育科技（集团）
前程无忧,计算机,AI计算机音频处理研究工程师,18500,上海,1年及以上,本科,大连华钦软件技术
前程无忧,计算机,高级计算机视觉算法工程师,275000,上海,3年及以上,硕士,中国海诚工程科技
前程无忧,计算机,计算机信息系统技术员,90000,上海,无需经验,本科,上海蔡同德药业
前程无忧,计算机,算法工程师（计算机视觉方向）,35000,上海,5年及以上,硕士,上海爱医舟医疗科技
前程无忧,计算机,计算机软件工程师（AI算法/机器人）,250000,上海,5年及以上,本科,上海锅炉厂
前程无忧,计算机,IT 运维工程师(J10031),8000,上海,3年及以上,本科,上海新阳半导体材料
前程无忧,计算机,信息专员（计算机/硬件维护）,8000,上海,无需经验,本科,国投沪康（上海）养老服务
前程无忧,计算机,计算机桌面运维工程师,7000,上海,2年,大专,上海港讯电子科技
前程无忧,计算机,计算机信息系统技术员,90000,上海,无需经验,本科,上海蔡同德药业
前程无忧,计算机,Linux系统开发工程师(计算机）,8000,上海,1-3年,本科,上海柏飞电子科技
前程无忧,计算机,设备工程师-计算机硬件专业,130000,上海,无需经验,大专,上海探跃半导体设备
前程无忧,计算机,分析科学计算机化系统软件数据管理方向,15000,上海,1-5年,本科,上海药明生物技术
前程无忧,计算机,科研计算机销售员,6000,上海,无需经验,大专,上海赞存信息科技
前程无忧,计算机,初级机器视觉工程师,6000,上海,1-3年,本科,上海鉴泉自动化科技
前程无忧,计算机,GPU计算机销售员,6000,上海,无需经验,本科,上海赞存信息科技
前程无忧,计算机,分析科学计算机化系统数智化管理专家 (MJ010300),14000,上海,无需经验,本科,上海药明生物技术
前程无忧,计算机,机载总体架构工程师 (MJ000104),22500,上海,1-3年,硕士,中航民机机载系统
前程无忧,计算机,Linux驱动工程师（计算机方向）,325000,上海,2年,本科,上海柏飞电子科技
前程无忧,计算机,计算机及人工智能教师,16500,上海,2年及以上,本科,上海基尔嘉禾教育科技
前程无忧,计算机,AI计算机销售员（实习生）,5000,上海,无需经验,大专,上海赞存信息科技
前程无忧,计算机,计算机测试系统设计工程师,9000,上海,6年及以上,本科,诺斯美电子技术（上海）
前程无忧,计算机,计算机信息技术/STEAM老师,225000,上海,5-7年,本科,上海浦东新区民办筑桥实验小学
前程无忧,计算机,AI计算机电话销售,6000,上海,无需经验,大专,上海赞存信息科技
前程无忧,计算机,计算机视觉实习生,250,上海,无需经验,硕士,威盛电子（上海）
前程无忧,计算机,星载计算机项目经理,17000,上海,3年及以上,本科,寰宇泛智（上海）航天科技
前程无忧,计算机,数据开发工程师（电力电网行业）,11500,广州,2年及以上,本科,佰聆数据股份有限公司北京
前程无忧,计算机,计算机科学与工程学院教师JS02,135000,广州,无需经验,硕士,广州理工学院
前程无忧,计算机,计算机编程老师（前端-科创项目）,12500,广州,无需经验,本科,行知青藤留学咨询（广州）
前程无忧,计算机,计算机网络教师,6000,广州,1年及以上,本科,广东江南理工高级技工学校
前程无忧,计算机,计算机网络专业教师,6500,广州,2年,本科,广州市电子商务技工学校
前程无忧,计算机,数据科学与计算机教师,180000,广州,无需经验,硕士,广东培正学院
前程无忧,计算机,计算机验证工程师,6500,广州,2年及以上,本科,康方药业
前程无忧,计算机,数据科学与计算机教师,240000,广州,无需经验,博士,广东培正学院
前程无忧,计算机,计算机基础与程序设计（专插本）,1000,广州,1年,硕士,广州中元教育科技
前程无忧,计算机,儿童科学老师（计算机编程方向）,7000,广州,3年及以上,本科,广州科乐多文化发展
前程无忧,计算机,计算机验证副经理,17500,广州,5-7年,本科,康方药业
前程无忧,计算机,计算机老师,7750,广州,1年及以上,本科,广州华成理工职业技术学校
前程无忧,计算机,数据学院与计算机学院-实践教学中心主任,150000,广州,3年及以上,硕士,广东培正学院
前程无忧,计算机,计算机科学与工程学院教师JS01,22500,广州,无需经验,博士,广州理工学院
前程无忧,计算机,IT/计算机技术工程师,6000,广州,2年及以上,大专,广东海光云科技
前程无忧,计算机,IT/计算机技术工程师,6000,广州,2年及以上,大专,广东海光云科技
前程无忧,计算机,中高级测试工程师,7000,广州,3-5年,本科,广州千河导航技术
前程无忧,计算机,IT业务工程师（鞋服箱包优先）,8500,广州,1-3年,大专,广州市厚薄深睡科技
前程无忧,计算机,计算机硬件采购产品经理,14000,广州,1-3年,本科,广州盛恺芯科电子
前程无忧,计算机,计算机视频动作算法工程师,21000,广州,5年及以上,硕士,霸才科技（广州）
前程无忧,计算机,机器视觉软件工程师（C#/.NET方向）,15000,广州,3-5年,本科,苏州威华智能装备
前程无忧,计算机,计算机视觉算法工程师,16000,广州,1-3年,本科,五羊━本田摩托（广州）
前程无忧,计算机,计算机编程老师（前端-科创项目）,12500,广州,无需经验,本科,行知青藤留学咨询（广州）
前程无忧,计算机,计算机视频动作算法工程师,21000,广州,5年及以上,硕士,霸才科技（广州）
前程无忧,计算机,儿童科学老师（计算机编程方向）,7000,广州,3年及以上,本科,广州科乐多文化发展
前程无忧,计算机,计算机工程师 / IT 工程师,7500,广州,3年及以上,大专,广州市玮普纳技术开发
前程无忧,计算机,计算机验证工程师,6500,广州,2年及以上,本科,康方药业
前程无忧,计算机,计算机网络教师,6000,广州,1年及以上,本科,广东江南理工高级技工学校
前程无忧,计算机,IT/计算机技术工程师,6000,广州,2年及以上,大专,广东海光云科技
前程无忧,计算机,计算机网络专业教师,6500,广州,2年,本科,广州市电子商务技工学校
前程无忧,计算机,IT/计算机技术工程师,6000,广州,2年及以上,大专,广东海光云科技
前程无忧,计算机,数据科学与计算机教师,180000,广州,无需经验,硕士,广东培正学院
前程无忧,计算机,计算机验证工程师（应届生）,5500,广州,无需经验,本科,康方药业
前程无忧,计算机,数据科学与计算机教师,240000,广州,无需经验,博士,广东培正学院
前程无忧,计算机,计算机老师,7750,广州,1年及以上,本科,广州华成理工职业技术学校
前程无忧,计算机,计算机科学与工程学院教师JS02,135000,广州,无需经验,硕士,广州理工学院
前程无忧,计算机,软件主管/计算机视觉技术负责人,22500,广州,3年及以上,本科,万物互动技术
前程无忧,计算机,计算机与软件考试中级工程师,6000,广州,无需经验,大专,广州航安技术咨询
前程无忧,计算机,数据学院与计算机学院-实践教学中心主任,150000,广州,3年及以上,硕士,广东培正学院
前程无忧,计算机,数据开发工程师（电力电网行业）,11500,广州,2年及以上,本科,佰聆数据股份有限公司北京
前程无忧,计算机,IT业务工程师（鞋服箱包优先）,8500,广州,1-3年,大专,广州市厚薄深睡科技
前程无忧,计算机,供应链应用高级工程师（外企英语好）,21000,广州,5年及以上,本科,前锦网络信息技术（上海）
前程无忧,计算机,计算机网络教师,6000,广州,1年及以上,本科,广东江南理工高级技工学校
前程无忧,计算机,计算机网络专业教师,6500,广州,2年,本科,广州市电子商务技工学校
前程无忧,计算机,计算机运维工程师,7500,广州,3年及以上,大专,康方药业
前程无忧,计算机,计算机老师,7750,广州,1年及以上,本科,广州华成理工职业技术学校
前程无忧,计算机,IT/计算机技术工程师,6000,广州,2年及以上,大专,广东海光云科技
前程无忧,计算机,计算机验证工程师,6500,广州,2年及以上,本科,康方药业
前程无忧,计算机,计算机基础与程序设计（专插本）,1000,广州,1年,硕士,广州中元教育科技
前程无忧,计算机,数据科学与计算机教师,240000,广州,无需经验,博士,广东培正学院
前程无忧,计算机,儿童科学老师（计算机编程方向）,7000,广州,3年及以上,本科,广州科乐多文化发展
前程无忧,计算机,计算机科学与工程学院教师JS02,135000,广州,无需经验,硕士,广州理工学院
前程无忧,计算机,IT/计算机技术工程师,6000,广州,2年及以上,大专,广东海光云科技
前程无忧,计算机,数据学院与计算机学院-实践教学中心主任,150000,广州,3年及以上,硕士,广东培正学院
前程无忧,计算机,计算机编程老师（前端-科创项目）,12500,广州,无需经验,本科,行知青藤留学咨询（广州）
前程无忧,计算机,计算机工程师 / IT 工程师,7500,广州,3年及以上,大专,广州市玮普纳技术开发
前程无忧,计算机,计算机验证副经理,17500,广州,5-7年,本科,康方药业
前程无忧,计算机,数据科学与计算机教师,180000,广州,无需经验,硕士,广东培正学院
前程无忧,计算机,数据开发工程师（电力电网行业）,11500,广州,2年及以上,本科,佰聆数据股份有限公司北京
前程无忧,计算机,计算机硬件采购产品经理,14000,广州,1-3年,本科,广州盛恺芯科电子
前程无忧,计算机,机器视觉软件工程师（C#/.NET方向）,15000,广州,3-5年,本科,苏州威华智能装备
前程无忧,计算机,计算机视觉算法工程师,16000,广州,1-3年,本科,五羊━本田摩托（广州）
前程无忧,计算机,计算机编程老师（前端-科创项目）,12500,广州,无需经验,本科,行知青藤留学咨询（广州）
前程无忧,计算机,计算机视频动作算法工程师,21000,广州,5年及以上,硕士,霸才科技（广州）
前程无忧,计算机,儿童科学老师（计算机编程方向）,7000,广州,3年及以上,本科,广州科乐多文化发展
前程无忧,计算机,计算机工程师 / IT 工程师,7500,广州,3年及以上,大专,广州市玮普纳技术开发
前程无忧,计算机,计算机验证工程师,6500,广州,2年及以上,本科,康方药业
前程无忧,计算机,计算机网络教师,6000,广州,1年及以上,本科,广东江南理工高级技工学校
前程无忧,计算机,IT/计算机技术工程师,6000,广州,2年及以上,大专,广东海光云科技
前程无忧,计算机,计算机网络专业教师,6500,广州,2年,本科,广州市电子商务技工学校
前程无忧,计算机,IT/计算机技术工程师,6000,广州,2年及以上,大专,广东海光云科技
前程无忧,计算机,数据科学与计算机教师,180000,广州,无需经验,硕士,广东培正学院
前程无忧,计算机,计算机验证工程师（应届生）,5500,广州,无需经验,本科,康方药业
前程无忧,计算机,数据科学与计算机教师,240000,广州,无需经验,博士,广东培正学院
前程无忧,计算机,计算机老师,7750,广州,1年及以上,本科,广州华成理工职业技术学校
前程无忧,计算机,计算机科学与工程学院教师JS02,135000,广州,无需经验,硕士,广州理工学院
前程无忧,计算机,软件主管/计算机视觉技术负责人,22500,广州,3年及以上,本科,万物互动技术
前程无忧,计算机,计算机与软件考试中级工程师,6000,广州,无需经验,大专,广州航安技术咨询
前程无忧,计算机,数据学院与计算机学院-实践教学中心主任,150000,广州,3年及以上,硕士,广东培正学院
前程无忧,计算机,数据开发工程师（电力电网行业）,11500,广州,2年及以上,本科,佰聆数据股份有限公司北京
前程无忧,计算机,数据开发工程师（电力电网行业）,11500,广州,2年及以上,本科,佰聆数据股份有限公司北京
前程无忧,计算机,计算机科学与工程学院教师JS02,135000,广州,无需经验,硕士,广州理工学院
前程无忧,计算机,计算机编程老师（前端-科创项目）,12500,广州,无需经验,本科,行知青藤留学咨询（广州）
前程无忧,计算机,计算机网络教师,6000,广州,1年及以上,本科,广东江南理工高级技工学校
前程无忧,计算机,计算机网络专业教师,6500,广州,2年,本科,广州市电子商务技工学校
前程无忧,计算机,数据科学与计算机教师,180000,广州,无需经验,硕士,广东培正学院
前程无忧,计算机,计算机验证工程师,6500,广州,2年及以上,本科,康方药业
前程无忧,计算机,数据科学与计算机教师,240000,广州,无需经验,博士,广东培正学院
前程无忧,计算机,计算机基础与程序设计（专插本）,1000,广州,1年,硕士,广州中元教育科技
前程无忧,计算机,儿童科学老师（计算机编程方向）,7000,广州,3年及以上,本科,广州科乐多文化发展
前程无忧,计算机,计算机验证副经理,17500,广州,5-7年,本科,康方药业
前程无忧,计算机,计算机老师,7750,广州,1年及以上,本科,广州华成理工职业技术学校
前程无忧,计算机,数据学院与计算机学院-实践教学中心主任,150000,广州,3年及以上,硕士,广东培正学院
前程无忧,计算机,计算机科学与工程学院教师JS01,22500,广州,无需经验,博士,广州理工学院
前程无忧,计算机,IT/计算机技术工程师,6000,广州,2年及以上,大专,广东海光云科技
前程无忧,计算机,IT/计算机技术工程师,6000,广州,2年及以上,大专,广东海光云科技
前程无忧,计算机,中高级测试工程师,7000,广州,3-5年,本科,广州千河导航技术
前程无忧,计算机,IT业务工程师（鞋服箱包优先）,8500,广州,1-3年,大专,广州市厚薄深睡科技
前程无忧,计算机,计算机硬件采购产品经理,14000,广州,1-3年,本科,广州盛恺芯科电子
前程无忧,计算机,计算机视频动作算法工程师,21000,广州,5年及以上,硕士,霸才科技（广州）
前程无忧,计算机,IT业务工程师（鞋服箱包优先）,8500,广州,1-3年,大专,广州市厚薄深睡科技
前程无忧,计算机,供应链应用高级工程师（外企英语好）,21000,广州,5年及以上,本科,前锦网络信息技术（上海）
前程无忧,计算机,计算机网络教师,6000,广州,1年及以上,本科,广东江南理工高级技工学校
前程无忧,计算机,计算机网络专业教师,6500,广州,2年,本科,广州市电子商务技工学校
前程无忧,计算机,计算机运维工程师,7500,广州,3年及以上,大专,康方药业
前程无忧,计算机,计算机老师,7750,广州,1年及以上,本科,广州华成理工职业技术学校
前程无忧,计算机,IT/计算机技术工程师,6000,广州,2年及以上,大专,广东海光云科技
前程无忧,计算机,计算机验证工程师,6500,广州,2年及以上,本科,康方药业
前程无忧,计算机,计算机基础与程序设计（专插本）,1000,广州,1年,硕士,广州中元教育科技
前程无忧,计算机,数据科学与计算机教师,240000,广州,无需经验,博士,广东培正学院
前程无忧,计算机,儿童科学老师（计算机编程方向）,7000,广州,3年及以上,本科,广州科乐多文化发展
前程无忧,计算机,计算机科学与工程学院教师JS02,135000,广州,无需经验,硕士,广州理工学院
前程无忧,计算机,IT/计算机技术工程师,6000,广州,2年及以上,大专,广东海光云科技
前程无忧,计算机,数据学院与计算机学院-实践教学中心主任,150000,广州,3年及以上,硕士,广东培正学院
前程无忧,计算机,计算机编程老师（前端-科创项目）,12500,广州,无需经验,本科,行知青藤留学咨询（广州）
前程无忧,计算机,计算机工程师 / IT 工程师,7500,广州,3年及以上,大专,广州市玮普纳技术开发
前程无忧,计算机,计算机验证副经理,17500,广州,5-7年,本科,康方药业
前程无忧,计算机,数据科学与计算机教师,180000,广州,无需经验,硕士,广东培正学院
前程无忧,计算机,数据开发工程师（电力电网行业）,11500,广州,2年及以上,本科,佰聆数据股份有限公司北京
前程无忧,计算机,计算机硬件采购产品经理,14000,广州,1-3年,本科,广州盛恺芯科电子
前程无忧,计算机,数据开发工程师（电力电网行业）,11500,广州,2年及以上,本科,佰聆数据股份有限公司北京
前程无忧,计算机,计算机科学与工程学院教师JS02,135000,广州,无需经验,硕士,广州理工学院
前程无忧,计算机,计算机编程老师（前端-科创项目）,12500,广州,无需经验,本科,行知青藤留学咨询（广州）
前程无忧,计算机,计算机网络教师,6000,广州,1年及以上,本科,广东江南理工高级技工学校
前程无忧,计算机,计算机网络专业教师,6500,广州,2年,本科,广州市电子商务技工学校
前程无忧,计算机,数据科学与计算机教师,180000,广州,无需经验,硕士,广东培正学院
前程无忧,计算机,计算机验证工程师,6500,广州,2年及以上,本科,康方药业
前程无忧,计算机,数据科学与计算机教师,240000,广州,无需经验,博士,广东培正学院
前程无忧,计算机,计算机基础与程序设计（专插本）,1000,广州,1年,硕士,广州中元教育科技
前程无忧,计算机,儿童科学老师（计算机编程方向）,7000,广州,3年及以上,本科,广州科乐多文化发展
前程无忧,计算机,计算机验证副经理,17500,广州,5-7年,本科,康方药业
前程无忧,计算机,计算机老师,7750,广州,1年及以上,本科,广州华成理工职业技术学校
前程无忧,计算机,数据学院与计算机学院-实践教学中心主任,150000,广州,3年及以上,硕士,广东培正学院
前程无忧,计算机,计算机科学与工程学院教师JS01,22500,广州,无需经验,博士,广州理工学院
前程无忧,计算机,IT/计算机技术工程师,6000,广州,2年及以上,大专,广东海光云科技
前程无忧,计算机,IT/计算机技术工程师,6000,广州,2年及以上,大专,广东海光云科技
前程无忧,计算机,中高级测试工程师,7000,广州,3-5年,本科,广州千河导航技术
前程无忧,计算机,IT业务工程师（鞋服箱包优先）,8500,广州,1-3年,大专,广州市厚薄深睡科技
前程无忧,计算机,计算机硬件采购产品经理,14000,广州,1-3年,本科,广州盛恺芯科电子
前程无忧,计算机,计算机视频动作算法工程师,21000,广州,5年及以上,硕士,霸才科技（广州）
前程无忧,计算机,数据开发工程师（电力电网行业）,11500,广州,2年及以上,本科,佰聆数据股份有限公司北京
前程无忧,计算机,计算机科学与工程学院教师JS02,135000,广州,无需经验,硕士,广州理工学院
前程无忧,计算机,计算机编程老师（前端-科创项目）,12500,广州,无需经验,本科,行知青藤留学咨询（广州）
前程无忧,计算机,计算机网络教师,6000,广州,1年及以上,本科,广东江南理工高级技工学校
前程无忧,计算机,计算机网络专业教师,6500,广州,2年,本科,广州市电子商务技工学校
前程无忧,计算机,数据科学与计算机教师,180000,广州,无需经验,硕士,广东培正学院
前程无忧,计算机,计算机验证工程师,6500,广州,2年及以上,本科,康方药业
前程无忧,计算机,数据科学与计算机教师,240000,广州,无需经验,博士,广东培正学院
前程无忧,计算机,计算机基础与程序设计（专插本）,1000,广州,1年,硕士,广州中元教育科技
前程无忧,计算机,儿童科学老师（计算机编程方向）,7000,广州,3年及以上,本科,广州科乐多文化发展
前程无忧,计算机,计算机验证副经理,17500,广州,5-7年,本科,康方药业
前程无忧,计算机,计算机老师,7750,广州,1年及以上,本科,广州华成理工职业技术学校
前程无忧,计算机,数据学院与计算机学院-实践教学中心主任,150000,广州,3年及以上,硕士,广东培正学院
前程无忧,计算机,计算机科学与工程学院教师JS01,22500,广州,无需经验,博士,广州理工学院
前程无忧,计算机,IT/计算机技术工程师,6000,广州,2年及以上,大专,广东海光云科技
前程无忧,计算机,IT/计算机技术工程师,6000,广州,2年及以上,大专,广东海光云科技
前程无忧,计算机,中高级测试工程师,7000,广州,3-5年,本科,广州千河导航技术
前程无忧,计算机,IT业务工程师（鞋服箱包优先）,8500,广州,1-3年,大专,广州市厚薄深睡科技
前程无忧,计算机,计算机硬件采购产品经理,14000,广州,1-3年,本科,广州盛恺芯科电子
前程无忧,计算机,计算机视频动作算法工程师,21000,广州,5年及以上,硕士,霸才科技（广州）
前程无忧,计算机,IT/计算机技术工程师,6000,广州,2年及以上,大专,广东海光云科技
前程无忧,计算机,数据开发工程师（电力电网行业）,11500,广州,2年及以上,本科,佰聆数据股份有限公司北京
前程无忧,计算机,机器视觉与机器人控制算法工程师,14000,广州,3年及以上,本科,中铁隧道勘察设计研究院
前程无忧,计算机,计算机工程师 / IT 工程师,7500,广州,3年及以上,大专,广州市玮普纳技术开发
前程无忧,计算机,Python软件开发工程师（机器学习方向）,19000,广州,3年及以上,硕士,泓慧睿吉（广州）生物科技
前程无忧,计算机,计算机验证工程师（应届生）,5500,广州,无需经验,本科,康方药业
前程无忧,计算机,机器人算法工程师,22500,广州,无需经验,本科,广州福斯哲智能科技
前程无忧,计算机,机器人数据采集运营员（需求、培训、运营）-派遣,6000,广州,2年及以上,大专,广州小鹏汽车科技
前程无忧,计算机,人工智能专业专职教师,6500,广州,1年,本科,广州东华职业学院
前程无忧,计算机,计算机验证副经理,17500,广州,5-7年,本科,康方药业
前程无忧,计算机,AI 应用工程师,8000,广州,1-3年,本科,广州柏曼光电科技
前程无忧,计算机,大模型平台开发工程师 (MJ004207),20000,广州,2年及以上,本科,广电运通集团
前程无忧,计算机,it工程师,15500,广州,1年及以上,硕士,广州白云科技
前程无忧,计算机,数通讲师,8000,广州,1年及以上,本科,深圳市讯方技术
前程无忧,计算机,数据库开发工程师,5000,广州,1年及以上,大专,广州市方驰电子
前程无忧,计算机,大模型具身智能数据标注,6750,广州,无需经验,本科,广州淇至科技发展
前程无忧,计算机,技术员,6000,广州,1-3年,中技/中专,广州铭视信息科技
前程无忧,计算机,IT技术岗（一）,125000,广州,无需经验,本科,广州珠江城市管理服务集团股份有限公司第一
前程无忧,计算机,技术支持工程师,6750,广州,3年及以上,大专,广州芯朋科技
前程无忧,计算机,机器视觉算法工程师（博士）,45000,广州,1年及以上,博士,超音速人工智能科技
前程无忧,计算机,IT业务工程师（鞋服箱包优先）,8500,广州,1-3年,大专,广州市厚薄深睡科技
前程无忧,计算机,供应链应用高级工程师（外企英语好）,21000,广州,5年及以上,本科,前锦网络信息技术（上海）
前程无忧,计算机,计算机网络教师,6000,广州,1年及以上,本科,广东江南理工高级技工学校
前程无忧,计算机,计算机网络专业教师,6500,广州,2年,本科,广州市电子商务技工学校
前程无忧,计算机,计算机运维工程师,7500,广州,3年及以上,大专,康方药业
前程无忧,计算机,计算机老师,7750,广州,1年及以上,本科,广州华成理工职业技术学校
前程无忧,计算机,IT/计算机技术工程师,6000,广州,2年及以上,大专,广东海光云科技
前程无忧,计算机,计算机验证工程师,6500,广州,2年及以上,本科,康方药业
前程无忧,计算机,计算机基础与程序设计（专插本）,1000,广州,1年,硕士,广州中元教育科技
前程无忧,计算机,数据科学与计算机教师,240000,广州,无需经验,博士,广东培正学院
前程无忧,计算机,儿童科学老师（计算机编程方向）,7000,广州,3年及以上,本科,广州科乐多文化发展
前程无忧,计算机,计算机科学与工程学院教师JS02,135000,广州,无需经验,硕士,广州理工学院
前程无忧,计算机,IT/计算机技术工程师,6000,广州,2年及以上,大专,广东海光云科技
前程无忧,计算机,计算机编程老师（前端-科创项目）,12500,广州,无需经验,本科,行知青藤留学咨询（广州）
前程无忧,计算机,数据学院与计算机学院-实践教学中心主任,150000,广州,3年及以上,硕士,广东培正学院
前程无忧,计算机,计算机工程师 / IT 工程师,7500,广州,3年及以上,大专,广州市玮普纳技术开发
前程无忧,计算机,计算机验证副经理,17500,广州,5-7年,本科,康方药业
前程无忧,计算机,数据科学与计算机教师,180000,广州,无需经验,硕士,广东培正学院
前程无忧,计算机,数据开发工程师（电力电网行业）,11500,广州,2年及以上,本科,佰聆数据股份有限公司北京
前程无忧,计算机,计算机硬件采购产品经理,14000,广州,1-3年,本科,广州盛恺芯科电子
前程无忧,计算机,数据开发工程师（电力电网行业）,11500,广州,2年及以上,本科,佰聆数据股份有限公司北京
前程无忧,计算机,计算机科学与工程学院教师JS02,135000,广州,无需经验,硕士,广州理工学院
前程无忧,计算机,计算机编程老师（前端-科创项目）,12500,广州,无需经验,本科,行知青藤留学咨询（广州）
前程无忧,计算机,计算机网络教师,6000,广州,1年及以上,本科,广东江南理工高级技工学校
前程无忧,计算机,计算机网络专业教师,6500,广州,2年,本科,广州市电子商务技工学校
前程无忧,计算机,数据科学与计算机教师,180000,广州,无需经验,硕士,广东培正学院
前程无忧,计算机,计算机验证工程师,6500,广州,2年及以上,本科,康方药业
前程无忧,计算机,数据科学与计算机教师,240000,广州,无需经验,博士,广东培正学院
前程无忧,计算机,计算机基础与程序设计（专插本）,1000,广州,1年,硕士,广州中元教育科技
前程无忧,计算机,儿童科学老师（计算机编程方向）,7000,广州,3年及以上,本科,广州科乐多文化发展
前程无忧,计算机,计算机验证副经理,17500,广州,5-7年,本科,康方药业
前程无忧,计算机,计算机老师,7750,广州,1年及以上,本科,广州华成理工职业技术学校
前程无忧,计算机,数据学院与计算机学院-实践教学中心主任,150000,广州,3年及以上,硕士,广东培正学院
前程无忧,计算机,计算机科学与工程学院教师JS01,22500,广州,无需经验,博士,广州理工学院
前程无忧,计算机,IT/计算机技术工程师,6000,广州,2年及以上,大专,广东海光云科技
前程无忧,计算机,IT/计算机技术工程师,6000,广州,2年及以上,大专,广东海光云科技
前程无忧,计算机,中高级测试工程师,7000,广州,3-5年,本科,广州千河导航技术
前程无忧,计算机,IT业务工程师（鞋服箱包优先）,8500,广州,1-3年,大专,广州市厚薄深睡科技
前程无忧,计算机,计算机硬件采购产品经理,14000,广州,1-3年,本科,广州盛恺芯科电子
前程无忧,计算机,计算机视频动作算法工程师,21000,广州,5年及以上,硕士,霸才科技（广州）
前程无忧,计算机,云计算销售经理,13500,广州,3-5年,本科,南宁润云智算科技
前程无忧,计算机,工业AI应用工程师,19000,广州,2年及以上,本科,广东新会中集特种运输设备
前程无忧,计算机,AI Agent 开发工程师,11500,广州,2年及以上,本科,上海新炬网络信息技术
前程无忧,计算机,机器人算法工程师,22500,广州,无需经验,本科,广州福斯哲智能科技
前程无忧,计算机,感知算法工程师（无人机）,26500,广州,2年及以上,本科,广州市华科尔科技
前程无忧,计算机,计算机验证副经理,17500,广州,5-7年,本科,康方药业
前程无忧,计算机,视觉算法工程师,25000,广州,3年及以上,本科,广州市拓璞电器发展
前程无忧,计算机,400运维工程师-广州,12500,广州,1-3年,本科,广州鼎甲计算机科技
前程无忧,计算机,ai数据开发工程师,15000,广州,2年及以上,本科,广东广信通信服务
前程无忧,计算机,高级算法工程师（工业知识与认知算法）,400000,广州,5年及以上,本科,中国联合网络通信有限公司广东省
前程无忧,计算机,ai应用开发工程师,12500,广州,3-5年,大专,广州智体科技
前程无忧,计算机,软件运维工程师,7000,广州,3-5年,本科,深圳市南电云商
前程无忧,计算机,AI高级方案专家（电信省公司）,600000,广州,10年及以上,硕士,前锦网络信息技术（上海）
前程无忧,计算机,信息化专员,7000,广州,1-2年,大专,广州澳兴光电传输科技
前程无忧,计算机,桌面运维工程师,7000,广州,无需经验,本科,粤芯半导体技术
前程无忧,计算机,运维工程师（TX）(J12048),6000,广州,无需经验,本科,高新兴科技集团
前程无忧,计算机,QT上位机软件工程师,25000,广州,5年及以上,本科,利德健康科技（广州）
前程无忧,计算机,上位机软件工程师（SCADA）,20000,广州,5年及以上,本科,广州市华粤行仪器
前程无忧,计算机,机器人质量改善工程师,20000,广州,3年及以上,本科,广州小鹏汽车科技
前程无忧,计算机,无人机研发部经理,40000,广州,5年及以上,本科,广州市华科尔科技
前程无忧,计算机,IT业务工程师（鞋服箱包优先）,8500,广州,1-3年,大专,广州市厚薄深睡科技
前程无忧,计算机,供应链应用高级工程师（外企英语好）,21000,广州,5年及以上,本科,前锦网络信息技术（上海）
前程无忧,计算机,计算机网络教师,6000,广州,1年及以上,本科,广东江南理工高级技工学校
前程无忧,计算机,计算机网络专业教师,6500,广州,2年,本科,广州市电子商务技工学校
前程无忧,计算机,计算机运维工程师,7500,广州,3年及以上,大专,康方药业
前程无忧,计算机,计算机老师,7750,广州,1年及以上,本科,广州华成理工职业技术学校
前程无忧,计算机,IT/计算机技术工程师,6000,广州,2年及以上,大专,广东海光云科技
前程无忧,计算机,计算机验证工程师,6500,广州,2年及以上,本科,康方药业
前程无忧,计算机,计算机基础与程序设计（专插本）,1000,广州,1年,硕士,广州中元教育科技
前程无忧,计算机,数据科学与计算机教师,240000,广州,无需经验,博士,广东培正学院
前程无忧,计算机,儿童科学老师（计算机编程方向）,7000,广州,3年及以上,本科,广州科乐多文化发展
前程无忧,计算机,计算机科学与工程学院教师JS02,135000,广州,无需经验,硕士,广州理工学院
前程无忧,计算机,IT/计算机技术工程师,6000,广州,2年及以上,大专,广东海光云科技
前程无忧,计算机,计算机编程老师（前端-科创项目）,12500,广州,无需经验,本科,行知青藤留学咨询（广州）
前程无忧,计算机,数据学院与计算机学院-实践教学中心主任,150000,广州,3年及以上,硕士,广东培正学院
前程无忧,计算机,计算机工程师 / IT 工程师,7500,广州,3年及以上,大专,广州市玮普纳技术开发
前程无忧,计算机,计算机验证副经理,17500,广州,5-7年,本科,康方药业
前程无忧,计算机,数据科学与计算机教师,180000,广州,无需经验,硕士,广东培正学院
前程无忧,计算机,数据开发工程师（电力电网行业）,11500,广州,2年及以上,本科,佰聆数据股份有限公司北京
前程无忧,计算机,计算机硬件采购产品经理,14000,广州,1-3年,本科,广州盛恺芯科电子
前程无忧,计算机,数据开发工程师（电力电网行业）,11500,广州,2年及以上,本科,佰聆数据股份有限公司北京
前程无忧,计算机,计算机科学与工程学院教师JS02,135000,广州,无需经验,硕士,广州理工学院
前程无忧,计算机,计算机编程老师（前端-科创项目）,12500,广州,无需经验,本科,行知青藤留学咨询（广州）
前程无忧,计算机,计算机网络教师,6000,广州,1年及以上,本科,广东江南理工高级技工学校
前程无忧,计算机,计算机网络专业教师,6500,广州,2年,本科,广州市电子商务技工学校
前程无忧,计算机,数据科学与计算机教师,180000,广州,无需经验,硕士,广东培正学院
前程无忧,计算机,计算机验证工程师,6500,广州,2年及以上,本科,康方药业
前程无忧,计算机,数据科学与计算机教师,240000,广州,无需经验,博士,广东培正学院
前程无忧,计算机,计算机基础与程序设计（专插本）,1000,广州,1年,硕士,广州中元教育科技
前程无忧,计算机,儿童科学老师（计算机编程方向）,7000,广州,3年及以上,本科,广州科乐多文化发展
前程无忧,计算机,计算机验证副经理,17500,广州,5-7年,本科,康方药业
前程无忧,计算机,计算机老师,7750,广州,1年及以上,本科,广州华成理工职业技术学校
前程无忧,计算机,数据学院与计算机学院-实践教学中心主任,150000,广州,3年及以上,硕士,广东培正学院
前程无忧,计算机,计算机科学与工程学院教师JS01,22500,广州,无需经验,博士,广州理工学院
前程无忧,计算机,IT/计算机技术工程师,6000,广州,2年及以上,大专,广东海光云科技
前程无忧,计算机,IT/计算机技术工程师,6000,广州,2年及以上,大专,广东海光云科技
前程无忧,计算机,中高级测试工程师,7000,广州,3-5年,本科,广州千河导航技术
前程无忧,计算机,IT业务工程师（鞋服箱包优先）,8500,广州,1-3年,大专,广州市厚薄深睡科技
前程无忧,计算机,计算机硬件采购产品经理,14000,广州,1-3年,本科,广州盛恺芯科电子
前程无忧,计算机,计算机视频动作算法工程师,21000,广州,5年及以上,硕士,霸才科技（广州）
前程无忧,计算机,IT业务工程师（鞋服箱包优先）,8500,广州,1-3年,大专,广州市厚薄深睡科技
前程无忧,计算机,供应链应用高级工程师（外企英语好）,21000,广州,5年及以上,本科,前锦网络信息技术（上海）
前程无忧,计算机,计算机网络教师,6000,广州,1年及以上,本科,广东江南理工高级技工学校
前程无忧,计算机,计算机网络专业教师,6500,广州,2年,本科,广州市电子商务技工学校
前程无忧,计算机,计算机运维工程师,7500,广州,3年及以上,大专,康方药业
前程无忧,计算机,计算机老师,7750,广州,1年及以上,本科,广州华成理工职业技术学校
前程无忧,计算机,IT/计算机技术工程师,6000,广州,2年及以上,大专,广东海光云科技
前程无忧,计算机,计算机验证工程师,6500,广州,2年及以上,本科,康方药业
前程无忧,计算机,计算机基础与程序设计（专插本）,1000,广州,1年,硕士,广州中元教育科技
前程无忧,计算机,数据科学与计算机教师,240000,广州,无需经验,博士,广东培正学院
前程无忧,计算机,儿童科学老师（计算机编程方向）,7000,广州,3年及以上,本科,广州科乐多文化发展
前程无忧,计算机,计算机科学与工程学院教师JS02,135000,广州,无需经验,硕士,广州理工学院
前程无忧,计算机,IT/计算机技术工程师,6000,广州,2年及以上,大专,广东海光云科技
前程无忧,计算机,计算机编程老师（前端-科创项目）,12500,广州,无需经验,本科,行知青藤留学咨询（广州）
前程无忧,计算机,数据学院与计算机学院-实践教学中心主任,150000,广州,3年及以上,硕士,广东培正学院
前程无忧,计算机,计算机工程师 / IT 工程师,7500,广州,3年及以上,大专,广州市玮普纳技术开发
前程无忧,计算机,计算机验证副经理,17500,广州,5-7年,本科,康方药业
前程无忧,计算机,数据科学与计算机教师,180000,广州,无需经验,硕士,广东培正学院
前程无忧,计算机,数据开发工程师（电力电网行业）,11500,广州,2年及以上,本科,佰聆数据股份有限公司北京
前程无忧,计算机,计算机硬件采购产品经理,14000,广州,1-3年,本科,广州盛恺芯科电子
前程无忧,计算机,数据开发工程师（电力电网行业）,11500,广州,2年及以上,本科,佰聆数据股份有限公司北京
前程无忧,计算机,计算机科学与工程学院教师JS02,135000,广州,无需经验,硕士,广州理工学院
前程无忧,计算机,计算机编程老师（前端-科创项目）,12500,广州,无需经验,本科,行知青藤留学咨询（广州）
前程无忧,计算机,计算机网络教师,6000,广州,1年及以上,本科,广东江南理工高级技工学校
前程无忧,计算机,计算机网络专业教师,6500,广州,2年,本科,广州市电子商务技工学校
前程无忧,计算机,数据科学与计算机教师,180000,广州,无需经验,硕士,广东培正学院
前程无忧,计算机,计算机验证工程师,6500,广州,2年及以上,本科,康方药业
前程无忧,计算机,数据科学与计算机教师,240000,广州,无需经验,博士,广东培正学院
前程无忧,计算机,计算机基础与程序设计（专插本）,1000,广州,1年,硕士,广州中元教育科技
前程无忧,计算机,儿童科学老师（计算机编程方向）,7000,广州,3年及以上,本科,广州科乐多文化发展
前程无忧,计算机,计算机验证副经理,17500,广州,5-7年,本科,康方药业
前程无忧,计算机,计算机老师,7750,广州,1年及以上,本科,广州华成理工职业技术学校
前程无忧,计算机,数据学院与计算机学院-实践教学中心主任,150000,广州,3年及以上,硕士,广东培正学院
前程无忧,计算机,计算机科学与工程学院教师JS01,22500,广州,无需经验,博士,广州理工学院
前程无忧,计算机,IT/计算机技术工程师,6000,广州,2年及以上,大专,广东海光云科技
前程无忧,计算机,IT/计算机技术工程师,6000,广州,2年及以上,大专,广东海光云科技
前程无忧,计算机,中高级测试工程师,7000,广州,3-5年,本科,广州千河导航技术
前程无忧,计算机,IT业务工程师（鞋服箱包优先）,8500,广州,1-3年,大专,广州市厚薄深睡科技
前程无忧,计算机,计算机硬件采购产品经理,14000,广州,1-3年,本科,广州盛恺芯科电子
前程无忧,计算机,计算机视频动作算法工程师,21000,广州,5年及以上,硕士,霸才科技（广州）
前程无忧,计算机,机器视觉软件工程师（C#/.NET方向）,15000,广州,3-5年,本科,苏州威华智能装备
前程无忧,计算机,计算机视觉算法工程师,16000,广州,1-3年,本科,五羊━本田摩托（广州）
前程无忧,计算机,计算机编程老师（前端-科创项目）,12500,广州,无需经验,本科,行知青藤留学咨询（广州）
前程无忧,计算机,计算机视频动作算法工程师,21000,广州,5年及以上,硕士,霸才科技（广州）
前程无忧,计算机,儿童科学老师（计算机编程方向）,7000,广州,3年及以上,本科,广州科乐多文化发展
前程无忧,计算机,计算机工程师 / IT 工程师,7500,广州,3年及以上,大专,广州市玮普纳技术开发
前程无忧,计算机,计算机验证工程师,6500,广州,2年及以上,本科,康方药业
前程无忧,计算机,计算机网络教师,6000,广州,1年及以上,本科,广东江南理工高级技工学校
前程无忧,计算机,IT/计算机技术工程师,6000,广州,2年及以上,大专,广东海光云科技
前程无忧,计算机,计算机网络专业教师,6500,广州,2年,本科,广州市电子商务技工学校
前程无忧,计算机,IT/计算机技术工程师,6000,广州,2年及以上,大专,广东海光云科技
前程无忧,计算机,数据科学与计算机教师,180000,广州,无需经验,硕士,广东培正学院
前程无忧,计算机,计算机验证工程师（应届生）,5500,广州,无需经验,本科,康方药业
前程无忧,计算机,数据科学与计算机教师,240000,广州,无需经验,博士,广东培正学院
前程无忧,计算机,计算机老师,7750,广州,1年及以上,本科,广州华成理工职业技术学校
前程无忧,计算机,计算机科学与工程学院教师JS02,135000,广州,无需经验,硕士,广州理工学院
前程无忧,计算机,软件主管/计算机视觉技术负责人,22500,广州,3年及以上,本科,万物互动技术
前程无忧,计算机,计算机与软件考试中级工程师,6000,广州,无需经验,大专,广州航安技术咨询
前程无忧,计算机,数据学院与计算机学院-实践教学中心主任,150000,广州,3年及以上,硕士,广东培正学院
前程无忧,计算机,数据开发工程师（电力电网行业）,11500,广州,2年及以上,本科,佰聆数据股份有限公司北京
前程无忧,计算机,机器视觉软件工程师（C#/.NET方向）,15000,广州,3-5年,本科,苏州威华智能装备
前程无忧,计算机,计算机视觉算法工程师,16000,广州,1-3年,本科,五羊━本田摩托（广州）
前程无忧,计算机,计算机编程老师（前端-科创项目）,12500,广州,无需经验,本科,行知青藤留学咨询（广州）
前程无忧,计算机,计算机视频动作算法工程师,21000,广州,5年及以上,硕士,霸才科技（广州）
前程无忧,计算机,儿童科学老师（计算机编程方向）,7000,广州,3年及以上,本科,广州科乐多文化发展
前程无忧,计算机,计算机工程师 / IT 工程师,7500,广州,3年及以上,大专,广州市玮普纳技术开发
前程无忧,计算机,计算机验证工程师,6500,广州,2年及以上,本科,康方药业
前程无忧,计算机,计算机网络教师,6000,广州,1年及以上,本科,广东江南理工高级技工学校
前程无忧,计算机,IT/计算机技术工程师,6000,广州,2年及以上,大专,广东海光云科技
前程无忧,计算机,计算机网络专业教师,6500,广州,2年,本科,广州市电子商务技工学校
前程无忧,计算机,IT/计算机技术工程师,6000,广州,2年及以上,大专,广东海光云科技
前程无忧,计算机,数据科学与计算机教师,180000,广州,无需经验,硕士,广东培正学院
前程无忧,计算机,计算机验证工程师（应届生）,5500,广州,无需经验,本科,康方药业
前程无忧,计算机,数据科学与计算机教师,240000,广州,无需经验,博士,广东培正学院
前程无忧,计算机,计算机老师,7750,广州,1年及以上,本科,广州华成理工职业技术学校
前程无忧,计算机,计算机科学与工程学院教师JS02,135000,广州,无需经验,硕士,广州理工学院
前程无忧,计算机,软件主管/计算机视觉技术负责人,22500,广州,3年及以上,本科,万物互动技术
前程无忧,计算机,计算机与软件考试中级工程师,6000,广州,无需经验,大专,广州航安技术咨询
前程无忧,计算机,数据学院与计算机学院-实践教学中心主任,150000,广州,3年及以上,硕士,广东培正学院
前程无忧,计算机,数据开发工程师（电力电网行业）,11500,广州,2年及以上,本科,佰聆数据股份有限公司北京
前程无忧,计算机,数据开发工程师（电力电网行业）,11500,广州,2年及以上,本科,佰聆数据股份有限公司北京
前程无忧,计算机,计算机科学与工程学院教师JS02,135000,广州,无需经验,硕士,广州理工学院
前程无忧,计算机,计算机编程老师（前端-科创项目）,12500,广州,无需经验,本科,行知青藤留学咨询（广州）
前程无忧,计算机,计算机网络教师,6000,广州,1年及以上,本科,广东江南理工高级技工学校
前程无忧,计算机,计算机网络专业教师,6500,广州,2年,本科,广州市电子商务技工学校
前程无忧,计算机,数据科学与计算机教师,180000,广州,无需经验,硕士,广东培正学院
前程无忧,计算机,计算机验证工程师,6500,广州,2年及以上,本科,康方药业
前程无忧,计算机,数据科学与计算机教师,240000,广州,无需经验,博士,广东培正学院
前程无忧,计算机,计算机基础与程序设计（专插本）,1000,广州,1年,硕士,广州中元教育科技
前程无忧,计算机,儿童科学老师（计算机编程方向）,7000,广州,3年及以上,本科,广州科乐多文化发展
前程无忧,计算机,计算机验证副经理,17500,广州,5-7年,本科,康方药业
前程无忧,计算机,计算机老师,7750,广州,1年及以上,本科,广州华成理工职业技术学校
前程无忧,计算机,数据学院与计算机学院-实践教学中心主任,150000,广州,3年及以上,硕士,广东培正学院
前程无忧,计算机,计算机科学与工程学院教师JS01,22500,广州,无需经验,博士,广州理工学院
前程无忧,计算机,IT/计算机技术工程师,6000,广州,2年及以上,大专,广东海光云科技
前程无忧,计算机,IT/计算机技术工程师,6000,广州,2年及以上,大专,广东海光云科技
前程无忧,计算机,中高级测试工程师,7000,广州,3-5年,本科,广州千河导航技术
前程无忧,计算机,IT业务工程师（鞋服箱包优先）,8500,广州,1-3年,大专,广州市厚薄深睡科技
前程无忧,计算机,计算机硬件采购产品经理,14000,广州,1-3年,本科,广州盛恺芯科电子
前程无忧,计算机,计算机视频动作算法工程师,21000,广州,5年及以上,硕士,霸才科技（广州）
前程无忧,计算机,数据开发工程师（电力电网行业）,11500,广州,2年及以上,本科,佰聆数据股份有限公司北京
前程无忧,计算机,计算机科学与工程学院教师JS02,135000,广州,无需经验,硕士,广州理工学院
前程无忧,计算机,计算机编程老师（前端-科创项目）,12500,广州,无需经验,本科,行知青藤留学咨询（广州）
前程无忧,计算机,计算机网络教师,6000,广州,1年及以上,本科,广东江南理工高级技工学校
前程无忧,计算机,计算机网络专业教师,6500,广州,2年,本科,广州市电子商务技工学校
前程无忧,计算机,数据科学与计算机教师,180000,广州,无需经验,硕士,广东培正学院
前程无忧,计算机,计算机验证工程师,6500,广州,2年及以上,本科,康方药业
前程无忧,计算机,数据科学与计算机教师,240000,广州,无需经验,博士,广东培正学院
前程无忧,计算机,计算机基础与程序设计（专插本）,1000,广州,1年,硕士,广州中元教育科技
前程无忧,计算机,儿童科学老师（计算机编程方向）,7000,广州,3年及以上,本科,广州科乐多文化发展
前程无忧,计算机,计算机验证副经理,17500,广州,5-7年,本科,康方药业
前程无忧,计算机,计算机老师,7750,广州,1年及以上,本科,广州华成理工职业技术学校
前程无忧,计算机,数据学院与计算机学院-实践教学中心主任,150000,广州,3年及以上,硕士,广东培正学院
前程无忧,计算机,计算机科学与工程学院教师JS01,22500,广州,无需经验,博士,广州理工学院
前程无忧,计算机,IT/计算机技术工程师,6000,广州,2年及以上,大专,广东海光云科技
前程无忧,计算机,IT/计算机技术工程师,6000,广州,2年及以上,大专,广东海光云科技
前程无忧,计算机,中高级测试工程师,7000,广州,3-5年,本科,广州千河导航技术
前程无忧,计算机,IT业务工程师（鞋服箱包优先）,8500,广州,1-3年,大专,广州市厚薄深睡科技
前程无忧,计算机,计算机硬件采购产品经理,14000,广州,1-3年,本科,广州盛恺芯科电子
前程无忧,计算机,计算机视频动作算法工程师,21000,广州,5年及以上,硕士,霸才科技（广州）
前程无忧,计算机,机器视觉软件工程师（C#/.NET方向）,15000,广州,3-5年,本科,苏州威华智能装备
前程无忧,计算机,计算机视觉算法工程师,16000,广州,1-3年,本科,五羊━本田摩托（广州）
前程无忧,计算机,计算机编程老师（前端-科创项目）,12500,广州,无需经验,本科,行知青藤留学咨询（广州）
前程无忧,计算机,计算机视频动作算法工程师,21000,广州,5年及以上,硕士,霸才科技（广州）
前程无忧,计算机,儿童科学老师（计算机编程方向）,7000,广州,3年及以上,本科,广州科乐多文化发展
前程无忧,计算机,计算机工程师 / IT 工程师,7500,广州,3年及以上,大专,广州市玮普纳技术开发
前程无忧,计算机,计算机验证工程师,6500,广州,2年及以上,本科,康方药业
前程无忧,计算机,计算机网络教师,6000,广州,1年及以上,本科,广东江南理工高级技工学校
前程无忧,计算机,IT/计算机技术工程师,6000,广州,2年及以上,大专,广东海光云科技
前程无忧,计算机,计算机网络专业教师,6500,广州,2年,本科,广州市电子商务技工学校
前程无忧,计算机,IT/计算机技术工程师,6000,广州,2年及以上,大专,广东海光云科技
前程无忧,计算机,数据科学与计算机教师,180000,广州,无需经验,硕士,广东培正学院
前程无忧,计算机,计算机验证工程师（应届生）,5500,广州,无需经验,本科,康方药业
前程无忧,计算机,数据科学与计算机教师,240000,广州,无需经验,博士,广东培正学院
前程无忧,计算机,计算机老师,7750,广州,1年及以上,本科,广州华成理工职业技术学校
前程无忧,计算机,计算机科学与工程学院教师JS02,135000,广州,无需经验,硕士,广州理工学院
前程无忧,计算机,软件主管/计算机视觉技术负责人,22500,广州,3年及以上,本科,万物互动技术
前程无忧,计算机,计算机与软件考试中级工程师,6000,广州,无需经验,大专,广州航安技术咨询
前程无忧,计算机,数据学院与计算机学院-实践教学中心主任,150000,广州,3年及以上,硕士,广东培正学院
前程无忧,计算机,数据开发工程师（电力电网行业）,11500,广州,2年及以上,本科,佰聆数据股份有限公司北京
前程无忧,计算机,数据开发工程师（电力电网行业）,11500,广州,2年及以上,本科,佰聆数据股份有限公司北京
前程无忧,计算机,计算机科学与工程学院教师JS02,135000,广州,无需经验,硕士,广州理工学院
前程无忧,计算机,计算机编程老师（前端-科创项目）,12500,广州,无需经验,本科,行知青藤留学咨询（广州）
前程无忧,计算机,计算机网络教师,6000,广州,1年及以上,本科,广东江南理工高级技工学校
前程无忧,计算机,计算机网络专业教师,6500,广州,2年,本科,广州市电子商务技工学校
前程无忧,计算机,数据科学与计算机教师,180000,广州,无需经验,硕士,广东培正学院
前程无忧,计算机,计算机验证工程师,6500,广州,2年及以上,本科,康方药业
前程无忧,计算机,数据科学与计算机教师,240000,广州,无需经验,博士,广东培正学院
前程无忧,计算机,计算机基础与程序设计（专插本）,1000,广州,1年,硕士,广州中元教育科技
前程无忧,计算机,儿童科学老师（计算机编程方向）,7000,广州,3年及以上,本科,广州科乐多文化发展
前程无忧,计算机,计算机验证副经理,17500,广州,5-7年,本科,康方药业
前程无忧,计算机,计算机老师,7750,广州,1年及以上,本科,广州华成理工职业技术学校
前程无忧,计算机,数据学院与计算机学院-实践教学中心主任,150000,广州,3年及以上,硕士,广东培正学院
前程无忧,计算机,计算机科学与工程学院教师JS01,22500,广州,无需经验,博士,广州理工学院
前程无忧,计算机,IT/计算机技术工程师,6000,广州,2年及以上,大专,广东海光云科技
前程无忧,计算机,IT/计算机技术工程师,6000,广州,2年及以上,大专,广东海光云科技
前程无忧,计算机,中高级测试工程师,7000,广州,3-5年,本科,广州千河导航技术
前程无忧,计算机,IT业务工程师（鞋服箱包优先）,8500,广州,1-3年,大专,广州市厚薄深睡科技
前程无忧,计算机,计算机硬件采购产品经理,14000,广州,1-3年,本科,广州盛恺芯科电子
前程无忧,计算机,计算机视频动作算法工程师,21000,广州,5年及以上,硕士,霸才科技（广州）
前程无忧,计算机,数据开发工程师（电力电网行业）,11500,广州,2年及以上,本科,佰聆数据股份有限公司北京
前程无忧,计算机,计算机科学与工程学院教师JS02,135000,广州,无需经验,硕士,广州理工学院
前程无忧,计算机,计算机编程老师（前端-科创项目）,12500,广州,无需经验,本科,行知青藤留学咨询（广州）
前程无忧,计算机,计算机网络教师,6000,广州,1年及以上,本科,广东江南理工高级技工学校
前程无忧,计算机,计算机网络专业教师,6500,广州,2年,本科,广州市电子商务技工学校
前程无忧,计算机,数据科学与计算机教师,180000,广州,无需经验,硕士,广东培正学院
前程无忧,计算机,计算机验证工程师,6500,广州,2年及以上,本科,康方药业
前程无忧,计算机,数据科学与计算机教师,240000,广州,无需经验,博士,广东培正学院
前程无忧,计算机,计算机基础与程序设计（专插本）,1000,广州,1年,硕士,广州中元教育科技
前程无忧,计算机,儿童科学老师（计算机编程方向）,7000,广州,3年及以上,本科,广州科乐多文化发展
前程无忧,计算机,计算机验证副经理,17500,广州,5-7年,本科,康方药业
前程无忧,计算机,计算机老师,7750,广州,1年及以上,本科,广州华成理工职业技术学校
前程无忧,计算机,数据学院与计算机学院-实践教学中心主任,150000,广州,3年及以上,硕士,广东培正学院
前程无忧,计算机,计算机科学与工程学院教师JS01,22500,广州,无需经验,博士,广州理工学院
前程无忧,计算机,IT/计算机技术工程师,6000,广州,2年及以上,大专,广东海光云科技
前程无忧,计算机,IT/计算机技术工程师,6000,广州,2年及以上,大专,广东海光云科技
前程无忧,计算机,中高级测试工程师,7000,广州,3-5年,本科,广州千河导航技术
前程无忧,计算机,IT业务工程师（鞋服箱包优先）,8500,广州,1-3年,大专,广州市厚薄深睡科技
前程无忧,计算机,计算机硬件采购产品经理,14000,广州,1-3年,本科,广州盛恺芯科电子
前程无忧,计算机,计算机视频动作算法工程师,21000,广州,5年及以上,硕士,霸才科技（广州）
前程无忧,计算机,IT业务工程师（鞋服箱包优先）,8500,广州,1-3年,大专,广州市厚薄深睡科技
前程无忧,计算机,供应链应用高级工程师（外企英语好）,21000,广州,5年及以上,本科,前锦网络信息技术（上海）
前程无忧,计算机,计算机网络教师,6000,广州,1年及以上,本科,广东江南理工高级技工学校
前程无忧,计算机,计算机网络专业教师,6500,广州,2年,本科,广州市电子商务技工学校
前程无忧,计算机,计算机运维工程师,7500,广州,3年及以上,大专,康方药业
前程无忧,计算机,计算机老师,7750,广州,1年及以上,本科,广州华成理工职业技术学校
前程无忧,计算机,IT/计算机技术工程师,6000,广州,2年及以上,大专,广东海光云科技
前程无忧,计算机,计算机验证工程师,6500,广州,2年及以上,本科,康方药业
前程无忧,计算机,计算机基础与程序设计（专插本）,1000,广州,1年,硕士,广州中元教育科技
前程无忧,计算机,数据科学与计算机教师,240000,广州,无需经验,博士,广东培正学院
前程无忧,计算机,儿童科学老师（计算机编程方向）,7000,广州,3年及以上,本科,广州科乐多文化发展
前程无忧,计算机,计算机科学与工程学院教师JS02,135000,广州,无需经验,硕士,广州理工学院
前程无忧,计算机,IT/计算机技术工程师,6000,广州,2年及以上,大专,广东海光云科技
前程无忧,计算机,计算机编程老师（前端-科创项目）,12500,广州,无需经验,本科,行知青藤留学咨询（广州）
前程无忧,计算机,数据学院与计算机学院-实践教学中心主任,150000,广州,3年及以上,硕士,广东培正学院
前程无忧,计算机,计算机工程师 / IT 工程师,7500,广州,3年及以上,大专,广州市玮普纳技术开发
前程无忧,计算机,计算机验证副经理,17500,广州,5-7年,本科,康方药业
前程无忧,计算机,数据科学与计算机教师,180000,广州,无需经验,硕士,广东培正学院
前程无忧,计算机,数据开发工程师（电力电网行业）,11500,广州,2年及以上,本科,佰聆数据股份有限公司北京
前程无忧,计算机,计算机硬件采购产品经理,14000,广州,1-3年,本科,广州盛恺芯科电子
前程无忧,计算机,机器视觉软件工程师（C#/.NET方向）,15000,广州,3-5年,本科,苏州威华智能装备
前程无忧,计算机,计算机视觉算法工程师,16000,广州,1-3年,本科,五羊━本田摩托（广州）
前程无忧,计算机,计算机编程老师（前端-科创项目）,12500,广州,无需经验,本科,行知青藤留学咨询（广州）
前程无忧,计算机,计算机视频动作算法工程师,21000,广州,5年及以上,硕士,霸才科技（广州）
前程无忧,计算机,儿童科学老师（计算机编程方向）,7000,广州,3年及以上,本科,广州科乐多文化发展
前程无忧,计算机,计算机工程师 / IT 工程师,7500,广州,3年及以上,大专,广州市玮普纳技术开发
前程无忧,计算机,计算机验证工程师,6500,广州,2年及以上,本科,康方药业
前程无忧,计算机,计算机网络教师,6000,广州,1年及以上,本科,广东江南理工高级技工学校
前程无忧,计算机,IT/计算机技术工程师,6000,广州,2年及以上,大专,广东海光云科技
前程无忧,计算机,计算机网络专业教师,6500,广州,2年,本科,广州市电子商务技工学校
前程无忧,计算机,IT/计算机技术工程师,6000,广州,2年及以上,大专,广东海光云科技
前程无忧,计算机,数据科学与计算机教师,180000,广州,无需经验,硕士,广东培正学院
前程无忧,计算机,计算机验证工程师（应届生）,5500,广州,无需经验,本科,康方药业
前程无忧,计算机,数据科学与计算机教师,240000,广州,无需经验,博士,广东培正学院
前程无忧,计算机,计算机老师,7750,广州,1年及以上,本科,广州华成理工职业技术学校
前程无忧,计算机,计算机科学与工程学院教师JS02,135000,广州,无需经验,硕士,广州理工学院
前程无忧,计算机,软件主管/计算机视觉技术负责人,22500,广州,3年及以上,本科,万物互动技术
前程无忧,计算机,计算机与软件考试中级工程师,6000,广州,无需经验,大专,广州航安技术咨询
前程无忧,计算机,数据学院与计算机学院-实践教学中心主任,150000,广州,3年及以上,硕士,广东培正学院
前程无忧,计算机,数据开发工程师（电力电网行业）,11500,广州,2年及以上,本科,佰聆数据股份有限公司北京
前程无忧,计算机,数据开发工程师（电力电网行业）,11500,广州,2年及以上,本科,佰聆数据股份有限公司北京
前程无忧,计算机,计算机科学与工程学院教师JS02,135000,广州,无需经验,硕士,广州理工学院
前程无忧,计算机,计算机编程老师（前端-科创项目）,12500,广州,无需经验,本科,行知青藤留学咨询（广州）
前程无忧,计算机,计算机网络教师,6000,广州,1年及以上,本科,广东江南理工高级技工学校
前程无忧,计算机,计算机网络专业教师,6500,广州,2年,本科,广州市电子商务技工学校
前程无忧,计算机,数据科学与计算机教师,180000,广州,无需经验,硕士,广东培正学院
前程无忧,计算机,计算机验证工程师,6500,广州,2年及以上,本科,康方药业
前程无忧,计算机,数据科学与计算机教师,240000,广州,无需经验,博士,广东培正学院
前程无忧,计算机,计算机基础与程序设计（专插本）,1000,广州,1年,硕士,广州中元教育科技
前程无忧,计算机,儿童科学老师（计算机编程方向）,7000,广州,3年及以上,本科,广州科乐多文化发展
前程无忧,计算机,计算机验证副经理,17500,广州,5-7年,本科,康方药业
前程无忧,计算机,计算机老师,7750,广州,1年及以上,本科,广州华成理工职业技术学校
前程无忧,计算机,数据学院与计算机学院-实践教学中心主任,150000,广州,3年及以上,硕士,广东培正学院
前程无忧,计算机,计算机科学与工程学院教师JS01,22500,广州,无需经验,博士,广州理工学院
前程无忧,计算机,IT/计算机技术工程师,6000,广州,2年及以上,大专,广东海光云科技
前程无忧,计算机,IT/计算机技术工程师,6000,广州,2年及以上,大专,广东海光云科技
前程无忧,计算机,中高级测试工程师,7000,广州,3-5年,本科,广州千河导航技术
前程无忧,计算机,IT业务工程师（鞋服箱包优先）,8500,广州,1-3年,大专,广州市厚薄深睡科技
前程无忧,计算机,计算机硬件采购产品经理,14000,广州,1-3年,本科,广州盛恺芯科电子
前程无忧,计算机,计算机视频动作算法工程师,21000,广州,5年及以上,硕士,霸才科技（广州）
前程无忧,计算机,机器视觉软件工程师（C#/.NET方向）,15000,广州,3-5年,本科,苏州威华智能装备
前程无忧,计算机,供应链应用高级工程师（外企英语好）,21000,广州,5年及以上,本科,前锦网络信息技术（上海）
前程无忧,计算机,计算机验证工程师,6500,广州,2年及以上,本科,康方药业
前程无忧,计算机,计算机基础与程序设计（专插本）,1000,广州,1年,硕士,广州中元教育科技
前程无忧,计算机,it工程师,15500,广州,1年及以上,硕士,广州白云科技
前程无忧,计算机,资深销售工程师(强固式计算机行业),7000,广州,3年及以上,大专,广州市华颉电子科技
前程无忧,计算机,软件主管/计算机视觉技术负责人,22500,广州,3年及以上,本科,万物互动技术
前程无忧,计算机,IT运维工程师,7000,广州,2年及以上,本科,广州南沙人才发展
前程无忧,计算机,网络工程师（信息化方向）,7000,广州,3年及以上,本科,广东省现代农业装备研究院
前程无忧,计算机,网络安全工程师,6000,广州,3年及以上,本科,越峰电子（广州）
前程无忧,计算机,人工智能专业教师,7000,广州,3-5年,本科,广东岭南现代技师学院
前程无忧,计算机,信息与设备管理处副处长,205000,广州,8年及以上,硕士,广东培正学院
前程无忧,计算机,硬件开发工程师（驻企专岗）,155000,广州,2年及以上,本科,广州理工学院
前程无忧,计算机,网络管理专员,8000,广州,2年及以上,本科,华南理工大学建筑设计研究院
前程无忧,计算机,网络安全工程师,6000,广州,2年及以上,大专,广州市琪讯数码科技
前程无忧,计算机,解决方案经理,15000,广州,3年及以上,本科,航天云网数据研究院（广东）
前程无忧,计算机,运维工程师,7000,广州,3年及以上,大专,广州华旭高科集团
前程无忧,计算机,网络管理员,4750,广州,2年,大专,广州市十三行国医馆
前程无忧,计算机,网络运维工程师（国企，双休）,6000,广州,无需经验,本科,广东暨通信息发展
前程无忧,计算机,桌面工程师,6000,广州,2年及以上,大专,广东励康信息技术
前程无忧,计算机,IT业务工程师（鞋服箱包优先）,8500,广州,1-3年,大专,广州市厚薄深睡科技
前程无忧,计算机,供应链应用高级工程师（外企英语好）,21000,广州,5年及以上,本科,前锦网络信息技术（上海）
前程无忧,计算机,计算机网络教师,6000,广州,1年及以上,本科,广东江南理工高级技工学校
前程无忧,计算机,计算机网络专业教师,6500,广州,2年,本科,广州市电子商务技工学校
前程无忧,计算机,计算机运维工程师,7500,广州,3年及以上,大专,康方药业
前程无忧,计算机,计算机老师,7750,广州,1年及以上,本科,广州华成理工职业技术学校
前程无忧,计算机,IT/计算机技术工程师,6000,广州,2年及以上,大专,广东海光云科技
前程无忧,计算机,计算机验证工程师,6500,广州,2年及以上,本科,康方药业
前程无忧,计算机,计算机基础与程序设计（专插本）,1000,广州,1年,硕士,广州中元教育科技
前程无忧,计算机,数据科学与计算机教师,240000,广州,无需经验,博士,广东培正学院
前程无忧,计算机,儿童科学老师（计算机编程方向）,7000,广州,3年及以上,本科,广州科乐多文化发展
前程无忧,计算机,计算机科学与工程学院教师JS02,135000,广州,无需经验,硕士,广州理工学院
前程无忧,计算机,IT/计算机技术工程师,6000,广州,2年及以上,大专,广东海光云科技
前程无忧,计算机,计算机编程老师（前端-科创项目）,12500,广州,无需经验,本科,行知青藤留学咨询（广州）
前程无忧,计算机,数据学院与计算机学院-实践教学中心主任,150000,广州,3年及以上,硕士,广东培正学院
前程无忧,计算机,计算机工程师 / IT 工程师,7500,广州,3年及以上,大专,广州市玮普纳技术开发
前程无忧,计算机,计算机验证副经理,17500,广州,5-7年,本科,康方药业
前程无忧,计算机,数据科学与计算机教师,180000,广州,无需经验,硕士,广东培正学院
前程无忧,计算机,数据开发工程师（电力电网行业）,11500,广州,2年及以上,本科,佰聆数据股份有限公司北京
前程无忧,计算机,计算机硬件采购产品经理,14000,广州,1-3年,本科,广州盛恺芯科电子
前程无忧,计算机,机器视觉软件工程师（C#/.NET方向）,15000,广州,3-5年,本科,苏州威华智能装备
前程无忧,计算机,计算机视觉算法工程师,16000,广州,1-3年,本科,五羊━本田摩托（广州）
前程无忧,计算机,计算机编程老师（前端-科创项目）,12500,广州,无需经验,本科,行知青藤留学咨询（广州）
前程无忧,计算机,计算机视频动作算法工程师,21000,广州,5年及以上,硕士,霸才科技（广州）
前程无忧,计算机,儿童科学老师（计算机编程方向）,7000,广州,3年及以上,本科,广州科乐多文化发展
前程无忧,计算机,计算机工程师 / IT 工程师,7500,广州,3年及以上,大专,广州市玮普纳技术开发
前程无忧,计算机,计算机验证工程师,6500,广州,2年及以上,本科,康方药业
前程无忧,计算机,计算机网络教师,6000,广州,1年及以上,本科,广东江南理工高级技工学校
前程无忧,计算机,IT/计算机技术工程师,6000,广州,2年及以上,大专,广东海光云科技
前程无忧,计算机,计算机网络专业教师,6500,广州,2年,本科,广州市电子商务技工学校
前程无忧,计算机,IT/计算机技术工程师,6000,广州,2年及以上,大专,广东海光云科技
前程无忧,计算机,数据科学与计算机教师,180000,广州,无需经验,硕士,广东培正学院
前程无忧,计算机,计算机验证工程师（应届生）,5500,广州,无需经验,本科,康方药业
前程无忧,计算机,数据科学与计算机教师,240000,广州,无需经验,博士,广东培正学院
前程无忧,计算机,计算机老师,7750,广州,1年及以上,本科,广州华成理工职业技术学校
前程无忧,计算机,计算机科学与工程学院教师JS02,135000,广州,无需经验,硕士,广州理工学院
前程无忧,计算机,软件主管/计算机视觉技术负责人,22500,广州,3年及以上,本科,万物互动技术
前程无忧,计算机,计算机与软件考试中级工程师,6000,广州,无需经验,大专,广州航安技术咨询
前程无忧,计算机,数据学院与计算机学院-实践教学中心主任,150000,广州,3年及以上,硕士,广东培正学院
前程无忧,计算机,数据开发工程师（电力电网行业）,11500,广州,2年及以上,本科,佰聆数据股份有限公司北京
前程无忧,计算机,IT业务工程师（鞋服箱包优先）,8500,广州,1-3年,大专,广州市厚薄深睡科技
前程无忧,计算机,供应链应用高级工程师（外企英语好）,21000,广州,5年及以上,本科,前锦网络信息技术（上海）
前程无忧,计算机,计算机网络教师,6000,广州,1年及以上,本科,广东江南理工高级技工学校
前程无忧,计算机,计算机网络专业教师,6500,广州,2年,本科,广州市电子商务技工学校
前程无忧,计算机,计算机运维工程师,7500,广州,3年及以上,大专,康方药业
前程无忧,计算机,计算机老师,7750,广州,1年及以上,本科,广州华成理工职业技术学校
前程无忧,计算机,IT/计算机技术工程师,6000,广州,2年及以上,大专,广东海光云科技
前程无忧,计算机,计算机验证工程师,6500,广州,2年及以上,本科,康方药业
前程无忧,计算机,计算机基础与程序设计（专插本）,1000,广州,1年,硕士,广州中元教育科技
前程无忧,计算机,数据科学与计算机教师,240000,广州,无需经验,博士,广东培正学院
前程无忧,计算机,儿童科学老师（计算机编程方向）,7000,广州,3年及以上,本科,广州科乐多文化发展
前程无忧,计算机,计算机科学与工程学院教师JS02,135000,广州,无需经验,硕士,广州理工学院
前程无忧,计算机,IT/计算机技术工程师,6000,广州,2年及以上,大专,广东海光云科技
前程无忧,计算机,计算机编程老师（前端-科创项目）,12500,广州,无需经验,本科,行知青藤留学咨询（广州）
前程无忧,计算机,数据学院与计算机学院-实践教学中心主任,150000,广州,3年及以上,硕士,广东培正学院
前程无忧,计算机,计算机工程师 / IT 工程师,7500,广州,3年及以上,大专,广州市玮普纳技术开发
前程无忧,计算机,计算机验证副经理,17500,广州,5-7年,本科,康方药业
前程无忧,计算机,数据科学与计算机教师,180000,广州,无需经验,硕士,广东培正学院
前程无忧,计算机,数据开发工程师（电力电网行业）,11500,广州,2年及以上,本科,佰聆数据股份有限公司北京
前程无忧,计算机,计算机硬件采购产品经理,14000,广州,1-3年,本科,广州盛恺芯科电子
前程无忧,计算机,IT业务工程师（鞋服箱包优先）,8500,广州,1-3年,大专,广州市厚薄深睡科技
前程无忧,计算机,供应链应用高级工程师（外企英语好）,21000,广州,5年及以上,本科,前锦网络信息技术（上海）
前程无忧,计算机,计算机网络教师,6000,广州,1年及以上,本科,广东江南理工高级技工学校
前程无忧,计算机,计算机网络专业教师,6500,广州,2年,本科,广州市电子商务技工学校
前程无忧,计算机,计算机运维工程师,7500,广州,3年及以上,大专,康方药业
前程无忧,计算机,计算机老师,7750,广州,1年及以上,本科,广州华成理工职业技术学校
前程无忧,计算机,IT/计算机技术工程师,6000,广州,2年及以上,大专,广东海光云科技
前程无忧,计算机,计算机验证工程师,6500,广州,2年及以上,本科,康方药业
前程无忧,计算机,计算机基础与程序设计（专插本）,1000,广州,1年,硕士,广州中元教育科技
前程无忧,计算机,数据科学与计算机教师,240000,广州,无需经验,博士,广东培正学院
前程无忧,计算机,儿童科学老师（计算机编程方向）,7000,广州,3年及以上,本科,广州科乐多文化发展
前程无忧,计算机,计算机科学与工程学院教师JS02,135000,广州,无需经验,硕士,广州理工学院
前程无忧,计算机,IT/计算机技术工程师,6000,广州,2年及以上,大专,广东海光云科技
前程无忧,计算机,计算机编程老师（前端-科创项目）,12500,广州,无需经验,本科,行知青藤留学咨询（广州）
前程无忧,计算机,数据学院与计算机学院-实践教学中心主任,150000,广州,3年及以上,硕士,广东培正学院
前程无忧,计算机,计算机工程师 / IT 工程师,7500,广州,3年及以上,大专,广州市玮普纳技术开发
前程无忧,计算机,计算机验证副经理,17500,广州,5-7年,本科,康方药业
前程无忧,计算机,数据科学与计算机教师,180000,广州,无需经验,硕士,广东培正学院
前程无忧,计算机,数据开发工程师（电力电网行业）,11500,广州,2年及以上,本科,佰聆数据股份有限公司北京
前程无忧,计算机,计算机硬件采购产品经理,14000,广州,1-3年,本科,广州盛恺芯科电子
前程无忧,计算机,机器视觉软件工程师（C#/.NET方向）,15000,广州,3-5年,本科,苏州威华智能装备
前程无忧,计算机,计算机视觉算法工程师,16000,广州,1-3年,本科,五羊━本田摩托（广州）
前程无忧,计算机,计算机编程老师（前端-科创项目）,12500,广州,无需经验,本科,行知青藤留学咨询（广州）
前程无忧,计算机,计算机视频动作算法工程师,21000,广州,5年及以上,硕士,霸才科技（广州）
前程无忧,计算机,儿童科学老师（计算机编程方向）,7000,广州,3年及以上,本科,广州科乐多文化发展
前程无忧,计算机,计算机工程师 / IT 工程师,7500,广州,3年及以上,大专,广州市玮普纳技术开发
前程无忧,计算机,计算机验证工程师,6500,广州,2年及以上,本科,康方药业
前程无忧,计算机,计算机网络教师,6000,广州,1年及以上,本科,广东江南理工高级技工学校
前程无忧,计算机,IT/计算机技术工程师,6000,广州,2年及以上,大专,广东海光云科技
前程无忧,计算机,计算机网络专业教师,6500,广州,2年,本科,广州市电子商务技工学校
前程无忧,计算机,IT/计算机技术工程师,6000,广州,2年及以上,大专,广东海光云科技
前程无忧,计算机,数据科学与计算机教师,180000,广州,无需经验,硕士,广东培正学院
前程无忧,计算机,计算机验证工程师（应届生）,5500,广州,无需经验,本科,康方药业
前程无忧,计算机,数据科学与计算机教师,240000,广州,无需经验,博士,广东培正学院
前程无忧,计算机,计算机老师,7750,广州,1年及以上,本科,广州华成理工职业技术学校
前程无忧,计算机,计算机科学与工程学院教师JS02,135000,广州,无需经验,硕士,广州理工学院
前程无忧,计算机,软件主管/计算机视觉技术负责人,22500,广州,3年及以上,本科,万物互动技术
前程无忧,计算机,计算机与软件考试中级工程师,6000,广州,无需经验,大专,广州航安技术咨询
前程无忧,计算机,数据学院与计算机学院-实践教学中心主任,150000,广州,3年及以上,硕士,广东培正学院
前程无忧,计算机,数据开发工程师（电力电网行业）,11500,广州,2年及以上,本科,佰聆数据股份有限公司北京
前程无忧,计算机,IT业务工程师（鞋服箱包优先）,8500,广州,1-3年,大专,广州市厚薄深睡科技
前程无忧,计算机,供应链应用高级工程师（外企英语好）,21000,广州,5年及以上,本科,前锦网络信息技术（上海）
前程无忧,计算机,计算机网络教师,6000,广州,1年及以上,本科,广东江南理工高级技工学校
前程无忧,计算机,计算机网络专业教师,6500,广州,2年,本科,广州市电子商务技工学校
前程无忧,计算机,计算机运维工程师,7500,广州,3年及以上,大专,康方药业
前程无忧,计算机,计算机老师,7750,广州,1年及以上,本科,广州华成理工职业技术学校
前程无忧,计算机,IT/计算机技术工程师,6000,广州,2年及以上,大专,广东海光云科技
前程无忧,计算机,计算机验证工程师,6500,广州,2年及以上,本科,康方药业
前程无忧,计算机,计算机基础与程序设计（专插本）,1000,广州,1年,硕士,广州中元教育科技
前程无忧,计算机,数据科学与计算机教师,240000,广州,无需经验,博士,广东培正学院
前程无忧,计算机,儿童科学老师（计算机编程方向）,7000,广州,3年及以上,本科,广州科乐多文化发展
前程无忧,计算机,计算机科学与工程学院教师JS02,135000,广州,无需经验,硕士,广州理工学院
前程无忧,计算机,IT/计算机技术工程师,6000,广州,2年及以上,大专,广东海光云科技
前程无忧,计算机,计算机编程老师（前端-科创项目）,12500,广州,无需经验,本科,行知青藤留学咨询（广州）
前程无忧,计算机,数据学院与计算机学院-实践教学中心主任,150000,广州,3年及以上,硕士,广东培正学院
前程无忧,计算机,计算机工程师 / IT 工程师,7500,广州,3年及以上,大专,广州市玮普纳技术开发
前程无忧,计算机,计算机验证副经理,17500,广州,5-7年,本科,康方药业
前程无忧,计算机,数据科学与计算机教师,180000,广州,无需经验,硕士,广东培正学院
前程无忧,计算机,数据开发工程师（电力电网行业）,11500,广州,2年及以上,本科,佰聆数据股份有限公司北京
前程无忧,计算机,计算机硬件采购产品经理,14000,广州,1-3年,本科,广州盛恺芯科电子
前程无忧,计算机,数据开发工程师（电力电网行业）,11500,广州,2年及以上,本科,佰聆数据股份有限公司北京
前程无忧,计算机,计算机科学与工程学院教师JS02,135000,广州,无需经验,硕士,广州理工学院
前程无忧,计算机,计算机编程老师（前端-科创项目）,12500,广州,无需经验,本科,行知青藤留学咨询（广州）
前程无忧,计算机,计算机网络教师,6000,广州,1年及以上,本科,广东江南理工高级技工学校
前程无忧,计算机,计算机网络专业教师,6500,广州,2年,本科,广州市电子商务技工学校
前程无忧,计算机,数据科学与计算机教师,180000,广州,无需经验,硕士,广东培正学院
前程无忧,计算机,计算机验证工程师,6500,广州,2年及以上,本科,康方药业
前程无忧,计算机,数据科学与计算机教师,240000,广州,无需经验,博士,广东培正学院
前程无忧,计算机,计算机基础与程序设计（专插本）,1000,广州,1年,硕士,广州中元教育科技
前程无忧,计算机,儿童科学老师（计算机编程方向）,7000,广州,3年及以上,本科,广州科乐多文化发展
前程无忧,计算机,计算机验证副经理,17500,广州,5-7年,本科,康方药业
前程无忧,计算机,计算机老师,7750,广州,1年及以上,本科,广州华成理工职业技术学校
前程无忧,计算机,数据学院与计算机学院-实践教学中心主任,150000,广州,3年及以上,硕士,广东培正学院
前程无忧,计算机,计算机科学与工程学院教师JS01,22500,广州,无需经验,博士,广州理工学院
前程无忧,计算机,IT/计算机技术工程师,6000,广州,2年及以上,大专,广东海光云科技
前程无忧,计算机,IT/计算机技术工程师,6000,广州,2年及以上,大专,广东海光云科技
前程无忧,计算机,中高级测试工程师,7000,广州,3-5年,本科,广州千河导航技术
前程无忧,计算机,IT业务工程师（鞋服箱包优先）,8500,广州,1-3年,大专,广州市厚薄深睡科技
前程无忧,计算机,计算机硬件采购产品经理,14000,广州,1-3年,本科,广州盛恺芯科电子
前程无忧,计算机,计算机视频动作算法工程师,21000,广州,5年及以上,硕士,霸才科技（广州）
前程无忧,计算机,IT业务工程师（鞋服箱包优先）,8500,广州,1-3年,大专,广州市厚薄深睡科技
前程无忧,计算机,供应链应用高级工程师（外企英语好）,21000,广州,5年及以上,本科,前锦网络信息技术（上海）
前程无忧,计算机,计算机网络教师,6000,广州,1年及以上,本科,广东江南理工高级技工学校
前程无忧,计算机,计算机网络专业教师,6500,广州,2年,本科,广州市电子商务技工学校
前程无忧,计算机,计算机运维工程师,7500,广州,3年及以上,大专,康方药业
前程无忧,计算机,计算机老师,7750,广州,1年及以上,本科,广州华成理工职业技术学校
前程无忧,计算机,IT/计算机技术工程师,6000,广州,2年及以上,大专,广东海光云科技
前程无忧,计算机,计算机验证工程师,6500,广州,2年及以上,本科,康方药业
前程无忧,计算机,计算机基础与程序设计（专插本）,1000,广州,1年,硕士,广州中元教育科技
前程无忧,计算机,数据科学与计算机教师,240000,广州,无需经验,博士,广东培正学院
前程无忧,计算机,儿童科学老师（计算机编程方向）,7000,广州,3年及以上,本科,广州科乐多文化发展
前程无忧,计算机,计算机科学与工程学院教师JS02,135000,广州,无需经验,硕士,广州理工学院
前程无忧,计算机,IT/计算机技术工程师,6000,广州,2年及以上,大专,广东海光云科技
前程无忧,计算机,计算机编程老师（前端-科创项目）,12500,广州,无需经验,本科,行知青藤留学咨询（广州）
前程无忧,计算机,数据学院与计算机学院-实践教学中心主任,150000,广州,3年及以上,硕士,广东培正学院
前程无忧,计算机,计算机工程师 / IT 工程师,7500,广州,3年及以上,大专,广州市玮普纳技术开发
前程无忧,计算机,计算机验证副经理,17500,广州,5-7年,本科,康方药业
前程无忧,计算机,数据科学与计算机教师,180000,广州,无需经验,硕士,广东培正学院
前程无忧,计算机,数据开发工程师（电力电网行业）,11500,广州,2年及以上,本科,佰聆数据股份有限公司北京
前程无忧,计算机,计算机硬件采购产品经理,14000,广州,1-3年,本科,广州盛恺芯科电子
前程无忧,计算机,机器视觉软件工程师（C#/.NET方向）,15000,广州,3-5年,本科,苏州威华智能装备
前程无忧,计算机,计算机视觉算法工程师,16000,广州,1-3年,本科,五羊━本田摩托（广州）
前程无忧,计算机,计算机编程老师（前端-科创项目）,12500,广州,无需经验,本科,行知青藤留学咨询（广州）
前程无忧,计算机,计算机视频动作算法工程师,21000,广州,5年及以上,硕士,霸才科技（广州）
前程无忧,计算机,儿童科学老师（计算机编程方向）,7000,广州,3年及以上,本科,广州科乐多文化发展
前程无忧,计算机,计算机工程师 / IT 工程师,7500,广州,3年及以上,大专,广州市玮普纳技术开发
前程无忧,计算机,计算机验证工程师,6500,广州,2年及以上,本科,康方药业
前程无忧,计算机,计算机网络教师,6000,广州,1年及以上,本科,广东江南理工高级技工学校
前程无忧,计算机,IT/计算机技术工程师,6000,广州,2年及以上,大专,广东海光云科技
前程无忧,计算机,计算机网络专业教师,6500,广州,2年,本科,广州市电子商务技工学校
前程无忧,计算机,IT/计算机技术工程师,6000,广州,2年及以上,大专,广东海光云科技
前程无忧,计算机,数据科学与计算机教师,180000,广州,无需经验,硕士,广东培正学院
前程无忧,计算机,计算机验证工程师（应届生）,5500,广州,无需经验,本科,康方药业
前程无忧,计算机,数据科学与计算机教师,240000,广州,无需经验,博士,广东培正学院
前程无忧,计算机,计算机老师,7750,广州,1年及以上,本科,广州华成理工职业技术学校
前程无忧,计算机,计算机科学与工程学院教师JS02,135000,广州,无需经验,硕士,广州理工学院
前程无忧,计算机,软件主管/计算机视觉技术负责人,22500,广州,3年及以上,本科,万物互动技术
前程无忧,计算机,计算机与软件考试中级工程师,6000,广州,无需经验,大专,广州航安技术咨询
前程无忧,计算机,数据学院与计算机学院-实践教学中心主任,150000,广州,3年及以上,硕士,广东培正学院
前程无忧,计算机,数据开发工程师（电力电网行业）,11500,广州,2年及以上,本科,佰聆数据股份有限公司北京
前程无忧,计算机,机器视觉软件工程师（C#/.NET方向）,15000,广州,3-5年,本科,苏州威华智能装备
前程无忧,计算机,计算机视觉算法工程师,16000,广州,1-3年,本科,五羊━本田摩托（广州）
前程无忧,计算机,计算机编程老师（前端-科创项目）,12500,广州,无需经验,本科,行知青藤留学咨询（广州）
前程无忧,计算机,计算机视频动作算法工程师,21000,广州,5年及以上,硕士,霸才科技（广州）
前程无忧,计算机,儿童科学老师（计算机编程方向）,7000,广州,3年及以上,本科,广州科乐多文化发展
前程无忧,计算机,计算机工程师 / IT 工程师,7500,广州,3年及以上,大专,广州市玮普纳技术开发
前程无忧,计算机,计算机验证工程师,6500,广州,2年及以上,本科,康方药业
前程无忧,计算机,计算机网络教师,6000,广州,1年及以上,本科,广东江南理工高级技工学校
前程无忧,计算机,IT/计算机技术工程师,6000,广州,2年及以上,大专,广东海光云科技
前程无忧,计算机,计算机网络专业教师,6500,广州,2年,本科,广州市电子商务技工学校
前程无忧,计算机,IT/计算机技术工程师,6000,广州,2年及以上,大专,广东海光云科技
前程无忧,计算机,数据科学与计算机教师,180000,广州,无需经验,硕士,广东培正学院
前程无忧,计算机,计算机验证工程师（应届生）,5500,广州,无需经验,本科,康方药业
前程无忧,计算机,数据科学与计算机教师,240000,广州,无需经验,博士,广东培正学院
前程无忧,计算机,计算机老师,7750,广州,1年及以上,本科,广州华成理工职业技术学校
前程无忧,计算机,计算机科学与工程学院教师JS02,135000,广州,无需经验,硕士,广州理工学院
前程无忧,计算机,软件主管/计算机视觉技术负责人,22500,广州,3年及以上,本科,万物互动技术
前程无忧,计算机,计算机与软件考试中级工程师,6000,广州,无需经验,大专,广州航安技术咨询
前程无忧,计算机,数据学院与计算机学院-实践教学中心主任,150000,广州,3年及以上,硕士,广东培正学院
前程无忧,计算机,数据开发工程师（电力电网行业）,11500,广州,2年及以上,本科,佰聆数据股份有限公司北京
前程无忧,计算机,数据开发工程师（电力电网行业）,11500,广州,2年及以上,本科,佰聆数据股份有限公司北京
前程无忧,计算机,计算机科学与工程学院教师JS02,135000,广州,无需经验,硕士,广州理工学院
前程无忧,计算机,计算机编程老师（前端-科创项目）,12500,广州,无需经验,本科,行知青藤留学咨询（广州）
前程无忧,计算机,计算机网络教师,6000,广州,1年及以上,本科,广东江南理工高级技工学校
前程无忧,计算机,计算机网络专业教师,6500,广州,2年,本科,广州市电子商务技工学校
前程无忧,计算机,数据科学与计算机教师,180000,广州,无需经验,硕士,广东培正学院
前程无忧,计算机,计算机验证工程师,6500,广州,2年及以上,本科,康方药业
前程无忧,计算机,数据科学与计算机教师,240000,广州,无需经验,博士,广东培正学院
前程无忧,计算机,计算机基础与程序设计（专插本）,1000,广州,1年,硕士,广州中元教育科技
前程无忧,计算机,儿童科学老师（计算机编程方向）,7000,广州,3年及以上,本科,广州科乐多文化发展
前程无忧,计算机,计算机验证副经理,17500,广州,5-7年,本科,康方药业
前程无忧,计算机,计算机老师,7750,广州,1年及以上,本科,广州华成理工职业技术学校
前程无忧,计算机,数据学院与计算机学院-实践教学中心主任,150000,广州,3年及以上,硕士,广东培正学院
前程无忧,计算机,计算机科学与工程学院教师JS01,22500,广州,无需经验,博士,广州理工学院
前程无忧,计算机,IT/计算机技术工程师,6000,广州,2年及以上,大专,广东海光云科技
前程无忧,计算机,IT/计算机技术工程师,6000,广州,2年及以上,大专,广东海光云科技
前程无忧,计算机,中高级测试工程师,7000,广州,3-5年,本科,广州千河导航技术
前程无忧,计算机,IT业务工程师（鞋服箱包优先）,8500,广州,1-3年,大专,广州市厚薄深睡科技
前程无忧,计算机,计算机硬件采购产品经理,14000,广州,1-3年,本科,广州盛恺芯科电子
前程无忧,计算机,计算机视频动作算法工程师,21000,广州,5年及以上,硕士,霸才科技（广州）
前程无忧,计算机,机器视觉软件工程师（C#/.NET方向）,15000,广州,3-5年,本科,苏州威华智能装备
前程无忧,计算机,计算机视觉算法工程师,16000,广州,1-3年,本科,五羊━本田摩托（广州）
前程无忧,计算机,计算机编程老师（前端-科创项目）,12500,广州,无需经验,本科,行知青藤留学咨询（广州）
前程无忧,计算机,计算机视频动作算法工程师,21000,广州,5年及以上,硕士,霸才科技（广州）
前程无忧,计算机,儿童科学老师（计算机编程方向）,7000,广州,3年及以上,本科,广州科乐多文化发展
前程无忧,计算机,计算机工程师 / IT 工程师,7500,广州,3年及以上,大专,广州市玮普纳技术开发
前程无忧,计算机,计算机验证工程师,6500,广州,2年及以上,本科,康方药业
前程无忧,计算机,计算机网络教师,6000,广州,1年及以上,本科,广东江南理工高级技工学校
前程无忧,计算机,IT/计算机技术工程师,6000,广州,2年及以上,大专,广东海光云科技
前程无忧,计算机,计算机网络专业教师,6500,广州,2年,本科,广州市电子商务技工学校
前程无忧,计算机,IT/计算机技术工程师,6000,广州,2年及以上,大专,广东海光云科技
前程无忧,计算机,数据科学与计算机教师,180000,广州,无需经验,硕士,广东培正学院
前程无忧,计算机,计算机验证工程师（应届生）,5500,广州,无需经验,本科,康方药业
前程无忧,计算机,数据科学与计算机教师,240000,广州,无需经验,博士,广东培正学院
前程无忧,计算机,计算机老师,7750,广州,1年及以上,本科,广州华成理工职业技术学校
前程无忧,计算机,计算机科学与工程学院教师JS02,135000,广州,无需经验,硕士,广州理工学院
前程无忧,计算机,软件主管/计算机视觉技术负责人,22500,广州,3年及以上,本科,万物互动技术
前程无忧,计算机,计算机与软件考试中级工程师,6000,广州,无需经验,大专,广州航安技术咨询
前程无忧,计算机,数据学院与计算机学院-实践教学中心主任,150000,广州,3年及以上,硕士,广东培正学院
前程无忧,计算机,数据开发工程师（电力电网行业）,11500,广州,2年及以上,本科,佰聆数据股份有限公司北京
前程无忧,计算机,机器视觉软件工程师（C#/.NET方向）,15000,广州,3-5年,本科,苏州威华智能装备
前程无忧,计算机,计算机视觉算法工程师,16000,广州,1-3年,本科,五羊━本田摩托（广州）
前程无忧,计算机,计算机编程老师（前端-科创项目）,12500,广州,无需经验,本科,行知青藤留学咨询（广州）
前程无忧,计算机,计算机视频动作算法工程师,21000,广州,5年及以上,硕士,霸才科技（广州）
前程无忧,计算机,儿童科学老师（计算机编程方向）,7000,广州,3年及以上,本科,广州科乐多文化发展
前程无忧,计算机,计算机工程师 / IT 工程师,7500,广州,3年及以上,大专,广州市玮普纳技术开发
前程无忧,计算机,计算机验证工程师,6500,广州,2年及以上,本科,康方药业
前程无忧,计算机,计算机网络教师,6000,广州,1年及以上,本科,广东江南理工高级技工学校
前程无忧,计算机,IT/计算机技术工程师,6000,广州,2年及以上,大专,广东海光云科技
前程无忧,计算机,计算机网络专业教师,6500,广州,2年,本科,广州市电子商务技工学校
前程无忧,计算机,IT/计算机技术工程师,6000,广州,2年及以上,大专,广东海光云科技
前程无忧,计算机,数据科学与计算机教师,180000,广州,无需经验,硕士,广东培正学院
前程无忧,计算机,计算机验证工程师（应届生）,5500,广州,无需经验,本科,康方药业
前程无忧,计算机,数据科学与计算机教师,240000,广州,无需经验,博士,广东培正学院
前程无忧,计算机,计算机老师,7750,广州,1年及以上,本科,广州华成理工职业技术学校
前程无忧,计算机,计算机科学与工程学院教师JS02,135000,广州,无需经验,硕士,广州理工学院
前程无忧,计算机,软件主管/计算机视觉技术负责人,22500,广州,3年及以上,本科,万物互动技术
前程无忧,计算机,计算机与软件考试中级工程师,6000,广州,无需经验,大专,广州航安技术咨询
前程无忧,计算机,数据学院与计算机学院-实践教学中心主任,150000,广州,3年及以上,硕士,广东培正学院
前程无忧,计算机,数据开发工程师（电力电网行业）,11500,广州,2年及以上,本科,佰聆数据股份有限公司北京
前程无忧,计算机,机器视觉软件工程师（C#/.NET方向）,15000,广州,3-5年,本科,苏州威华智能装备
前程无忧,计算机,计算机视觉算法工程师,16000,广州,1-3年,本科,五羊━本田摩托（广州）
前程无忧,计算机,计算机编程老师（前端-科创项目）,12500,广州,无需经验,本科,行知青藤留学咨询（广州）
前程无忧,计算机,计算机视频动作算法工程师,21000,广州,5年及以上,硕士,霸才科技（广州）
前程无忧,计算机,儿童科学老师（计算机编程方向）,7000,广州,3年及以上,本科,广州科乐多文化发展
前程无忧,计算机,计算机工程师 / IT 工程师,7500,广州,3年及以上,大专,广州市玮普纳技术开发
前程无忧,计算机,计算机验证工程师,6500,广州,2年及以上,本科,康方药业
前程无忧,计算机,计算机网络教师,6000,广州,1年及以上,本科,广东江南理工高级技工学校
前程无忧,计算机,IT/计算机技术工程师,6000,广州,2年及以上,大专,广东海光云科技
前程无忧,计算机,计算机网络专业教师,6500,广州,2年,本科,广州市电子商务技工学校
前程无忧,计算机,IT/计算机技术工程师,6000,广州,2年及以上,大专,广东海光云科技
前程无忧,计算机,数据科学与计算机教师,180000,广州,无需经验,硕士,广东培正学院
前程无忧,计算机,计算机验证工程师（应届生）,5500,广州,无需经验,本科,康方药业
前程无忧,计算机,数据科学与计算机教师,240000,广州,无需经验,博士,广东培正学院
前程无忧,计算机,计算机老师,7750,广州,1年及以上,本科,广州华成理工职业技术学校
前程无忧,计算机,计算机科学与工程学院教师JS02,135000,广州,无需经验,硕士,广州理工学院
前程无忧,计算机,软件主管/计算机视觉技术负责人,22500,广州,3年及以上,本科,万物互动技术
前程无忧,计算机,计算机与软件考试中级工程师,6000,广州,无需经验,大专,广州航安技术咨询
前程无忧,计算机,数据学院与计算机学院-实践教学中心主任,150000,广州,3年及以上,硕士,广东培正学院
前程无忧,计算机,数据开发工程师（电力电网行业）,11500,广州,2年及以上,本科,佰聆数据股份有限公司北京
前程无忧,计算机,机器视觉软件工程师（C#/.NET方向）,15000,广州,3-5年,本科,苏州威华智能装备
前程无忧,计算机,计算机视觉算法工程师,16000,广州,1-3年,本科,五羊━本田摩托（广州）
前程无忧,计算机,计算机编程老师（前端-科创项目）,12500,广州,无需经验,本科,行知青藤留学咨询（广州）
前程无忧,计算机,计算机视频动作算法工程师,21000,广州,5年及以上,硕士,霸才科技（广州）
前程无忧,计算机,儿童科学老师（计算机编程方向）,7000,广州,3年及以上,本科,广州科乐多文化发展
前程无忧,计算机,计算机工程师 / IT 工程师,7500,广州,3年及以上,大专,广州市玮普纳技术开发
前程无忧,计算机,计算机验证工程师,6500,广州,2年及以上,本科,康方药业
前程无忧,计算机,计算机网络教师,6000,广州,1年及以上,本科,广东江南理工高级技工学校
前程无忧,计算机,IT/计算机技术工程师,6000,广州,2年及以上,大专,广东海光云科技
前程无忧,计算机,计算机网络专业教师,6500,广州,2年,本科,广州市电子商务技工学校
前程无忧,计算机,IT/计算机技术工程师,6000,广州,2年及以上,大专,广东海光云科技
前程无忧,计算机,数据科学与计算机教师,180000,广州,无需经验,硕士,广东培正学院
前程无忧,计算机,计算机验证工程师（应届生）,5500,广州,无需经验,本科,康方药业
前程无忧,计算机,数据科学与计算机教师,240000,广州,无需经验,博士,广东培正学院
前程无忧,计算机,计算机老师,7750,广州,1年及以上,本科,广州华成理工职业技术学校
前程无忧,计算机,计算机科学与工程学院教师JS02,135000,广州,无需经验,硕士,广州理工学院
前程无忧,计算机,软件主管/计算机视觉技术负责人,22500,广州,3年及以上,本科,万物互动技术
前程无忧,计算机,计算机与软件考试中级工程师,6000,广州,无需经验,大专,广州航安技术咨询
前程无忧,计算机,数据学院与计算机学院-实践教学中心主任,150000,广州,3年及以上,硕士,广东培正学院
前程无忧,计算机,数据开发工程师（电力电网行业）,11500,广州,2年及以上,本科,佰聆数据股份有限公司北京
前程无忧,计算机,IT业务工程师（鞋服箱包优先）,8500,广州,1-3年,大专,广州市厚薄深睡科技
前程无忧,计算机,供应链应用高级工程师（外企英语好）,21000,广州,5年及以上,本科,前锦网络信息技术（上海）
前程无忧,计算机,计算机网络教师,6000,广州,1年及以上,本科,广东江南理工高级技工学校
前程无忧,计算机,计算机网络专业教师,6500,广州,2年,本科,广州市电子商务技工学校
前程无忧,计算机,计算机运维工程师,7500,广州,3年及以上,大专,康方药业
前程无忧,计算机,计算机老师,7750,广州,1年及以上,本科,广州华成理工职业技术学校
前程无忧,计算机,IT/计算机技术工程师,6000,广州,2年及以上,大专,广东海光云科技
前程无忧,计算机,计算机验证工程师,6500,广州,2年及以上,本科,康方药业
前程无忧,计算机,计算机基础与程序设计（专插本）,1000,广州,1年,硕士,广州中元教育科技
前程无忧,计算机,数据科学与计算机教师,240000,广州,无需经验,博士,广东培正学院
前程无忧,计算机,儿童科学老师（计算机编程方向）,7000,广州,3年及以上,本科,广州科乐多文化发展
前程无忧,计算机,计算机科学与工程学院教师JS02,135000,广州,无需经验,硕士,广州理工学院
前程无忧,计算机,IT/计算机技术工程师,6000,广州,2年及以上,大专,广东海光云科技
前程无忧,计算机,计算机编程老师（前端-科创项目）,12500,广州,无需经验,本科,行知青藤留学咨询（广州）
前程无忧,计算机,数据学院与计算机学院-实践教学中心主任,150000,广州,3年及以上,硕士,广东培正学院
前程无忧,计算机,计算机工程师 / IT 工程师,7500,广州,3年及以上,大专,广州市玮普纳技术开发
前程无忧,计算机,计算机验证副经理,17500,广州,5-7年,本科,康方药业
前程无忧,计算机,数据科学与计算机教师,180000,广州,无需经验,硕士,广东培正学院
前程无忧,计算机,数据开发工程师（电力电网行业）,11500,广州,2年及以上,本科,佰聆数据股份有限公司北京
前程无忧,计算机,计算机硬件采购产品经理,14000,广州,1-3年,本科,广州盛恺芯科电子
前程无忧,计算机,IT业务工程师（鞋服箱包优先）,8500,广州,1-3年,大专,广州市厚薄深睡科技
前程无忧,计算机,供应链应用高级工程师（外企英语好）,21000,广州,5年及以上,本科,前锦网络信息技术（上海）
前程无忧,计算机,计算机网络教师,6000,广州,1年及以上,本科,广东江南理工高级技工学校
前程无忧,计算机,计算机网络专业教师,6500,广州,2年,本科,广州市电子商务技工学校
前程无忧,计算机,计算机运维工程师,7500,广州,3年及以上,大专,康方药业
前程无忧,计算机,计算机老师,7750,广州,1年及以上,本科,广州华成理工职业技术学校
前程无忧,计算机,IT/计算机技术工程师,6000,广州,2年及以上,大专,广东海光云科技
前程无忧,计算机,计算机验证工程师,6500,广州,2年及以上,本科,康方药业
前程无忧,计算机,计算机基础与程序设计（专插本）,1000,广州,1年,硕士,广州中元教育科技
前程无忧,计算机,数据科学与计算机教师,240000,广州,无需经验,博士,广东培正学院
前程无忧,计算机,儿童科学老师（计算机编程方向）,7000,广州,3年及以上,本科,广州科乐多文化发展
前程无忧,计算机,计算机科学与工程学院教师JS02,135000,广州,无需经验,硕士,广州理工学院
前程无忧,计算机,IT/计算机技术工程师,6000,广州,2年及以上,大专,广东海光云科技
前程无忧,计算机,计算机编程老师（前端-科创项目）,12500,广州,无需经验,本科,行知青藤留学咨询（广州）
前程无忧,计算机,数据学院与计算机学院-实践教学中心主任,150000,广州,3年及以上,硕士,广东培正学院
前程无忧,计算机,计算机工程师 / IT 工程师,7500,广州,3年及以上,大专,广州市玮普纳技术开发
前程无忧,计算机,计算机验证副经理,17500,广州,5-7年,本科,康方药业
前程无忧,计算机,数据科学与计算机教师,180000,广州,无需经验,硕士,广东培正学院
前程无忧,计算机,数据开发工程师（电力电网行业）,11500,广州,2年及以上,本科,佰聆数据股份有限公司北京
前程无忧,计算机,计算机硬件采购产品经理,14000,广州,1-3年,本科,广州盛恺芯科电子
前程无忧,计算机,IT业务工程师（鞋服箱包优先）,8500,广州,1-3年,大专,广州市厚薄深睡科技
前程无忧,计算机,供应链应用高级工程师（外企英语好）,21000,广州,5年及以上,本科,前锦网络信息技术（上海）
前程无忧,计算机,计算机网络教师,6000,广州,1年及以上,本科,广东江南理工高级技工学校
前程无忧,计算机,计算机网络专业教师,6500,广州,2年,本科,广州市电子商务技工学校
前程无忧,计算机,计算机运维工程师,7500,广州,3年及以上,大专,康方药业
前程无忧,计算机,计算机老师,7750,广州,1年及以上,本科,广州华成理工职业技术学校
前程无忧,计算机,IT/计算机技术工程师,6000,广州,2年及以上,大专,广东海光云科技
前程无忧,计算机,计算机验证工程师,6500,广州,2年及以上,本科,康方药业
前程无忧,计算机,计算机基础与程序设计（专插本）,1000,广州,1年,硕士,广州中元教育科技
前程无忧,计算机,数据科学与计算机教师,240000,广州,无需经验,博士,广东培正学院
前程无忧,计算机,儿童科学老师（计算机编程方向）,7000,广州,3年及以上,本科,广州科乐多文化发展
前程无忧,计算机,计算机科学与工程学院教师JS02,135000,广州,无需经验,硕士,广州理工学院
前程无忧,计算机,IT/计算机技术工程师,6000,广州,2年及以上,大专,广东海光云科技
前程无忧,计算机,计算机编程老师（前端-科创项目）,12500,广州,无需经验,本科,行知青藤留学咨询（广州）
前程无忧,计算机,数据学院与计算机学院-实践教学中心主任,150000,广州,3年及以上,硕士,广东培正学院
前程无忧,计算机,计算机工程师 / IT 工程师,7500,广州,3年及以上,大专,广州市玮普纳技术开发
前程无忧,计算机,计算机验证副经理,17500,广州,5-7年,本科,康方药业
前程无忧,计算机,数据科学与计算机教师,180000,广州,无需经验,硕士,广东培正学院
前程无忧,计算机,数据开发工程师（电力电网行业）,11500,广州,2年及以上,本科,佰聆数据股份有限公司北京
前程无忧,计算机,计算机硬件采购产品经理,14000,广州,1-3年,本科,广州盛恺芯科电子
前程无忧,计算机,机器视觉软件工程师（C#/.NET方向）,15000,广州,3-5年,本科,苏州威华智能装备
前程无忧,计算机,计算机视觉算法工程师,16000,广州,1-3年,本科,五羊━本田摩托（广州）
前程无忧,计算机,计算机编程老师（前端-科创项目）,12500,广州,无需经验,本科,行知青藤留学咨询（广州）
前程无忧,计算机,计算机视频动作算法工程师,21000,广州,5年及以上,硕士,霸才科技（广州）
前程无忧,计算机,儿童科学老师（计算机编程方向）,7000,广州,3年及以上,本科,广州科乐多文化发展
前程无忧,计算机,计算机工程师 / IT 工程师,7500,广州,3年及以上,大专,广州市玮普纳技术开发
前程无忧,计算机,计算机验证工程师,6500,广州,2年及以上,本科,康方药业
前程无忧,计算机,计算机网络教师,6000,广州,1年及以上,本科,广东江南理工高级技工学校
前程无忧,计算机,IT/计算机技术工程师,6000,广州,2年及以上,大专,广东海光云科技
前程无忧,计算机,计算机网络专业教师,6500,广州,2年,本科,广州市电子商务技工学校
前程无忧,计算机,IT/计算机技术工程师,6000,广州,2年及以上,大专,广东海光云科技
前程无忧,计算机,数据科学与计算机教师,180000,广州,无需经验,硕士,广东培正学院
前程无忧,计算机,计算机验证工程师（应届生）,5500,广州,无需经验,本科,康方药业
前程无忧,计算机,数据科学与计算机教师,240000,广州,无需经验,博士,广东培正学院
前程无忧,计算机,计算机老师,7750,广州,1年及以上,本科,广州华成理工职业技术学校
前程无忧,计算机,计算机科学与工程学院教师JS02,135000,广州,无需经验,硕士,广州理工学院
前程无忧,计算机,软件主管/计算机视觉技术负责人,22500,广州,3年及以上,本科,万物互动技术
前程无忧,计算机,计算机与软件考试中级工程师,6000,广州,无需经验,大专,广州航安技术咨询
前程无忧,计算机,数据学院与计算机学院-实践教学中心主任,150000,广州,3年及以上,硕士,广东培正学院
前程无忧,计算机,数据开发工程师（电力电网行业）,11500,广州,2年及以上,本科,佰聆数据股份有限公司北京
前程无忧,计算机,数据开发工程师（电力电网行业）,11500,广州,2年及以上,本科,佰聆数据股份有限公司北京
前程无忧,计算机,计算机科学与工程学院教师JS02,135000,广州,无需经验,硕士,广州理工学院
前程无忧,计算机,计算机编程老师（前端-科创项目）,12500,广州,无需经验,本科,行知青藤留学咨询（广州）
前程无忧,计算机,计算机网络教师,6000,广州,1年及以上,本科,广东江南理工高级技工学校
前程无忧,计算机,计算机网络专业教师,6500,广州,2年,本科,广州市电子商务技工学校
前程无忧,计算机,数据科学与计算机教师,180000,广州,无需经验,硕士,广东培正学院
前程无忧,计算机,计算机验证工程师,6500,广州,2年及以上,本科,康方药业
前程无忧,计算机,数据科学与计算机教师,240000,广州,无需经验,博士,广东培正学院
前程无忧,计算机,计算机基础与程序设计（专插本）,1000,广州,1年,硕士,广州中元教育科技
前程无忧,计算机,儿童科学老师（计算机编程方向）,7000,广州,3年及以上,本科,广州科乐多文化发展
前程无忧,计算机,计算机验证副经理,17500,广州,5-7年,本科,康方药业
前程无忧,计算机,计算机老师,7750,广州,1年及以上,本科,广州华成理工职业技术学校
前程无忧,计算机,数据学院与计算机学院-实践教学中心主任,150000,广州,3年及以上,硕士,广东培正学院
前程无忧,计算机,计算机科学与工程学院教师JS01,22500,广州,无需经验,博士,广州理工学院
前程无忧,计算机,IT/计算机技术工程师,6000,广州,2年及以上,大专,广东海光云科技
前程无忧,计算机,IT/计算机技术工程师,6000,广州,2年及以上,大专,广东海光云科技
前程无忧,计算机,中高级测试工程师,7000,广州,3-5年,本科,广州千河导航技术
前程无忧,计算机,IT业务工程师（鞋服箱包优先）,8500,广州,1-3年,大专,广州市厚薄深睡科技
前程无忧,计算机,计算机硬件采购产品经理,14000,广州,1-3年,本科,广州盛恺芯科电子
前程无忧,计算机,计算机视频动作算法工程师,21000,广州,5年及以上,硕士,霸才科技（广州）
前程无忧,计算机,IT业务工程师（鞋服箱包优先）,8500,广州,1-3年,大专,广州市厚薄深睡科技
前程无忧,计算机,供应链应用高级工程师（外企英语好）,21000,广州,5年及以上,本科,前锦网络信息技术（上海）
前程无忧,计算机,计算机网络教师,6000,广州,1年及以上,本科,广东江南理工高级技工学校
前程无忧,计算机,计算机网络专业教师,6500,广州,2年,本科,广州市电子商务技工学校
前程无忧,计算机,计算机运维工程师,7500,广州,3年及以上,大专,康方药业
前程无忧,计算机,计算机老师,7750,广州,1年及以上,本科,广州华成理工职业技术学校
前程无忧,计算机,IT/计算机技术工程师,6000,广州,2年及以上,大专,广东海光云科技
前程无忧,计算机,计算机验证工程师,6500,广州,2年及以上,本科,康方药业
前程无忧,计算机,计算机基础与程序设计（专插本）,1000,广州,1年,硕士,广州中元教育科技
前程无忧,计算机,数据科学与计算机教师,240000,广州,无需经验,博士,广东培正学院
前程无忧,计算机,儿童科学老师（计算机编程方向）,7000,广州,3年及以上,本科,广州科乐多文化发展
前程无忧,计算机,计算机科学与工程学院教师JS02,135000,广州,无需经验,硕士,广州理工学院
前程无忧,计算机,IT/计算机技术工程师,6000,广州,2年及以上,大专,广东海光云科技
前程无忧,计算机,计算机编程老师（前端-科创项目）,12500,广州,无需经验,本科,行知青藤留学咨询（广州）
前程无忧,计算机,数据学院与计算机学院-实践教学中心主任,150000,广州,3年及以上,硕士,广东培正学院
前程无忧,计算机,计算机工程师 / IT 工程师,7500,广州,3年及以上,大专,广州市玮普纳技术开发
前程无忧,计算机,计算机验证副经理,17500,广州,5-7年,本科,康方药业
前程无忧,计算机,数据科学与计算机教师,180000,广州,无需经验,硕士,广东培正学院
前程无忧,计算机,数据开发工程师（电力电网行业）,11500,广州,2年及以上,本科,佰聆数据股份有限公司北京
前程无忧,计算机,计算机硬件采购产品经理,14000,广州,1-3年,本科,广州盛恺芯科电子
前程无忧,计算机,FDE AI现场部署工程师,8000,深圳,1年及以上,本科,深圳市众志天成科技
前程无忧,计算机,服务器及数据中心信息技术工程师,12500,深圳,2年及以上,本科,埃特环球贸易（深圳）
前程无忧,计算机,计算机软件销售人员,17500,深圳,2年及以上,大专,荣尧泰（北京）信息科技
前程无忧,计算机,销售代表（计算机硬件）,12500,深圳,3年及以上,大专,珠海世宁达科技
前程无忧,计算机,人工智能专任教师（计算机网络安全方向）,135000,深圳,无需经验,硕士,广东新安职业技术学院
前程无忧,计算机,计算机科学与技术教师,7000,深圳,1年,本科,深圳市中嘉职业技术学校
前程无忧,计算机,计算机网络教师,7000,深圳,1年,本科,深圳市携创高级技工学校
前程无忧,计算机,计算机网络应用专业教师,7000,深圳,1年及以上,本科,深圳市携创高级技工学校
前程无忧,计算机,计算机应用专业教师,12500,深圳,无需经验,硕士,深圳市第三职业技术学校
前程无忧,计算机,中小学计算机老师,20000,深圳,2年及以上,本科,深圳前海坎特伯雷国王外籍人员子女学校
前程无忧,计算机,计算机平面设计教师,7000,深圳,1年及以上,本科,深圳市中嘉职业技术学校
前程无忧,计算机,计算机老师（软件方向）,7000,深圳,2年及以上,本科,深圳市中嘉职业技术学校
前程无忧,计算机,工业计算机销售工程师,8000,深圳,1年及以上,高中,深圳市飞鸣特科技
前程无忧,计算机,计算机硬件销售经理（深圳）,8000,深圳,3-5年,高中,上海亚业科技
前程无忧,计算机,DCS工程师,15000,深圳,3年及以上,本科,深圳合续科技开发
前程无忧,计算机,计算机视觉工程师(多模态方向),22500,深圳,无需经验,硕士,杭州弓叶科技
前程无忧,计算机,高级计算机视觉算法工程师,60000,深圳,3-10年,本科,深圳科创学院
前程无忧,计算机,路径规划算法工程师（割草机）,32500,深圳,3年及以上,硕士,深圳市路畅科技
前程无忧,计算机,计算机视觉算法高级工程师,30000,深圳,3年及以上,本科,深圳市企顺创新科技发展
前程无忧,计算机,计算机硬件开发工程师,27500,深圳,2年,大专,深圳市智傲科技
前程无忧,计算机,FDE AI现场部署工程师,8000,深圳,1年及以上,本科,深圳市众志天成科技
前程无忧,计算机,服务器及数据中心信息技术工程师,12500,深圳,2年及以上,本科,埃特环球贸易（深圳）
前程无忧,计算机,计算机软件销售人员,17500,深圳,2年及以上,大专,荣尧泰（北京）信息科技
前程无忧,计算机,销售代表（计算机硬件）,12500,深圳,3年及以上,大专,珠海世宁达科技
前程无忧,计算机,人工智能专任教师（计算机网络安全方向）,135000,深圳,无需经验,硕士,广东新安职业技术学院
前程无忧,计算机,计算机科学与技术教师,7000,深圳,1年,本科,深圳市中嘉职业技术学校
前程无忧,计算机,计算机网络教师,7000,深圳,1年,本科,深圳市携创高级技工学校
前程无忧,计算机,计算机网络应用专业教师,7000,深圳,1年及以上,本科,深圳市携创高级技工学校
前程无忧,计算机,计算机应用专业教师,12500,深圳,无需经验,硕士,深圳市第三职业技术学校
前程无忧,计算机,中小学计算机老师,20000,深圳,2年及以上,本科,深圳前海坎特伯雷国王外籍人员子女学校
前程无忧,计算机,计算机平面设计教师,7000,深圳,1年及以上,本科,深圳市中嘉职业技术学校
前程无忧,计算机,计算机老师（软件方向）,7000,深圳,2年及以上,本科,深圳市中嘉职业技术学校
前程无忧,计算机,工业计算机销售工程师,8000,深圳,1年及以上,高中,深圳市飞鸣特科技
前程无忧,计算机,计算机硬件销售经理（深圳）,8000,深圳,3-5年,高中,上海亚业科技
前程无忧,计算机,DCS工程师,15000,深圳,3年及以上,本科,深圳合续科技开发
前程无忧,计算机,计算机视觉工程师(多模态方向),22500,深圳,无需经验,硕士,杭州弓叶科技
前程无忧,计算机,高级计算机视觉算法工程师,60000,深圳,3-10年,本科,深圳科创学院
前程无忧,计算机,路径规划算法工程师（割草机）,32500,深圳,3年及以上,硕士,深圳市路畅科技
前程无忧,计算机,计算机视觉算法高级工程师,30000,深圳,3年及以上,本科,深圳市企顺创新科技发展
前程无忧,计算机,计算机硬件开发工程师,27500,深圳,2年,大专,深圳市智傲科技
前程无忧,计算机,路径规划算法工程师（割草机）,32500,深圳,3年及以上,硕士,深圳市路畅科技
前程无忧,计算机,服务器及数据中心信息技术工程师,12500,深圳,2年及以上,本科,埃特环球贸易（深圳）
前程无忧,计算机,嵌入式linux软件开发工程师,18000,深圳,3年及以上,本科,深圳市永达电子信息
前程无忧,计算机,ISP嵌入应用开发工程师,24000,深圳,3年及以上,本科,深圳爱图仕创新科技
前程无忧,计算机,DCS工程师,15000,深圳,3年及以上,本科,深圳合续科技开发
前程无忧,计算机,计算机视觉算法高级工程师,30000,深圳,3年及以上,本科,深圳市企顺创新科技发展
前程无忧,计算机,计算机硬件开发工程师,27500,深圳,2年,大专,深圳市智傲科技
前程无忧,计算机,高级计算机视觉算法工程师,60000,深圳,3-10年,本科,深圳科创学院
前程无忧,计算机,计算机老师（软件方向）,7000,深圳,2年及以上,本科,深圳市中嘉职业技术学校
前程无忧,计算机,计算机硬件开发工程师,30000,深圳,2年,大专,深圳市智傲科技
前程无忧,计算机,计算机应用专业教师,12500,深圳,无需经验,硕士,深圳市第三职业技术学校
前程无忧,计算机,计算机视觉工程师(多模态方向),22500,深圳,无需经验,硕士,杭州弓叶科技
前程无忧,计算机,计算机硬件销售经理（深圳）,8000,深圳,3-5年,高中,上海亚业科技
前程无忧,计算机,销售代表（计算机硬件）,12500,深圳,3年及以上,大专,珠海世宁达科技
前程无忧,计算机,人工智能专任教师（计算机网络安全方向）,135000,深圳,无需经验,硕士,广东新安职业技术学院
前程无忧,计算机,中小学计算机老师,20000,深圳,2年及以上,本科,深圳前海坎特伯雷国王外籍人员子女学校
前程无忧,计算机,计算机科学与技术教师,7000,深圳,1年,本科,深圳市中嘉职业技术学校
前程无忧,计算机,计算机工程师(开发、架构、产品),37500,深圳,8-10年,大专,深圳市人力资本（集团）
前程无忧,计算机,计算机软件销售人员,17500,深圳,2年及以上,大专,荣尧泰（北京）信息科技
前程无忧,计算机,计算机辅助设计中高级研究员,16000,深圳,3年及以上,硕士,深圳市维琪科技
前程无忧,计算机,FDE AI现场部署工程师,8000,深圳,1年及以上,本科,深圳市众志天成科技
前程无忧,计算机,服务器及数据中心信息技术工程师,12500,深圳,2年及以上,本科,埃特环球贸易（深圳）
前程无忧,计算机,计算机软件销售人员,17500,深圳,2年及以上,大专,荣尧泰（北京）信息科技
前程无忧,计算机,销售代表（计算机硬件）,12500,深圳,3年及以上,大专,珠海世宁达科技
前程无忧,计算机,人工智能专任教师（计算机网络安全方向）,135000,深圳,无需经验,硕士,广东新安职业技术学院
前程无忧,计算机,计算机科学与技术教师,7000,深圳,1年,本科,深圳市中嘉职业技术学校
前程无忧,计算机,计算机网络教师,7000,深圳,1年,本科,深圳市携创高级技工学校
前程无忧,计算机,计算机网络应用专业教师,7000,深圳,1年及以上,本科,深圳市携创高级技工学校
前程无忧,计算机,计算机应用专业教师,12500,深圳,无需经验,硕士,深圳市第三职业技术学校
前程无忧,计算机,中小学计算机老师,20000,深圳,2年及以上,本科,深圳前海坎特伯雷国王外籍人员子女学校
前程无忧,计算机,计算机平面设计教师,7000,深圳,1年及以上,本科,深圳市中嘉职业技术学校
前程无忧,计算机,计算机老师（软件方向）,7000,深圳,2年及以上,本科,深圳市中嘉职业技术学校
前程无忧,计算机,工业计算机销售工程师,8000,深圳,1年及以上,高中,深圳市飞鸣特科技
前程无忧,计算机,计算机硬件销售经理（深圳）,8000,深圳,3-5年,高中,上海亚业科技
前程无忧,计算机,DCS工程师,15000,深圳,3年及以上,本科,深圳合续科技开发
前程无忧,计算机,计算机视觉工程师(多模态方向),22500,深圳,无需经验,硕士,杭州弓叶科技
前程无忧,计算机,高级计算机视觉算法工程师,60000,深圳,3-10年,本科,深圳科创学院
前程无忧,计算机,路径规划算法工程师（割草机）,32500,深圳,3年及以上,硕士,深圳市路畅科技
前程无忧,计算机,计算机视觉算法高级工程师,30000,深圳,3年及以上,本科,深圳市企顺创新科技发展
前程无忧,计算机,计算机硬件开发工程师,27500,深圳,2年,大专,深圳市智傲科技
前程无忧,计算机,路径规划算法工程师（割草机）,32500,深圳,3年及以上,硕士,深圳市路畅科技
前程无忧,计算机,服务器及数据中心信息技术工程师,12500,深圳,2年及以上,本科,埃特环球贸易（深圳）
前程无忧,计算机,嵌入式linux软件开发工程师,18000,深圳,3年及以上,本科,深圳市永达电子信息
前程无忧,计算机,ISP嵌入应用开发工程师,24000,深圳,3年及以上,本科,深圳爱图仕创新科技
前程无忧,计算机,DCS工程师,15000,深圳,3年及以上,本科,深圳合续科技开发
前程无忧,计算机,计算机视觉算法高级工程师,30000,深圳,3年及以上,本科,深圳市企顺创新科技发展
前程无忧,计算机,计算机硬件开发工程师,27500,深圳,2年,大专,深圳市智傲科技
前程无忧,计算机,高级计算机视觉算法工程师,60000,深圳,3-10年,本科,深圳科创学院
前程无忧,计算机,计算机老师（软件方向）,7000,深圳,2年及以上,本科,深圳市中嘉职业技术学校
前程无忧,计算机,计算机硬件开发工程师,30000,深圳,2年,大专,深圳市智傲科技
前程无忧,计算机,计算机应用专业教师,12500,深圳,无需经验,硕士,深圳市第三职业技术学校
前程无忧,计算机,计算机视觉工程师(多模态方向),22500,深圳,无需经验,硕士,杭州弓叶科技
前程无忧,计算机,计算机硬件销售经理（深圳）,8000,深圳,3-5年,高中,上海亚业科技
前程无忧,计算机,销售代表（计算机硬件）,12500,深圳,3年及以上,大专,珠海世宁达科技
前程无忧,计算机,人工智能专任教师（计算机网络安全方向）,135000,深圳,无需经验,硕士,广东新安职业技术学院
前程无忧,计算机,中小学计算机老师,20000,深圳,2年及以上,本科,深圳前海坎特伯雷国王外籍人员子女学校
前程无忧,计算机,计算机科学与技术教师,7000,深圳,1年,本科,深圳市中嘉职业技术学校
前程无忧,计算机,计算机工程师(开发、架构、产品),37500,深圳,8-10年,大专,深圳市人力资本（集团）
前程无忧,计算机,计算机软件销售人员,17500,深圳,2年及以上,大专,荣尧泰（北京）信息科技
前程无忧,计算机,计算机辅助设计中高级研究员,16000,深圳,3年及以上,硕士,深圳市维琪科技
前程无忧,计算机,服务器及数据中心信息技术工程师,12500,深圳,2年及以上,本科,埃特环球贸易（深圳）
前程无忧,计算机,销售代表（计算机硬件）,12500,深圳,3年及以上,大专,珠海世宁达科技
前程无忧,计算机,计算机网络教师,7000,深圳,1年,本科,深圳市携创高级技工学校
前程无忧,计算机,计算机软件销售人员,17500,深圳,2年及以上,大专,荣尧泰（北京）信息科技
前程无忧,计算机,计算机网络应用专业教师,7000,深圳,1年及以上,本科,深圳市携创高级技工学校
前程无忧,计算机,计算机科学与技术教师,7000,深圳,1年,本科,深圳市中嘉职业技术学校
前程无忧,计算机,计算机应用专业教师,12500,深圳,无需经验,硕士,深圳市第三职业技术学校
前程无忧,计算机,中小学计算机老师,20000,深圳,2年及以上,本科,深圳前海坎特伯雷国王外籍人员子女学校
前程无忧,计算机,计算机老师（软件方向）,7000,深圳,2年及以上,本科,深圳市中嘉职业技术学校
前程无忧,计算机,计算机硬件销售经理（深圳）,8000,深圳,3-5年,高中,上海亚业科技
前程无忧,计算机,计算机平面设计教师,7000,深圳,1年及以上,本科,深圳市中嘉职业技术学校
前程无忧,计算机,计算机硬件开发工程师,30000,深圳,2年,大专,深圳市智傲科技
前程无忧,计算机,人工智能专任教师（计算机网络安全方向）,135000,深圳,无需经验,硕士,广东新安职业技术学院
前程无忧,计算机,工业计算机销售工程师,8000,深圳,1年及以上,高中,深圳市飞鸣特科技
前程无忧,计算机,计算机硬件开发工程师,27500,深圳,2年,大专,深圳市智傲科技
前程无忧,计算机,DCS工程师,15000,深圳,3年及以上,本科,深圳合续科技开发
前程无忧,计算机,行政文员/运维/计算机技术,7000,深圳,1年及以上,大专,深圳市华胜实验学校
前程无忧,计算机,高级计算机视觉算法工程师,60000,深圳,3-10年,本科,深圳科创学院
前程无忧,计算机,计算机视觉算法高级工程师,30000,深圳,3年及以上,本科,深圳市企顺创新科技发展
前程无忧,计算机,路径规划算法工程师（割草机）,32500,深圳,3年及以上,硕士,深圳市路畅科技
前程无忧,计算机,FDE AI现场部署工程师,8000,深圳,1年及以上,本科,深圳市众志天成科技
前程无忧,计算机,服务器及数据中心信息技术工程师,12500,深圳,2年及以上,本科,埃特环球贸易（深圳）
前程无忧,计算机,计算机软件销售人员,17500,深圳,2年及以上,大专,荣尧泰（北京）信息科技
前程无忧,计算机,销售代表（计算机硬件）,12500,深圳,3年及以上,大专,珠海世宁达科技
前程无忧,计算机,人工智能专任教师（计算机网络安全方向）,135000,深圳,无需经验,硕士,广东新安职业技术学院
前程无忧,计算机,计算机科学与技术教师,7000,深圳,1年,本科,深圳市中嘉职业技术学校
前程无忧,计算机,计算机网络教师,7000,深圳,1年,本科,深圳市携创高级技工学校
前程无忧,计算机,计算机网络应用专业教师,7000,深圳,1年及以上,本科,深圳市携创高级技工学校
前程无忧,计算机,计算机应用专业教师,12500,深圳,无需经验,硕士,深圳市第三职业技术学校
前程无忧,计算机,中小学计算机老师,20000,深圳,2年及以上,本科,深圳前海坎特伯雷国王外籍人员子女学校
前程无忧,计算机,计算机平面设计教师,7000,深圳,1年及以上,本科,深圳市中嘉职业技术学校
前程无忧,计算机,计算机老师（软件方向）,7000,深圳,2年及以上,本科,深圳市中嘉职业技术学校
前程无忧,计算机,工业计算机销售工程师,8000,深圳,1年及以上,高中,深圳市飞鸣特科技
前程无忧,计算机,计算机硬件销售经理（深圳）,8000,深圳,3-5年,高中,上海亚业科技
前程无忧,计算机,DCS工程师,15000,深圳,3年及以上,本科,深圳合续科技开发
前程无忧,计算机,计算机视觉工程师(多模态方向),22500,深圳,无需经验,硕士,杭州弓叶科技
前程无忧,计算机,高级计算机视觉算法工程师,60000,深圳,3-10年,本科,深圳科创学院
前程无忧,计算机,路径规划算法工程师（割草机）,32500,深圳,3年及以上,硕士,深圳市路畅科技
前程无忧,计算机,计算机视觉算法高级工程师,30000,深圳,3年及以上,本科,深圳市企顺创新科技发展
前程无忧,计算机,计算机硬件开发工程师,27500,深圳,2年,大专,深圳市智傲科技
前程无忧,计算机,路径规划算法工程师（割草机）,32500,深圳,3年及以上,硕士,深圳市路畅科技
前程无忧,计算机,服务器及数据中心信息技术工程师,12500,深圳,2年及以上,本科,埃特环球贸易（深圳）
前程无忧,计算机,嵌入式linux软件开发工程师,18000,深圳,3年及以上,本科,深圳市永达电子信息
前程无忧,计算机,ISP嵌入应用开发工程师,24000,深圳,3年及以上,本科,深圳爱图仕创新科技
前程无忧,计算机,DCS工程师,15000,深圳,3年及以上,本科,深圳合续科技开发
前程无忧,计算机,计算机视觉算法高级工程师,30000,深圳,3年及以上,本科,深圳市企顺创新科技发展
前程无忧,计算机,计算机硬件开发工程师,27500,深圳,2年,大专,深圳市智傲科技
前程无忧,计算机,高级计算机视觉算法工程师,60000,深圳,3-10年,本科,深圳科创学院
前程无忧,计算机,计算机老师（软件方向）,7000,深圳,2年及以上,本科,深圳市中嘉职业技术学校
前程无忧,计算机,计算机硬件开发工程师,30000,深圳,2年,大专,深圳市智傲科技
前程无忧,计算机,计算机应用专业教师,12500,深圳,无需经验,硕士,深圳市第三职业技术学校
前程无忧,计算机,计算机视觉工程师(多模态方向),22500,深圳,无需经验,硕士,杭州弓叶科技
前程无忧,计算机,计算机硬件销售经理（深圳）,8000,深圳,3-5年,高中,上海亚业科技
前程无忧,计算机,销售代表（计算机硬件）,12500,深圳,3年及以上,大专,珠海世宁达科技
前程无忧,计算机,人工智能专任教师（计算机网络安全方向）,135000,深圳,无需经验,硕士,广东新安职业技术学院
前程无忧,计算机,中小学计算机老师,20000,深圳,2年及以上,本科,深圳前海坎特伯雷国王外籍人员子女学校
前程无忧,计算机,计算机科学与技术教师,7000,深圳,1年,本科,深圳市中嘉职业技术学校
前程无忧,计算机,计算机工程师(开发、架构、产品),37500,深圳,8-10年,大专,深圳市人力资本（集团）
前程无忧,计算机,计算机软件销售人员,17500,深圳,2年及以上,大专,荣尧泰（北京）信息科技
前程无忧,计算机,计算机辅助设计中高级研究员,16000,深圳,3年及以上,硕士,深圳市维琪科技
前程无忧,计算机,路径规划算法工程师（割草机）,32500,深圳,3年及以上,硕士,深圳市路畅科技
前程无忧,计算机,服务器及数据中心信息技术工程师,12500,深圳,2年及以上,本科,埃特环球贸易（深圳）
前程无忧,计算机,嵌入式linux软件开发工程师,18000,深圳,3年及以上,本科,深圳市永达电子信息
前程无忧,计算机,ISP嵌入应用开发工程师,24000,深圳,3年及以上,本科,深圳爱图仕创新科技
前程无忧,计算机,DCS工程师,15000,深圳,3年及以上,本科,深圳合续科技开发
前程无忧,计算机,计算机视觉算法高级工程师,30000,深圳,3年及以上,本科,深圳市企顺创新科技发展
前程无忧,计算机,计算机硬件开发工程师,27500,深圳,2年,大专,深圳市智傲科技
前程无忧,计算机,高级计算机视觉算法工程师,60000,深圳,3-10年,本科,深圳科创学院
前程无忧,计算机,计算机老师（软件方向）,7000,深圳,2年及以上,本科,深圳市中嘉职业技术学校
前程无忧,计算机,计算机硬件开发工程师,30000,深圳,2年,大专,深圳市智傲科技
前程无忧,计算机,计算机应用专业教师,12500,深圳,无需经验,硕士,深圳市第三职业技术学校
前程无忧,计算机,计算机视觉工程师(多模态方向),22500,深圳,无需经验,硕士,杭州弓叶科技
前程无忧,计算机,计算机硬件销售经理（深圳）,8000,深圳,3-5年,高中,上海亚业科技
前程无忧,计算机,销售代表（计算机硬件）,12500,深圳,3年及以上,大专,珠海世宁达科技
前程无忧,计算机,人工智能专任教师（计算机网络安全方向）,135000,深圳,无需经验,硕士,广东新安职业技术学院
前程无忧,计算机,中小学计算机老师,20000,深圳,2年及以上,本科,深圳前海坎特伯雷国王外籍人员子女学校
前程无忧,计算机,计算机科学与技术教师,7000,深圳,1年,本科,深圳市中嘉职业技术学校
前程无忧,计算机,计算机工程师(开发、架构、产品),37500,深圳,8-10年,大专,深圳市人力资本（集团）
前程无忧,计算机,计算机软件销售人员,17500,深圳,2年及以上,大专,荣尧泰（北京）信息科技
前程无忧,计算机,计算机辅助设计中高级研究员,16000,深圳,3年及以上,硕士,深圳市维琪科技
前程无忧,计算机,路径规划算法工程师（割草机）,32500,深圳,3年及以上,硕士,深圳市路畅科技
前程无忧,计算机,服务器及数据中心信息技术工程师,12500,深圳,2年及以上,本科,埃特环球贸易（深圳）
前程无忧,计算机,嵌入式linux软件开发工程师,18000,深圳,3年及以上,本科,深圳市永达电子信息
前程无忧,计算机,ISP嵌入应用开发工程师,24000,深圳,3年及以上,本科,深圳爱图仕创新科技
前程无忧,计算机,DCS工程师,15000,深圳,3年及以上,本科,深圳合续科技开发
前程无忧,计算机,计算机视觉算法高级工程师,30000,深圳,3年及以上,本科,深圳市企顺创新科技发展
前程无忧,计算机,计算机硬件开发工程师,27500,深圳,2年,大专,深圳市智傲科技
前程无忧,计算机,高级计算机视觉算法工程师,60000,深圳,3-10年,本科,深圳科创学院
前程无忧,计算机,计算机老师（软件方向）,7000,深圳,2年及以上,本科,深圳市中嘉职业技术学校
前程无忧,计算机,计算机硬件开发工程师,30000,深圳,2年,大专,深圳市智傲科技
前程无忧,计算机,计算机应用专业教师,12500,深圳,无需经验,硕士,深圳市第三职业技术学校
前程无忧,计算机,计算机视觉工程师(多模态方向),22500,深圳,无需经验,硕士,杭州弓叶科技
前程无忧,计算机,计算机硬件销售经理（深圳）,8000,深圳,3-5年,高中,上海亚业科技
前程无忧,计算机,销售代表（计算机硬件）,12500,深圳,3年及以上,大专,珠海世宁达科技
前程无忧,计算机,人工智能专任教师（计算机网络安全方向）,135000,深圳,无需经验,硕士,广东新安职业技术学院
前程无忧,计算机,中小学计算机老师,20000,深圳,2年及以上,本科,深圳前海坎特伯雷国王外籍人员子女学校
前程无忧,计算机,计算机科学与技术教师,7000,深圳,1年,本科,深圳市中嘉职业技术学校
前程无忧,计算机,计算机工程师(开发、架构、产品),37500,深圳,8-10年,大专,深圳市人力资本（集团）
前程无忧,计算机,计算机软件销售人员,17500,深圳,2年及以上,大专,荣尧泰（北京）信息科技
前程无忧,计算机,计算机辅助设计中高级研究员,16000,深圳,3年及以上,硕士,深圳市维琪科技
前程无忧,计算机,FDE AI现场部署工程师,8000,深圳,1年及以上,本科,深圳市众志天成科技
前程无忧,计算机,服务器及数据中心信息技术工程师,12500,深圳,2年及以上,本科,埃特环球贸易（深圳）
前程无忧,计算机,计算机软件销售人员,17500,深圳,2年及以上,大专,荣尧泰（北京）信息科技
前程无忧,计算机,销售代表（计算机硬件）,12500,深圳,3年及以上,大专,珠海世宁达科技
前程无忧,计算机,人工智能专任教师（计算机网络安全方向）,135000,深圳,无需经验,硕士,广东新安职业技术学院
前程无忧,计算机,计算机科学与技术教师,7000,深圳,1年,本科,深圳市中嘉职业技术学校
前程无忧,计算机,计算机网络教师,7000,深圳,1年,本科,深圳市携创高级技工学校
前程无忧,计算机,计算机网络应用专业教师,7000,深圳,1年及以上,本科,深圳市携创高级技工学校
前程无忧,计算机,计算机应用专业教师,12500,深圳,无需经验,硕士,深圳市第三职业技术学校
前程无忧,计算机,中小学计算机老师,20000,深圳,2年及以上,本科,深圳前海坎特伯雷国王外籍人员子女学校
前程无忧,计算机,计算机平面设计教师,7000,深圳,1年及以上,本科,深圳市中嘉职业技术学校
前程无忧,计算机,计算机老师（软件方向）,7000,深圳,2年及以上,本科,深圳市中嘉职业技术学校
前程无忧,计算机,工业计算机销售工程师,8000,深圳,1年及以上,高中,深圳市飞鸣特科技
前程无忧,计算机,计算机硬件销售经理（深圳）,8000,深圳,3-5年,高中,上海亚业科技
前程无忧,计算机,DCS工程师,15000,深圳,3年及以上,本科,深圳合续科技开发
前程无忧,计算机,计算机视觉工程师(多模态方向),22500,深圳,无需经验,硕士,杭州弓叶科技
前程无忧,计算机,高级计算机视觉算法工程师,60000,深圳,3-10年,本科,深圳科创学院
前程无忧,计算机,路径规划算法工程师（割草机）,32500,深圳,3年及以上,硕士,深圳市路畅科技
前程无忧,计算机,计算机视觉算法高级工程师,30000,深圳,3年及以上,本科,深圳市企顺创新科技发展
前程无忧,计算机,计算机硬件开发工程师,27500,深圳,2年,大专,深圳市智傲科技
前程无忧,计算机,FDE AI现场部署工程师,8000,深圳,1年及以上,本科,深圳市众志天成科技
前程无忧,计算机,服务器及数据中心信息技术工程师,12500,深圳,2年及以上,本科,埃特环球贸易（深圳）
前程无忧,计算机,计算机软件销售人员,17500,深圳,2年及以上,大专,荣尧泰（北京）信息科技
前程无忧,计算机,销售代表（计算机硬件）,12500,深圳,3年及以上,大专,珠海世宁达科技
前程无忧,计算机,人工智能专任教师（计算机网络安全方向）,135000,深圳,无需经验,硕士,广东新安职业技术学院
前程无忧,计算机,计算机科学与技术教师,7000,深圳,1年,本科,深圳市中嘉职业技术学校
前程无忧,计算机,计算机网络教师,7000,深圳,1年,本科,深圳市携创高级技工学校
前程无忧,计算机,计算机网络应用专业教师,7000,深圳,1年及以上,本科,深圳市携创高级技工学校
前程无忧,计算机,计算机应用专业教师,12500,深圳,无需经验,硕士,深圳市第三职业技术学校
前程无忧,计算机,中小学计算机老师,20000,深圳,2年及以上,本科,深圳前海坎特伯雷国王外籍人员子女学校
前程无忧,计算机,计算机平面设计教师,7000,深圳,1年及以上,本科,深圳市中嘉职业技术学校
前程无忧,计算机,计算机老师（软件方向）,7000,深圳,2年及以上,本科,深圳市中嘉职业技术学校
前程无忧,计算机,工业计算机销售工程师,8000,深圳,1年及以上,高中,深圳市飞鸣特科技
前程无忧,计算机,计算机硬件销售经理（深圳）,8000,深圳,3-5年,高中,上海亚业科技
前程无忧,计算机,DCS工程师,15000,深圳,3年及以上,本科,深圳合续科技开发
前程无忧,计算机,计算机视觉工程师(多模态方向),22500,深圳,无需经验,硕士,杭州弓叶科技
前程无忧,计算机,高级计算机视觉算法工程师,60000,深圳,3-10年,本科,深圳科创学院
前程无忧,计算机,路径规划算法工程师（割草机）,32500,深圳,3年及以上,硕士,深圳市路畅科技
前程无忧,计算机,计算机视觉算法高级工程师,30000,深圳,3年及以上,本科,深圳市企顺创新科技发展
前程无忧,计算机,计算机硬件开发工程师,27500,深圳,2年,大专,深圳市智傲科技
前程无忧,计算机,服务器及数据中心信息技术工程师,12500,深圳,2年及以上,本科,埃特环球贸易（深圳）
前程无忧,计算机,销售代表（计算机硬件）,12500,深圳,3年及以上,大专,珠海世宁达科技
前程无忧,计算机,计算机网络教师,7000,深圳,1年,本科,深圳市携创高级技工学校
前程无忧,计算机,计算机软件销售人员,17500,深圳,2年及以上,大专,荣尧泰（北京）信息科技
前程无忧,计算机,计算机网络应用专业教师,7000,深圳,1年及以上,本科,深圳市携创高级技工学校
前程无忧,计算机,计算机科学与技术教师,7000,深圳,1年,本科,深圳市中嘉职业技术学校
前程无忧,计算机,计算机应用专业教师,12500,深圳,无需经验,硕士,深圳市第三职业技术学校
前程无忧,计算机,中小学计算机老师,20000,深圳,2年及以上,本科,深圳前海坎特伯雷国王外籍人员子女学校
前程无忧,计算机,计算机老师（软件方向）,7000,深圳,2年及以上,本科,深圳市中嘉职业技术学校
前程无忧,计算机,计算机硬件销售经理（深圳）,8000,深圳,3-5年,高中,上海亚业科技
前程无忧,计算机,计算机平面设计教师,7000,深圳,1年及以上,本科,深圳市中嘉职业技术学校
前程无忧,计算机,计算机硬件开发工程师,30000,深圳,2年,大专,深圳市智傲科技
前程无忧,计算机,人工智能专任教师（计算机网络安全方向）,135000,深圳,无需经验,硕士,广东新安职业技术学院
前程无忧,计算机,工业计算机销售工程师,8000,深圳,1年及以上,高中,深圳市飞鸣特科技
前程无忧,计算机,计算机硬件开发工程师,27500,深圳,2年,大专,深圳市智傲科技
前程无忧,计算机,DCS工程师,15000,深圳,3年及以上,本科,深圳合续科技开发
前程无忧,计算机,行政文员/运维/计算机技术,7000,深圳,1年及以上,大专,深圳市华胜实验学校
前程无忧,计算机,高级计算机视觉算法工程师,60000,深圳,3-10年,本科,深圳科创学院
前程无忧,计算机,计算机视觉算法高级工程师,30000,深圳,3年及以上,本科,深圳市企顺创新科技发展
前程无忧,计算机,路径规划算法工程师（割草机）,32500,深圳,3年及以上,硕士,深圳市路畅科技
前程无忧,计算机,FDE AI现场部署工程师,8000,深圳,1年及以上,本科,深圳市众志天成科技
前程无忧,计算机,服务器及数据中心信息技术工程师,12500,深圳,2年及以上,本科,埃特环球贸易（深圳）
前程无忧,计算机,计算机软件销售人员,17500,深圳,2年及以上,大专,荣尧泰（北京）信息科技
前程无忧,计算机,销售代表（计算机硬件）,12500,深圳,3年及以上,大专,珠海世宁达科技
前程无忧,计算机,人工智能专任教师（计算机网络安全方向）,135000,深圳,无需经验,硕士,广东新安职业技术学院
前程无忧,计算机,计算机科学与技术教师,7000,深圳,1年,本科,深圳市中嘉职业技术学校
前程无忧,计算机,计算机网络教师,7000,深圳,1年,本科,深圳市携创高级技工学校
前程无忧,计算机,计算机网络应用专业教师,7000,深圳,1年及以上,本科,深圳市携创高级技工学校
前程无忧,计算机,计算机应用专业教师,12500,深圳,无需经验,硕士,深圳市第三职业技术学校
前程无忧,计算机,中小学计算机老师,20000,深圳,2年及以上,本科,深圳前海坎特伯雷国王外籍人员子女学校
前程无忧,计算机,计算机平面设计教师,7000,深圳,1年及以上,本科,深圳市中嘉职业技术学校
前程无忧,计算机,计算机老师（软件方向）,7000,深圳,2年及以上,本科,深圳市中嘉职业技术学校
前程无忧,计算机,工业计算机销售工程师,8000,深圳,1年及以上,高中,深圳市飞鸣特科技
前程无忧,计算机,计算机硬件销售经理（深圳）,8000,深圳,3-5年,高中,上海亚业科技
前程无忧,计算机,DCS工程师,15000,深圳,3年及以上,本科,深圳合续科技开发
前程无忧,计算机,计算机视觉工程师(多模态方向),22500,深圳,无需经验,硕士,杭州弓叶科技
前程无忧,计算机,高级计算机视觉算法工程师,60000,深圳,3-10年,本科,深圳科创学院
前程无忧,计算机,路径规划算法工程师（割草机）,32500,深圳,3年及以上,硕士,深圳市路畅科技
前程无忧,计算机,计算机视觉算法高级工程师,30000,深圳,3年及以上,本科,深圳市企顺创新科技发展
前程无忧,计算机,计算机硬件开发工程师,27500,深圳,2年,大专,深圳市智傲科技
前程无忧,计算机,FDE AI现场部署工程师,8000,深圳,1年及以上,本科,深圳市众志天成科技
前程无忧,计算机,服务器及数据中心信息技术工程师,12500,深圳,2年及以上,本科,埃特环球贸易（深圳）
前程无忧,计算机,计算机软件销售人员,17500,深圳,2年及以上,大专,荣尧泰（北京）信息科技
前程无忧,计算机,销售代表（计算机硬件）,12500,深圳,3年及以上,大专,珠海世宁达科技
前程无忧,计算机,人工智能专任教师（计算机网络安全方向）,135000,深圳,无需经验,硕士,广东新安职业技术学院
前程无忧,计算机,计算机科学与技术教师,7000,深圳,1年,本科,深圳市中嘉职业技术学校
前程无忧,计算机,计算机网络教师,7000,深圳,1年,本科,深圳市携创高级技工学校
前程无忧,计算机,计算机网络应用专业教师,7000,深圳,1年及以上,本科,深圳市携创高级技工学校
前程无忧,计算机,计算机应用专业教师,12500,深圳,无需经验,硕士,深圳市第三职业技术学校
前程无忧,计算机,中小学计算机老师,20000,深圳,2年及以上,本科,深圳前海坎特伯雷国王外籍人员子女学校
前程无忧,计算机,计算机平面设计教师,7000,深圳,1年及以上,本科,深圳市中嘉职业技术学校
前程无忧,计算机,计算机老师（软件方向）,7000,深圳,2年及以上,本科,深圳市中嘉职业技术学校
前程无忧,计算机,工业计算机销售工程师,8000,深圳,1年及以上,高中,深圳市飞鸣特科技
前程无忧,计算机,计算机硬件销售经理（深圳）,8000,深圳,3-5年,高中,上海亚业科技
前程无忧,计算机,DCS工程师,15000,深圳,3年及以上,本科,深圳合续科技开发
前程无忧,计算机,计算机视觉工程师(多模态方向),22500,深圳,无需经验,硕士,杭州弓叶科技
前程无忧,计算机,高级计算机视觉算法工程师,60000,深圳,3-10年,本科,深圳科创学院
前程无忧,计算机,路径规划算法工程师（割草机）,32500,深圳,3年及以上,硕士,深圳市路畅科技
前程无忧,计算机,计算机视觉算法高级工程师,30000,深圳,3年及以上,本科,深圳市企顺创新科技发展
前程无忧,计算机,计算机硬件开发工程师,27500,深圳,2年,大专,深圳市智傲科技
前程无忧,计算机,服务器及数据中心信息技术工程师,12500,深圳,2年及以上,本科,埃特环球贸易（深圳）
前程无忧,计算机,销售代表（计算机硬件）,12500,深圳,3年及以上,大专,珠海世宁达科技
前程无忧,计算机,计算机网络教师,7000,深圳,1年,本科,深圳市携创高级技工学校
前程无忧,计算机,计算机软件销售人员,17500,深圳,2年及以上,大专,荣尧泰（北京）信息科技
前程无忧,计算机,计算机网络应用专业教师,7000,深圳,1年及以上,本科,深圳市携创高级技工学校
前程无忧,计算机,计算机科学与技术教师,7000,深圳,1年,本科,深圳市中嘉职业技术学校
前程无忧,计算机,计算机应用专业教师,12500,深圳,无需经验,硕士,深圳市第三职业技术学校
前程无忧,计算机,中小学计算机老师,20000,深圳,2年及以上,本科,深圳前海坎特伯雷国王外籍人员子女学校
前程无忧,计算机,计算机老师（软件方向）,7000,深圳,2年及以上,本科,深圳市中嘉职业技术学校
前程无忧,计算机,计算机硬件销售经理（深圳）,8000,深圳,3-5年,高中,上海亚业科技
前程无忧,计算机,计算机平面设计教师,7000,深圳,1年及以上,本科,深圳市中嘉职业技术学校
前程无忧,计算机,计算机硬件开发工程师,30000,深圳,2年,大专,深圳市智傲科技
前程无忧,计算机,人工智能专任教师（计算机网络安全方向）,135000,深圳,无需经验,硕士,广东新安职业技术学院
前程无忧,计算机,工业计算机销售工程师,8000,深圳,1年及以上,高中,深圳市飞鸣特科技
前程无忧,计算机,计算机硬件开发工程师,27500,深圳,2年,大专,深圳市智傲科技
前程无忧,计算机,DCS工程师,15000,深圳,3年及以上,本科,深圳合续科技开发
前程无忧,计算机,行政文员/运维/计算机技术,7000,深圳,1年及以上,大专,深圳市华胜实验学校
前程无忧,计算机,高级计算机视觉算法工程师,60000,深圳,3-10年,本科,深圳科创学院
前程无忧,计算机,计算机视觉算法高级工程师,30000,深圳,3年及以上,本科,深圳市企顺创新科技发展
前程无忧,计算机,路径规划算法工程师（割草机）,32500,深圳,3年及以上,硕士,深圳市路畅科技
前程无忧,计算机,FDE AI现场部署工程师,8000,深圳,1年及以上,本科,深圳市众志天成科技
前程无忧,计算机,服务器及数据中心信息技术工程师,12500,深圳,2年及以上,本科,埃特环球贸易（深圳）
前程无忧,计算机,计算机软件销售人员,17500,深圳,2年及以上,大专,荣尧泰（北京）信息科技
前程无忧,计算机,销售代表（计算机硬件）,12500,深圳,3年及以上,大专,珠海世宁达科技
前程无忧,计算机,人工智能专任教师（计算机网络安全方向）,135000,深圳,无需经验,硕士,广东新安职业技术学院
前程无忧,计算机,计算机科学与技术教师,7000,深圳,1年,本科,深圳市中嘉职业技术学校
前程无忧,计算机,计算机网络教师,7000,深圳,1年,本科,深圳市携创高级技工学校
前程无忧,计算机,计算机网络应用专业教师,7000,深圳,1年及以上,本科,深圳市携创高级技工学校
前程无忧,计算机,计算机应用专业教师,12500,深圳,无需经验,硕士,深圳市第三职业技术学校
前程无忧,计算机,中小学计算机老师,20000,深圳,2年及以上,本科,深圳前海坎特伯雷国王外籍人员子女学校
前程无忧,计算机,计算机平面设计教师,7000,深圳,1年及以上,本科,深圳市中嘉职业技术学校
前程无忧,计算机,计算机老师（软件方向）,7000,深圳,2年及以上,本科,深圳市中嘉职业技术学校
前程无忧,计算机,工业计算机销售工程师,8000,深圳,1年及以上,高中,深圳市飞鸣特科技
前程无忧,计算机,计算机硬件销售经理（深圳）,8000,深圳,3-5年,高中,上海亚业科技
前程无忧,计算机,DCS工程师,15000,深圳,3年及以上,本科,深圳合续科技开发
前程无忧,计算机,计算机视觉工程师(多模态方向),22500,深圳,无需经验,硕士,杭州弓叶科技
前程无忧,计算机,高级计算机视觉算法工程师,60000,深圳,3-10年,本科,深圳科创学院
前程无忧,计算机,路径规划算法工程师（割草机）,32500,深圳,3年及以上,硕士,深圳市路畅科技
前程无忧,计算机,计算机视觉算法高级工程师,30000,深圳,3年及以上,本科,深圳市企顺创新科技发展
前程无忧,计算机,计算机硬件开发工程师,27500,深圳,2年,大专,深圳市智傲科技
前程无忧,计算机,路径规划算法工程师（割草机）,32500,深圳,3年及以上,硕士,深圳市路畅科技
前程无忧,计算机,服务器及数据中心信息技术工程师,12500,深圳,2年及以上,本科,埃特环球贸易（深圳）
前程无忧,计算机,嵌入式linux软件开发工程师,18000,深圳,3年及以上,本科,深圳市永达电子信息
前程无忧,计算机,ISP嵌入应用开发工程师,24000,深圳,3年及以上,本科,深圳爱图仕创新科技
前程无忧,计算机,DCS工程师,15000,深圳,3年及以上,本科,深圳合续科技开发
前程无忧,计算机,计算机视觉算法高级工程师,30000,深圳,3年及以上,本科,深圳市企顺创新科技发展
前程无忧,计算机,计算机硬件开发工程师,27500,深圳,2年,大专,深圳市智傲科技
前程无忧,计算机,高级计算机视觉算法工程师,60000,深圳,3-10年,本科,深圳科创学院
前程无忧,计算机,计算机老师（软件方向）,7000,深圳,2年及以上,本科,深圳市中嘉职业技术学校
前程无忧,计算机,计算机硬件开发工程师,30000,深圳,2年,大专,深圳市智傲科技
前程无忧,计算机,计算机应用专业教师,12500,深圳,无需经验,硕士,深圳市第三职业技术学校
前程无忧,计算机,计算机视觉工程师(多模态方向),22500,深圳,无需经验,硕士,杭州弓叶科技
前程无忧,计算机,计算机硬件销售经理（深圳）,8000,深圳,3-5年,高中,上海亚业科技
前程无忧,计算机,销售代表（计算机硬件）,12500,深圳,3年及以上,大专,珠海世宁达科技
前程无忧,计算机,人工智能专任教师（计算机网络安全方向）,135000,深圳,无需经验,硕士,广东新安职业技术学院
前程无忧,计算机,中小学计算机老师,20000,深圳,2年及以上,本科,深圳前海坎特伯雷国王外籍人员子女学校
前程无忧,计算机,计算机科学与技术教师,7000,深圳,1年,本科,深圳市中嘉职业技术学校
前程无忧,计算机,计算机工程师(开发、架构、产品),37500,深圳,8-10年,大专,深圳市人力资本（集团）
前程无忧,计算机,计算机软件销售人员,17500,深圳,2年及以上,大专,荣尧泰（北京）信息科技
前程无忧,计算机,计算机辅助设计中高级研究员,16000,深圳,3年及以上,硕士,深圳市维琪科技
前程无忧,计算机,服务器及数据中心信息技术工程师,12500,深圳,2年及以上,本科,埃特环球贸易（深圳）
前程无忧,计算机,销售代表（计算机硬件）,12500,深圳,3年及以上,大专,珠海世宁达科技
前程无忧,计算机,计算机网络教师,7000,深圳,1年,本科,深圳市携创高级技工学校
前程无忧,计算机,计算机软件销售人员,17500,深圳,2年及以上,大专,荣尧泰（北京）信息科技
前程无忧,计算机,计算机网络应用专业教师,7000,深圳,1年及以上,本科,深圳市携创高级技工学校
前程无忧,计算机,计算机科学与技术教师,7000,深圳,1年,本科,深圳市中嘉职业技术学校
前程无忧,计算机,计算机应用专业教师,12500,深圳,无需经验,硕士,深圳市第三职业技术学校
前程无忧,计算机,中小学计算机老师,20000,深圳,2年及以上,本科,深圳前海坎特伯雷国王外籍人员子女学校
前程无忧,计算机,计算机老师（软件方向）,7000,深圳,2年及以上,本科,深圳市中嘉职业技术学校
前程无忧,计算机,计算机硬件销售经理（深圳）,8000,深圳,3-5年,高中,上海亚业科技
前程无忧,计算机,计算机平面设计教师,7000,深圳,1年及以上,本科,深圳市中嘉职业技术学校
前程无忧,计算机,计算机硬件开发工程师,30000,深圳,2年,大专,深圳市智傲科技
前程无忧,计算机,人工智能专任教师（计算机网络安全方向）,135000,深圳,无需经验,硕士,广东新安职业技术学院
前程无忧,计算机,工业计算机销售工程师,8000,深圳,1年及以上,高中,深圳市飞鸣特科技
前程无忧,计算机,计算机硬件开发工程师,27500,深圳,2年,大专,深圳市智傲科技
前程无忧,计算机,DCS工程师,15000,深圳,3年及以上,本科,深圳合续科技开发
前程无忧,计算机,行政文员/运维/计算机技术,7000,深圳,1年及以上,大专,深圳市华胜实验学校
前程无忧,计算机,高级计算机视觉算法工程师,60000,深圳,3-10年,本科,深圳科创学院
前程无忧,计算机,计算机视觉算法高级工程师,30000,深圳,3年及以上,本科,深圳市企顺创新科技发展
前程无忧,计算机,路径规划算法工程师（割草机）,32500,深圳,3年及以上,硕士,深圳市路畅科技
前程无忧,计算机,路径规划算法工程师（割草机）,32500,深圳,3年及以上,硕士,深圳市路畅科技
前程无忧,计算机,服务器及数据中心信息技术工程师,12500,深圳,2年及以上,本科,埃特环球贸易（深圳）
前程无忧,计算机,嵌入式linux软件开发工程师,18000,深圳,3年及以上,本科,深圳市永达电子信息
前程无忧,计算机,ISP嵌入应用开发工程师,24000,深圳,3年及以上,本科,深圳爱图仕创新科技
前程无忧,计算机,DCS工程师,15000,深圳,3年及以上,本科,深圳合续科技开发
前程无忧,计算机,计算机视觉算法高级工程师,30000,深圳,3年及以上,本科,深圳市企顺创新科技发展
前程无忧,计算机,计算机硬件开发工程师,27500,深圳,2年,大专,深圳市智傲科技
前程无忧,计算机,高级计算机视觉算法工程师,60000,深圳,3-10年,本科,深圳科创学院
前程无忧,计算机,计算机老师（软件方向）,7000,深圳,2年及以上,本科,深圳市中嘉职业技术学校
前程无忧,计算机,计算机硬件开发工程师,30000,深圳,2年,大专,深圳市智傲科技
前程无忧,计算机,计算机应用专业教师,12500,深圳,无需经验,硕士,深圳市第三职业技术学校
前程无忧,计算机,计算机视觉工程师(多模态方向),22500,深圳,无需经验,硕士,杭州弓叶科技
前程无忧,计算机,计算机硬件销售经理（深圳）,8000,深圳,3-5年,高中,上海亚业科技
前程无忧,计算机,销售代表（计算机硬件）,12500,深圳,3年及以上,大专,珠海世宁达科技
前程无忧,计算机,人工智能专任教师（计算机网络安全方向）,135000,深圳,无需经验,硕士,广东新安职业技术学院
前程无忧,计算机,中小学计算机老师,20000,深圳,2年及以上,本科,深圳前海坎特伯雷国王外籍人员子女学校
前程无忧,计算机,计算机科学与技术教师,7000,深圳,1年,本科,深圳市中嘉职业技术学校
前程无忧,计算机,计算机工程师(开发、架构、产品),37500,深圳,8-10年,大专,深圳市人力资本（集团）
前程无忧,计算机,计算机软件销售人员,17500,深圳,2年及以上,大专,荣尧泰（北京）信息科技
前程无忧,计算机,计算机辅助设计中高级研究员,16000,深圳,3年及以上,硕士,深圳市维琪科技
前程无忧,计算机,FDE AI现场部署工程师,8000,深圳,1年及以上,本科,深圳市众志天成科技
前程无忧,计算机,服务器及数据中心信息技术工程师,12500,深圳,2年及以上,本科,埃特环球贸易（深圳）
前程无忧,计算机,计算机软件销售人员,17500,深圳,2年及以上,大专,荣尧泰（北京）信息科技
前程无忧,计算机,销售代表（计算机硬件）,12500,深圳,3年及以上,大专,珠海世宁达科技
前程无忧,计算机,人工智能专任教师（计算机网络安全方向）,135000,深圳,无需经验,硕士,广东新安职业技术学院
前程无忧,计算机,计算机科学与技术教师,7000,深圳,1年,本科,深圳市中嘉职业技术学校
前程无忧,计算机,计算机网络教师,7000,深圳,1年,本科,深圳市携创高级技工学校
前程无忧,计算机,计算机网络应用专业教师,7000,深圳,1年及以上,本科,深圳市携创高级技工学校
前程无忧,计算机,计算机应用专业教师,12500,深圳,无需经验,硕士,深圳市第三职业技术学校
前程无忧,计算机,中小学计算机老师,20000,深圳,2年及以上,本科,深圳前海坎特伯雷国王外籍人员子女学校
前程无忧,计算机,计算机平面设计教师,7000,深圳,1年及以上,本科,深圳市中嘉职业技术学校
前程无忧,计算机,计算机老师（软件方向）,7000,深圳,2年及以上,本科,深圳市中嘉职业技术学校
前程无忧,计算机,工业计算机销售工程师,8000,深圳,1年及以上,高中,深圳市飞鸣特科技
前程无忧,计算机,计算机硬件销售经理（深圳）,8000,深圳,3-5年,高中,上海亚业科技
前程无忧,计算机,DCS工程师,15000,深圳,3年及以上,本科,深圳合续科技开发
前程无忧,计算机,计算机视觉工程师(多模态方向),22500,深圳,无需经验,硕士,杭州弓叶科技
前程无忧,计算机,高级计算机视觉算法工程师,60000,深圳,3-10年,本科,深圳科创学院
前程无忧,计算机,路径规划算法工程师（割草机）,32500,深圳,3年及以上,硕士,深圳市路畅科技
前程无忧,计算机,计算机视觉算法高级工程师,30000,深圳,3年及以上,本科,深圳市企顺创新科技发展
前程无忧,计算机,计算机硬件开发工程师,27500,深圳,2年,大专,深圳市智傲科技
前程无忧,计算机,FDE AI现场部署工程师,8000,深圳,1年及以上,本科,深圳市众志天成科技
前程无忧,计算机,服务器及数据中心信息技术工程师,12500,深圳,2年及以上,本科,埃特环球贸易（深圳）
前程无忧,计算机,计算机软件销售人员,17500,深圳,2年及以上,大专,荣尧泰（北京）信息科技
前程无忧,计算机,销售代表（计算机硬件）,12500,深圳,3年及以上,大专,珠海世宁达科技
前程无忧,计算机,人工智能专任教师（计算机网络安全方向）,135000,深圳,无需经验,硕士,广东新安职业技术学院
前程无忧,计算机,计算机科学与技术教师,7000,深圳,1年,本科,深圳市中嘉职业技术学校
前程无忧,计算机,计算机网络教师,7000,深圳,1年,本科,深圳市携创高级技工学校
前程无忧,计算机,计算机网络应用专业教师,7000,深圳,1年及以上,本科,深圳市携创高级技工学校
前程无忧,计算机,计算机应用专业教师,12500,深圳,无需经验,硕士,深圳市第三职业技术学校
前程无忧,计算机,中小学计算机老师,20000,深圳,2年及以上,本科,深圳前海坎特伯雷国王外籍人员子女学校
前程无忧,计算机,计算机平面设计教师,7000,深圳,1年及以上,本科,深圳市中嘉职业技术学校
前程无忧,计算机,计算机老师（软件方向）,7000,深圳,2年及以上,本科,深圳市中嘉职业技术学校
前程无忧,计算机,工业计算机销售工程师,8000,深圳,1年及以上,高中,深圳市飞鸣特科技
前程无忧,计算机,计算机硬件销售经理（深圳）,8000,深圳,3-5年,高中,上海亚业科技
前程无忧,计算机,DCS工程师,15000,深圳,3年及以上,本科,深圳合续科技开发
前程无忧,计算机,计算机视觉工程师(多模态方向),22500,深圳,无需经验,硕士,杭州弓叶科技
前程无忧,计算机,高级计算机视觉算法工程师,60000,深圳,3-10年,本科,深圳科创学院
前程无忧,计算机,路径规划算法工程师（割草机）,32500,深圳,3年及以上,硕士,深圳市路畅科技
前程无忧,计算机,计算机视觉算法高级工程师,30000,深圳,3年及以上,本科,深圳市企顺创新科技发展
前程无忧,计算机,计算机硬件开发工程师,27500,深圳,2年,大专,深圳市智傲科技
前程无忧,计算机,路径规划算法工程师（割草机）,32500,深圳,3年及以上,硕士,深圳市路畅科技
前程无忧,计算机,服务器及数据中心信息技术工程师,12500,深圳,2年及以上,本科,埃特环球贸易（深圳）
前程无忧,计算机,嵌入式linux软件开发工程师,18000,深圳,3年及以上,本科,深圳市永达电子信息
前程无忧,计算机,ISP嵌入应用开发工程师,24000,深圳,3年及以上,本科,深圳爱图仕创新科技
前程无忧,计算机,DCS工程师,15000,深圳,3年及以上,本科,深圳合续科技开发
前程无忧,计算机,计算机视觉算法高级工程师,30000,深圳,3年及以上,本科,深圳市企顺创新科技发展
前程无忧,计算机,计算机硬件开发工程师,27500,深圳,2年,大专,深圳市智傲科技
前程无忧,计算机,高级计算机视觉算法工程师,60000,深圳,3-10年,本科,深圳科创学院
前程无忧,计算机,计算机老师（软件方向）,7000,深圳,2年及以上,本科,深圳市中嘉职业技术学校
前程无忧,计算机,计算机硬件开发工程师,30000,深圳,2年,大专,深圳市智傲科技
前程无忧,计算机,计算机应用专业教师,12500,深圳,无需经验,硕士,深圳市第三职业技术学校
前程无忧,计算机,计算机视觉工程师(多模态方向),22500,深圳,无需经验,硕士,杭州弓叶科技
前程无忧,计算机,计算机硬件销售经理（深圳）,8000,深圳,3-5年,高中,上海亚业科技
前程无忧,计算机,销售代表（计算机硬件）,12500,深圳,3年及以上,大专,珠海世宁达科技
前程无忧,计算机,人工智能专任教师（计算机网络安全方向）,135000,深圳,无需经验,硕士,广东新安职业技术学院
前程无忧,计算机,中小学计算机老师,20000,深圳,2年及以上,本科,深圳前海坎特伯雷国王外籍人员子女学校
前程无忧,计算机,计算机科学与技术教师,7000,深圳,1年,本科,深圳市中嘉职业技术学校
前程无忧,计算机,计算机工程师(开发、架构、产品),37500,深圳,8-10年,大专,深圳市人力资本（集团）
前程无忧,计算机,计算机软件销售人员,17500,深圳,2年及以上,大专,荣尧泰（北京）信息科技
前程无忧,计算机,计算机辅助设计中高级研究员,16000,深圳,3年及以上,硕士,深圳市维琪科技
前程无忧,计算机,服务器及数据中心信息技术工程师,12500,深圳,2年及以上,本科,埃特环球贸易（深圳）
前程无忧,计算机,销售代表（计算机硬件）,12500,深圳,3年及以上,大专,珠海世宁达科技
前程无忧,计算机,计算机网络教师,7000,深圳,1年,本科,深圳市携创高级技工学校
前程无忧,计算机,计算机软件销售人员,17500,深圳,2年及以上,大专,荣尧泰（北京）信息科技
前程无忧,计算机,计算机网络应用专业教师,7000,深圳,1年及以上,本科,深圳市携创高级技工学校
前程无忧,计算机,计算机科学与技术教师,7000,深圳,1年,本科,深圳市中嘉职业技术学校
前程无忧,计算机,计算机应用专业教师,12500,深圳,无需经验,硕士,深圳市第三职业技术学校
前程无忧,计算机,中小学计算机老师,20000,深圳,2年及以上,本科,深圳前海坎特伯雷国王外籍人员子女学校
前程无忧,计算机,计算机老师（软件方向）,7000,深圳,2年及以上,本科,深圳市中嘉职业技术学校
前程无忧,计算机,计算机硬件销售经理（深圳）,8000,深圳,3-5年,高中,上海亚业科技
前程无忧,计算机,计算机平面设计教师,7000,深圳,1年及以上,本科,深圳市中嘉职业技术学校
前程无忧,计算机,计算机硬件开发工程师,30000,深圳,2年,大专,深圳市智傲科技
前程无忧,计算机,人工智能专任教师（计算机网络安全方向）,135000,深圳,无需经验,硕士,广东新安职业技术学院
前程无忧,计算机,工业计算机销售工程师,8000,深圳,1年及以上,高中,深圳市飞鸣特科技
前程无忧,计算机,计算机硬件开发工程师,27500,深圳,2年,大专,深圳市智傲科技
前程无忧,计算机,DCS工程师,15000,深圳,3年及以上,本科,深圳合续科技开发
前程无忧,计算机,行政文员/运维/计算机技术,7000,深圳,1年及以上,大专,深圳市华胜实验学校
前程无忧,计算机,高级计算机视觉算法工程师,60000,深圳,3-10年,本科,深圳科创学院
前程无忧,计算机,计算机视觉算法高级工程师,30000,深圳,3年及以上,本科,深圳市企顺创新科技发展
前程无忧,计算机,路径规划算法工程师（割草机）,32500,深圳,3年及以上,硕士,深圳市路畅科技
前程无忧,计算机,服务器及数据中心信息技术工程师,12500,深圳,2年及以上,本科,埃特环球贸易（深圳）
前程无忧,计算机,销售代表（计算机硬件）,12500,深圳,3年及以上,大专,珠海世宁达科技
前程无忧,计算机,计算机网络教师,7000,深圳,1年,本科,深圳市携创高级技工学校
前程无忧,计算机,计算机软件销售人员,17500,深圳,2年及以上,大专,荣尧泰（北京）信息科技
前程无忧,计算机,计算机网络应用专业教师,7000,深圳,1年及以上,本科,深圳市携创高级技工学校
前程无忧,计算机,计算机科学与技术教师,7000,深圳,1年,本科,深圳市中嘉职业技术学校
前程无忧,计算机,计算机应用专业教师,12500,深圳,无需经验,硕士,深圳市第三职业技术学校
前程无忧,计算机,中小学计算机老师,20000,深圳,2年及以上,本科,深圳前海坎特伯雷国王外籍人员子女学校
前程无忧,计算机,计算机老师（软件方向）,7000,深圳,2年及以上,本科,深圳市中嘉职业技术学校
前程无忧,计算机,计算机硬件销售经理（深圳）,8000,深圳,3-5年,高中,上海亚业科技
前程无忧,计算机,计算机平面设计教师,7000,深圳,1年及以上,本科,深圳市中嘉职业技术学校
前程无忧,计算机,计算机硬件开发工程师,30000,深圳,2年,大专,深圳市智傲科技
前程无忧,计算机,人工智能专任教师（计算机网络安全方向）,135000,深圳,无需经验,硕士,广东新安职业技术学院
前程无忧,计算机,工业计算机销售工程师,8000,深圳,1年及以上,高中,深圳市飞鸣特科技
前程无忧,计算机,计算机硬件开发工程师,27500,深圳,2年,大专,深圳市智傲科技
前程无忧,计算机,DCS工程师,15000,深圳,3年及以上,本科,深圳合续科技开发
前程无忧,计算机,行政文员/运维/计算机技术,7000,深圳,1年及以上,大专,深圳市华胜实验学校
前程无忧,计算机,高级计算机视觉算法工程师,60000,深圳,3-10年,本科,深圳科创学院
前程无忧,计算机,计算机视觉算法高级工程师,30000,深圳,3年及以上,本科,深圳市企顺创新科技发展
前程无忧,计算机,路径规划算法工程师（割草机）,32500,深圳,3年及以上,硕士,深圳市路畅科技
前程无忧,计算机,FDE AI现场部署工程师,8000,深圳,1年及以上,本科,深圳市众志天成科技
前程无忧,计算机,服务器及数据中心信息技术工程师,12500,深圳,2年及以上,本科,埃特环球贸易（深圳）
前程无忧,计算机,计算机软件销售人员,17500,深圳,2年及以上,大专,荣尧泰（北京）信息科技
前程无忧,计算机,销售代表（计算机硬件）,12500,深圳,3年及以上,大专,珠海世宁达科技
前程无忧,计算机,人工智能专任教师（计算机网络安全方向）,135000,深圳,无需经验,硕士,广东新安职业技术学院
前程无忧,计算机,计算机科学与技术教师,7000,深圳,1年,本科,深圳市中嘉职业技术学校
前程无忧,计算机,计算机网络教师,7000,深圳,1年,本科,深圳市携创高级技工学校
前程无忧,计算机,计算机网络应用专业教师,7000,深圳,1年及以上,本科,深圳市携创高级技工学校
前程无忧,计算机,计算机应用专业教师,12500,深圳,无需经验,硕士,深圳市第三职业技术学校
前程无忧,计算机,中小学计算机老师,20000,深圳,2年及以上,本科,深圳前海坎特伯雷国王外籍人员子女学校
前程无忧,计算机,计算机平面设计教师,7000,深圳,1年及以上,本科,深圳市中嘉职业技术学校
前程无忧,计算机,计算机老师（软件方向）,7000,深圳,2年及以上,本科,深圳市中嘉职业技术学校
前程无忧,计算机,工业计算机销售工程师,8000,深圳,1年及以上,高中,深圳市飞鸣特科技
前程无忧,计算机,计算机硬件销售经理（深圳）,8000,深圳,3-5年,高中,上海亚业科技
前程无忧,计算机,DCS工程师,15000,深圳,3年及以上,本科,深圳合续科技开发
前程无忧,计算机,计算机视觉工程师(多模态方向),22500,深圳,无需经验,硕士,杭州弓叶科技
前程无忧,计算机,高级计算机视觉算法工程师,60000,深圳,3-10年,本科,深圳科创学院
前程无忧,计算机,路径规划算法工程师（割草机）,32500,深圳,3年及以上,硕士,深圳市路畅科技
前程无忧,计算机,计算机视觉算法高级工程师,30000,深圳,3年及以上,本科,深圳市企顺创新科技发展
前程无忧,计算机,计算机硬件开发工程师,27500,深圳,2年,大专,深圳市智傲科技
前程无忧,计算机,FDE AI现场部署工程师,8000,深圳,1年及以上,本科,深圳市众志天成科技
前程无忧,计算机,服务器及数据中心信息技术工程师,12500,深圳,2年及以上,本科,埃特环球贸易（深圳）
前程无忧,计算机,计算机软件销售人员,17500,深圳,2年及以上,大专,荣尧泰（北京）信息科技
前程无忧,计算机,销售代表（计算机硬件）,12500,深圳,3年及以上,大专,珠海世宁达科技
前程无忧,计算机,人工智能专任教师（计算机网络安全方向）,135000,深圳,无需经验,硕士,广东新安职业技术学院
前程无忧,计算机,计算机科学与技术教师,7000,深圳,1年,本科,深圳市中嘉职业技术学校
前程无忧,计算机,计算机网络教师,7000,深圳,1年,本科,深圳市携创高级技工学校
前程无忧,计算机,计算机网络应用专业教师,7000,深圳,1年及以上,本科,深圳市携创高级技工学校
前程无忧,计算机,计算机应用专业教师,12500,深圳,无需经验,硕士,深圳市第三职业技术学校
前程无忧,计算机,中小学计算机老师,20000,深圳,2年及以上,本科,深圳前海坎特伯雷国王外籍人员子女学校
前程无忧,计算机,计算机平面设计教师,7000,深圳,1年及以上,本科,深圳市中嘉职业技术学校
前程无忧,计算机,计算机老师（软件方向）,7000,深圳,2年及以上,本科,深圳市中嘉职业技术学校
前程无忧,计算机,工业计算机销售工程师,8000,深圳,1年及以上,高中,深圳市飞鸣特科技
前程无忧,计算机,计算机硬件销售经理（深圳）,8000,深圳,3-5年,高中,上海亚业科技
前程无忧,计算机,DCS工程师,15000,深圳,3年及以上,本科,深圳合续科技开发
前程无忧,计算机,计算机视觉工程师(多模态方向),22500,深圳,无需经验,硕士,杭州弓叶科技
前程无忧,计算机,高级计算机视觉算法工程师,60000,深圳,3-10年,本科,深圳科创学院
前程无忧,计算机,路径规划算法工程师（割草机）,32500,深圳,3年及以上,硕士,深圳市路畅科技
前程无忧,计算机,计算机视觉算法高级工程师,30000,深圳,3年及以上,本科,深圳市企顺创新科技发展
前程无忧,计算机,计算机硬件开发工程师,27500,深圳,2年,大专,深圳市智傲科技
前程无忧,计算机,FDE AI现场部署工程师,8000,深圳,1年及以上,本科,深圳市众志天成科技
前程无忧,计算机,服务器及数据中心信息技术工程师,12500,深圳,2年及以上,本科,埃特环球贸易（深圳）
前程无忧,计算机,计算机软件销售人员,17500,深圳,2年及以上,大专,荣尧泰（北京）信息科技
前程无忧,计算机,销售代表（计算机硬件）,12500,深圳,3年及以上,大专,珠海世宁达科技
前程无忧,计算机,人工智能专任教师（计算机网络安全方向）,135000,深圳,无需经验,硕士,广东新安职业技术学院
前程无忧,计算机,计算机科学与技术教师,7000,深圳,1年,本科,深圳市中嘉职业技术学校
前程无忧,计算机,计算机网络教师,7000,深圳,1年,本科,深圳市携创高级技工学校
前程无忧,计算机,计算机网络应用专业教师,7000,深圳,1年及以上,本科,深圳市携创高级技工学校
前程无忧,计算机,计算机应用专业教师,12500,深圳,无需经验,硕士,深圳市第三职业技术学校
前程无忧,计算机,中小学计算机老师,20000,深圳,2年及以上,本科,深圳前海坎特伯雷国王外籍人员子女学校
前程无忧,计算机,计算机平面设计教师,7000,深圳,1年及以上,本科,深圳市中嘉职业技术学校
前程无忧,计算机,计算机老师（软件方向）,7000,深圳,2年及以上,本科,深圳市中嘉职业技术学校
前程无忧,计算机,工业计算机销售工程师,8000,深圳,1年及以上,高中,深圳市飞鸣特科技
前程无忧,计算机,计算机硬件销售经理（深圳）,8000,深圳,3-5年,高中,上海亚业科技
前程无忧,计算机,DCS工程师,15000,深圳,3年及以上,本科,深圳合续科技开发
前程无忧,计算机,计算机视觉工程师(多模态方向),22500,深圳,无需经验,硕士,杭州弓叶科技
前程无忧,计算机,高级计算机视觉算法工程师,60000,深圳,3-10年,本科,深圳科创学院
前程无忧,计算机,路径规划算法工程师（割草机）,32500,深圳,3年及以上,硕士,深圳市路畅科技
前程无忧,计算机,计算机视觉算法高级工程师,30000,深圳,3年及以上,本科,深圳市企顺创新科技发展
前程无忧,计算机,计算机硬件开发工程师,27500,深圳,2年,大专,深圳市智傲科技
前程无忧,计算机,服务器及数据中心信息技术工程师,12500,深圳,2年及以上,本科,埃特环球贸易（深圳）
前程无忧,计算机,销售代表（计算机硬件）,12500,深圳,3年及以上,大专,珠海世宁达科技
前程无忧,计算机,计算机网络教师,7000,深圳,1年,本科,深圳市携创高级技工学校
前程无忧,计算机,计算机软件销售人员,17500,深圳,2年及以上,大专,荣尧泰（北京）信息科技
前程无忧,计算机,计算机网络应用专业教师,7000,深圳,1年及以上,本科,深圳市携创高级技工学校
前程无忧,计算机,计算机科学与技术教师,7000,深圳,1年,本科,深圳市中嘉职业技术学校
前程无忧,计算机,计算机应用专业教师,12500,深圳,无需经验,硕士,深圳市第三职业技术学校
前程无忧,计算机,中小学计算机老师,20000,深圳,2年及以上,本科,深圳前海坎特伯雷国王外籍人员子女学校
前程无忧,计算机,计算机老师（软件方向）,7000,深圳,2年及以上,本科,深圳市中嘉职业技术学校
前程无忧,计算机,计算机硬件销售经理（深圳）,8000,深圳,3-5年,高中,上海亚业科技
前程无忧,计算机,计算机平面设计教师,7000,深圳,1年及以上,本科,深圳市中嘉职业技术学校
前程无忧,计算机,计算机硬件开发工程师,30000,深圳,2年,大专,深圳市智傲科技
前程无忧,计算机,人工智能专任教师（计算机网络安全方向）,135000,深圳,无需经验,硕士,广东新安职业技术学院
前程无忧,计算机,工业计算机销售工程师,8000,深圳,1年及以上,高中,深圳市飞鸣特科技
前程无忧,计算机,计算机硬件开发工程师,27500,深圳,2年,大专,深圳市智傲科技
前程无忧,计算机,DCS工程师,15000,深圳,3年及以上,本科,深圳合续科技开发
前程无忧,计算机,行政文员/运维/计算机技术,7000,深圳,1年及以上,大专,深圳市华胜实验学校
前程无忧,计算机,高级计算机视觉算法工程师,60000,深圳,3-10年,本科,深圳科创学院
前程无忧,计算机,计算机视觉算法高级工程师,30000,深圳,3年及以上,本科,深圳市企顺创新科技发展
前程无忧,计算机,路径规划算法工程师（割草机）,32500,深圳,3年及以上,硕士,深圳市路畅科技
前程无忧,计算机,高性能计算工程师（算子开发）(J13944),40000,深圳,3年及以上,硕士,深圳市广和通无线
前程无忧,计算机,工业计算机销售工程师,8000,深圳,1年及以上,高中,深圳市飞鸣特科技
前程无忧,计算机,嵌入式软件工程师（无人机）,22500,深圳,3-5年,本科,深圳市哈鸣科技
前程无忧,计算机,机器人灵巧手二次开发工程师,37500,深圳,1年及以上,本科,深圳市林全科技
前程无忧,计算机,机器人与具身智能方向工程师/助理工程师/技术员,15000,深圳,无需经验,硕士,中国科学院深圳先进技术研究院
前程无忧,计算机,项目经理（机器人）,15000,深圳,3年及以上,本科,深圳市智绘科技
前程无忧,计算机,工业电脑组装工程师,7500,深圳,2年及以上,大专,深圳市金卡科技
前程无忧,计算机,机械臂算法工程师,37500,深圳,无需经验,硕士,深圳天元兴科技
前程无忧,计算机,手机项目经理,19000,深圳,5年及以上,本科,深圳酷赛智能
前程无忧,计算机,高级电机控制算法工程师(A125835),55000,深圳,3年及以上,硕士,深圳市智能派科技
前程无忧,计算机,嵌入式linux软件开发工程师,18000,深圳,3年及以上,本科,深圳市永达电子信息
前程无忧,计算机,机器人硬件测试工程师,18000,深圳,3年及以上,本科,深圳市明日实业
前程无忧,计算机,软件工程师C#上位机,18000,深圳,3-4年,大专,深圳市精实机电科技
前程无忧,计算机,视觉应用工程师,18000,深圳,3年及以上,本科,海目星激光科技集团
前程无忧,计算机,视觉软件工程师,30000,深圳,3-4年,不限,深圳市星禾宏泰自动化设备
前程无忧,计算机,单片机软件工程师,6000,深圳,1年及以上,本科,深圳市恒星智科技
前程无忧,计算机,中高级机械工程师,20000,深圳,3年及以上,大专,深圳市深科达智能装备
前程无忧,计算机,软件工程师（单片机）,16000,深圳,2年及以上,本科,深圳市科普瑞传感仪器
前程无忧,计算机,AI设计工程师（数据中心EPC方向）,37500,深圳,5年及以上,本科,深圳本贸科技
前程无忧,计算机,国际航空货站机械工程师,15000,深圳,3年及以上,本科,深圳中集天达物流系统工程
前程无忧,计算机,路径规划算法工程师（割草机）,32500,深圳,3年及以上,硕士,深圳市路畅科技
前程无忧,计算机,服务器及数据中心信息技术工程师,12500,深圳,2年及以上,本科,埃特环球贸易（深圳）
前程无忧,计算机,嵌入式linux软件开发工程师,18000,深圳,3年及以上,本科,深圳市永达电子信息
前程无忧,计算机,ISP嵌入应用开发工程师,24000,深圳,3年及以上,本科,深圳爱图仕创新科技
前程无忧,计算机,DCS工程师,15000,深圳,3年及以上,本科,深圳合续科技开发
前程无忧,计算机,计算机视觉算法高级工程师,30000,深圳,3年及以上,本科,深圳市企顺创新科技发展
前程无忧,计算机,计算机硬件开发工程师,27500,深圳,2年,大专,深圳市智傲科技
前程无忧,计算机,高级计算机视觉算法工程师,60000,深圳,3-10年,本科,深圳科创学院
前程无忧,计算机,计算机老师（软件方向）,7000,深圳,2年及以上,本科,深圳市中嘉职业技术学校
前程无忧,计算机,计算机硬件开发工程师,30000,深圳,2年,大专,深圳市智傲科技
前程无忧,计算机,计算机应用专业教师,12500,深圳,无需经验,硕士,深圳市第三职业技术学校
前程无忧,计算机,计算机视觉工程师(多模态方向),22500,深圳,无需经验,硕士,杭州弓叶科技
前程无忧,计算机,计算机硬件销售经理（深圳）,8000,深圳,3-5年,高中,上海亚业科技
前程无忧,计算机,销售代表（计算机硬件）,12500,深圳,3年及以上,大专,珠海世宁达科技
前程无忧,计算机,人工智能专任教师（计算机网络安全方向）,135000,深圳,无需经验,硕士,广东新安职业技术学院
前程无忧,计算机,中小学计算机老师,20000,深圳,2年及以上,本科,深圳前海坎特伯雷国王外籍人员子女学校
前程无忧,计算机,计算机科学与技术教师,7000,深圳,1年,本科,深圳市中嘉职业技术学校
前程无忧,计算机,计算机工程师(开发、架构、产品),37500,深圳,8-10年,大专,深圳市人力资本（集团）
前程无忧,计算机,计算机软件销售人员,17500,深圳,2年及以上,大专,荣尧泰（北京）信息科技
前程无忧,计算机,计算机辅助设计中高级研究员,16000,深圳,3年及以上,硕士,深圳市维琪科技
前程无忧,计算机,服务器及数据中心信息技术工程师,12500,深圳,2年及以上,本科,埃特环球贸易（深圳）
前程无忧,计算机,销售代表（计算机硬件）,12500,深圳,3年及以上,大专,珠海世宁达科技
前程无忧,计算机,计算机网络教师,7000,深圳,1年,本科,深圳市携创高级技工学校
前程无忧,计算机,计算机软件销售人员,17500,深圳,2年及以上,大专,荣尧泰（北京）信息科技
前程无忧,计算机,计算机网络应用专业教师,7000,深圳,1年及以上,本科,深圳市携创高级技工学校
前程无忧,计算机,计算机科学与技术教师,7000,深圳,1年,本科,深圳市中嘉职业技术学校
前程无忧,计算机,计算机应用专业教师,12500,深圳,无需经验,硕士,深圳市第三职业技术学校
前程无忧,计算机,中小学计算机老师,20000,深圳,2年及以上,本科,深圳前海坎特伯雷国王外籍人员子女学校
前程无忧,计算机,计算机老师（软件方向）,7000,深圳,2年及以上,本科,深圳市中嘉职业技术学校
前程无忧,计算机,计算机硬件销售经理（深圳）,8000,深圳,3-5年,高中,上海亚业科技
前程无忧,计算机,计算机平面设计教师,7000,深圳,1年及以上,本科,深圳市中嘉职业技术学校
前程无忧,计算机,计算机硬件开发工程师,30000,深圳,2年,大专,深圳市智傲科技
前程无忧,计算机,人工智能专任教师（计算机网络安全方向）,135000,深圳,无需经验,硕士,广东新安职业技术学院
前程无忧,计算机,工业计算机销售工程师,8000,深圳,1年及以上,高中,深圳市飞鸣特科技
前程无忧,计算机,计算机硬件开发工程师,27500,深圳,2年,大专,深圳市智傲科技
前程无忧,计算机,DCS工程师,15000,深圳,3年及以上,本科,深圳合续科技开发
前程无忧,计算机,行政文员/运维/计算机技术,7000,深圳,1年及以上,大专,深圳市华胜实验学校
前程无忧,计算机,高级计算机视觉算法工程师,60000,深圳,3-10年,本科,深圳科创学院
前程无忧,计算机,计算机视觉算法高级工程师,30000,深圳,3年及以上,本科,深圳市企顺创新科技发展
前程无忧,计算机,路径规划算法工程师（割草机）,32500,深圳,3年及以上,硕士,深圳市路畅科技
前程无忧,计算机,FDE AI现场部署工程师,8000,深圳,1年及以上,本科,深圳市众志天成科技
前程无忧,计算机,服务器及数据中心信息技术工程师,12500,深圳,2年及以上,本科,埃特环球贸易（深圳）
前程无忧,计算机,计算机软件销售人员,17500,深圳,2年及以上,大专,荣尧泰（北京）信息科技
前程无忧,计算机,销售代表（计算机硬件）,12500,深圳,3年及以上,大专,珠海世宁达科技
前程无忧,计算机,人工智能专任教师（计算机网络安全方向）,135000,深圳,无需经验,硕士,广东新安职业技术学院
前程无忧,计算机,计算机科学与技术教师,7000,深圳,1年,本科,深圳市中嘉职业技术学校
前程无忧,计算机,计算机网络教师,7000,深圳,1年,本科,深圳市携创高级技工学校
前程无忧,计算机,计算机网络应用专业教师,7000,深圳,1年及以上,本科,深圳市携创高级技工学校
前程无忧,计算机,计算机应用专业教师,12500,深圳,无需经验,硕士,深圳市第三职业技术学校
前程无忧,计算机,中小学计算机老师,20000,深圳,2年及以上,本科,深圳前海坎特伯雷国王外籍人员子女学校
前程无忧,计算机,计算机平面设计教师,7000,深圳,1年及以上,本科,深圳市中嘉职业技术学校
前程无忧,计算机,计算机老师（软件方向）,7000,深圳,2年及以上,本科,深圳市中嘉职业技术学校
前程无忧,计算机,工业计算机销售工程师,8000,深圳,1年及以上,高中,深圳市飞鸣特科技
前程无忧,计算机,计算机硬件销售经理（深圳）,8000,深圳,3-5年,高中,上海亚业科技
前程无忧,计算机,DCS工程师,15000,深圳,3年及以上,本科,深圳合续科技开发
前程无忧,计算机,计算机视觉工程师(多模态方向),22500,深圳,无需经验,硕士,杭州弓叶科技
前程无忧,计算机,高级计算机视觉算法工程师,60000,深圳,3-10年,本科,深圳科创学院
前程无忧,计算机,路径规划算法工程师（割草机）,32500,深圳,3年及以上,硕士,深圳市路畅科技
前程无忧,计算机,计算机视觉算法高级工程师,30000,深圳,3年及以上,本科,深圳市企顺创新科技发展
前程无忧,计算机,计算机硬件开发工程师,27500,深圳,2年,大专,深圳市智傲科技
前程无忧,计算机,FDE AI现场部署工程师,8000,深圳,1年及以上,本科,深圳市众志天成科技
前程无忧,计算机,服务器及数据中心信息技术工程师,12500,深圳,2年及以上,本科,埃特环球贸易（深圳）
前程无忧,计算机,计算机软件销售人员,17500,深圳,2年及以上,大专,荣尧泰（北京）信息科技
前程无忧,计算机,销售代表（计算机硬件）,12500,深圳,3年及以上,大专,珠海世宁达科技
前程无忧,计算机,人工智能专任教师（计算机网络安全方向）,135000,深圳,无需经验,硕士,广东新安职业技术学院
前程无忧,计算机,计算机科学与技术教师,7000,深圳,1年,本科,深圳市中嘉职业技术学校
前程无忧,计算机,计算机网络教师,7000,深圳,1年,本科,深圳市携创高级技工学校
前程无忧,计算机,计算机网络应用专业教师,7000,深圳,1年及以上,本科,深圳市携创高级技工学校
前程无忧,计算机,计算机应用专业教师,12500,深圳,无需经验,硕士,深圳市第三职业技术学校
前程无忧,计算机,中小学计算机老师,20000,深圳,2年及以上,本科,深圳前海坎特伯雷国王外籍人员子女学校
前程无忧,计算机,计算机平面设计教师,7000,深圳,1年及以上,本科,深圳市中嘉职业技术学校
前程无忧,计算机,计算机老师（软件方向）,7000,深圳,2年及以上,本科,深圳市中嘉职业技术学校
前程无忧,计算机,工业计算机销售工程师,8000,深圳,1年及以上,高中,深圳市飞鸣特科技
前程无忧,计算机,计算机硬件销售经理（深圳）,8000,深圳,3-5年,高中,上海亚业科技
前程无忧,计算机,DCS工程师,15000,深圳,3年及以上,本科,深圳合续科技开发
前程无忧,计算机,计算机视觉工程师(多模态方向),22500,深圳,无需经验,硕士,杭州弓叶科技
前程无忧,计算机,高级计算机视觉算法工程师,60000,深圳,3-10年,本科,深圳科创学院
前程无忧,计算机,路径规划算法工程师（割草机）,32500,深圳,3年及以上,硕士,深圳市路畅科技
前程无忧,计算机,计算机视觉算法高级工程师,30000,深圳,3年及以上,本科,深圳市企顺创新科技发展
前程无忧,计算机,计算机硬件开发工程师,27500,深圳,2年,大专,深圳市智傲科技
前程无忧,计算机,服务器及数据中心信息技术工程师,12500,深圳,2年及以上,本科,埃特环球贸易（深圳）
前程无忧,计算机,销售代表（计算机硬件）,12500,深圳,3年及以上,大专,珠海世宁达科技
前程无忧,计算机,计算机网络教师,7000,深圳,1年,本科,深圳市携创高级技工学校
前程无忧,计算机,计算机软件销售人员,17500,深圳,2年及以上,大专,荣尧泰（北京）信息科技
前程无忧,计算机,计算机网络应用专业教师,7000,深圳,1年及以上,本科,深圳市携创高级技工学校
前程无忧,计算机,计算机科学与技术教师,7000,深圳,1年,本科,深圳市中嘉职业技术学校
前程无忧,计算机,计算机应用专业教师,12500,深圳,无需经验,硕士,深圳市第三职业技术学校
前程无忧,计算机,中小学计算机老师,20000,深圳,2年及以上,本科,深圳前海坎特伯雷国王外籍人员子女学校
前程无忧,计算机,计算机老师（软件方向）,7000,深圳,2年及以上,本科,深圳市中嘉职业技术学校
前程无忧,计算机,计算机硬件销售经理（深圳）,8000,深圳,3-5年,高中,上海亚业科技
前程无忧,计算机,计算机平面设计教师,7000,深圳,1年及以上,本科,深圳市中嘉职业技术学校
前程无忧,计算机,计算机硬件开发工程师,30000,深圳,2年,大专,深圳市智傲科技
前程无忧,计算机,人工智能专任教师（计算机网络安全方向）,135000,深圳,无需经验,硕士,广东新安职业技术学院
前程无忧,计算机,工业计算机销售工程师,8000,深圳,1年及以上,高中,深圳市飞鸣特科技
前程无忧,计算机,计算机硬件开发工程师,27500,深圳,2年,大专,深圳市智傲科技
前程无忧,计算机,DCS工程师,15000,深圳,3年及以上,本科,深圳合续科技开发
前程无忧,计算机,行政文员/运维/计算机技术,7000,深圳,1年及以上,大专,深圳市华胜实验学校
前程无忧,计算机,高级计算机视觉算法工程师,60000,深圳,3-10年,本科,深圳科创学院
前程无忧,计算机,计算机视觉算法高级工程师,30000,深圳,3年及以上,本科,深圳市企顺创新科技发展
前程无忧,计算机,路径规划算法工程师（割草机）,32500,深圳,3年及以上,硕士,深圳市路畅科技
前程无忧,计算机,FDE AI现场部署工程师,8000,深圳,1年及以上,本科,深圳市众志天成科技
前程无忧,计算机,服务器及数据中心信息技术工程师,12500,深圳,2年及以上,本科,埃特环球贸易（深圳）
前程无忧,计算机,计算机软件销售人员,17500,深圳,2年及以上,大专,荣尧泰（北京）信息科技
前程无忧,计算机,销售代表（计算机硬件）,12500,深圳,3年及以上,大专,珠海世宁达科技
前程无忧,计算机,人工智能专任教师（计算机网络安全方向）,135000,深圳,无需经验,硕士,广东新安职业技术学院
前程无忧,计算机,计算机科学与技术教师,7000,深圳,1年,本科,深圳市中嘉职业技术学校
前程无忧,计算机,计算机网络教师,7000,深圳,1年,本科,深圳市携创高级技工学校
前程无忧,计算机,计算机网络应用专业教师,7000,深圳,1年及以上,本科,深圳市携创高级技工学校
前程无忧,计算机,计算机应用专业教师,12500,深圳,无需经验,硕士,深圳市第三职业技术学校
前程无忧,计算机,中小学计算机老师,20000,深圳,2年及以上,本科,深圳前海坎特伯雷国王外籍人员子女学校
前程无忧,计算机,计算机平面设计教师,7000,深圳,1年及以上,本科,深圳市中嘉职业技术学校
前程无忧,计算机,计算机老师（软件方向）,7000,深圳,2年及以上,本科,深圳市中嘉职业技术学校
前程无忧,计算机,工业计算机销售工程师,8000,深圳,1年及以上,高中,深圳市飞鸣特科技
前程无忧,计算机,计算机硬件销售经理（深圳）,8000,深圳,3-5年,高中,上海亚业科技
前程无忧,计算机,DCS工程师,15000,深圳,3年及以上,本科,深圳合续科技开发
前程无忧,计算机,计算机视觉工程师(多模态方向),22500,深圳,无需经验,硕士,杭州弓叶科技
前程无忧,计算机,高级计算机视觉算法工程师,60000,深圳,3-10年,本科,深圳科创学院
前程无忧,计算机,路径规划算法工程师（割草机）,32500,深圳,3年及以上,硕士,深圳市路畅科技
前程无忧,计算机,计算机视觉算法高级工程师,30000,深圳,3年及以上,本科,深圳市企顺创新科技发展
前程无忧,计算机,计算机硬件开发工程师,27500,深圳,2年,大专,深圳市智傲科技
前程无忧,计算机,FDE AI现场部署工程师,8000,深圳,1年及以上,本科,深圳市众志天成科技
前程无忧,计算机,服务器及数据中心信息技术工程师,12500,深圳,2年及以上,本科,埃特环球贸易（深圳）
前程无忧,计算机,计算机软件销售人员,17500,深圳,2年及以上,大专,荣尧泰（北京）信息科技
前程无忧,计算机,销售代表（计算机硬件）,12500,深圳,3年及以上,大专,珠海世宁达科技
前程无忧,计算机,人工智能专任教师（计算机网络安全方向）,135000,深圳,无需经验,硕士,广东新安职业技术学院
前程无忧,计算机,计算机科学与技术教师,7000,深圳,1年,本科,深圳市中嘉职业技术学校
前程无忧,计算机,计算机网络教师,7000,深圳,1年,本科,深圳市携创高级技工学校
前程无忧,计算机,计算机网络应用专业教师,7000,深圳,1年及以上,本科,深圳市携创高级技工学校
前程无忧,计算机,计算机应用专业教师,12500,深圳,无需经验,硕士,深圳市第三职业技术学校
前程无忧,计算机,中小学计算机老师,20000,深圳,2年及以上,本科,深圳前海坎特伯雷国王外籍人员子女学校
前程无忧,计算机,计算机平面设计教师,7000,深圳,1年及以上,本科,深圳市中嘉职业技术学校
前程无忧,计算机,计算机老师（软件方向）,7000,深圳,2年及以上,本科,深圳市中嘉职业技术学校
前程无忧,计算机,工业计算机销售工程师,8000,深圳,1年及以上,高中,深圳市飞鸣特科技
前程无忧,计算机,计算机硬件销售经理（深圳）,8000,深圳,3-5年,高中,上海亚业科技
前程无忧,计算机,DCS工程师,15000,深圳,3年及以上,本科,深圳合续科技开发
前程无忧,计算机,计算机视觉工程师(多模态方向),22500,深圳,无需经验,硕士,杭州弓叶科技
前程无忧,计算机,高级计算机视觉算法工程师,60000,深圳,3-10年,本科,深圳科创学院
前程无忧,计算机,路径规划算法工程师（割草机）,32500,深圳,3年及以上,硕士,深圳市路畅科技
前程无忧,计算机,计算机视觉算法高级工程师,30000,深圳,3年及以上,本科,深圳市企顺创新科技发展
前程无忧,计算机,计算机硬件开发工程师,27500,深圳,2年,大专,深圳市智傲科技
前程无忧,计算机,服务器及数据中心信息技术工程师,12500,深圳,2年及以上,本科,埃特环球贸易（深圳）
前程无忧,计算机,销售代表（计算机硬件）,12500,深圳,3年及以上,大专,珠海世宁达科技
前程无忧,计算机,计算机网络教师,7000,深圳,1年,本科,深圳市携创高级技工学校
前程无忧,计算机,计算机软件销售人员,17500,深圳,2年及以上,大专,荣尧泰（北京）信息科技
前程无忧,计算机,计算机网络应用专业教师,7000,深圳,1年及以上,本科,深圳市携创高级技工学校
前程无忧,计算机,计算机科学与技术教师,7000,深圳,1年,本科,深圳市中嘉职业技术学校
前程无忧,计算机,计算机应用专业教师,12500,深圳,无需经验,硕士,深圳市第三职业技术学校
前程无忧,计算机,中小学计算机老师,20000,深圳,2年及以上,本科,深圳前海坎特伯雷国王外籍人员子女学校
前程无忧,计算机,计算机老师（软件方向）,7000,深圳,2年及以上,本科,深圳市中嘉职业技术学校
前程无忧,计算机,计算机硬件销售经理（深圳）,8000,深圳,3-5年,高中,上海亚业科技
前程无忧,计算机,计算机平面设计教师,7000,深圳,1年及以上,本科,深圳市中嘉职业技术学校
前程无忧,计算机,计算机硬件开发工程师,30000,深圳,2年,大专,深圳市智傲科技
前程无忧,计算机,人工智能专任教师（计算机网络安全方向）,135000,深圳,无需经验,硕士,广东新安职业技术学院
前程无忧,计算机,工业计算机销售工程师,8000,深圳,1年及以上,高中,深圳市飞鸣特科技
前程无忧,计算机,计算机硬件开发工程师,27500,深圳,2年,大专,深圳市智傲科技
前程无忧,计算机,DCS工程师,15000,深圳,3年及以上,本科,深圳合续科技开发
前程无忧,计算机,行政文员/运维/计算机技术,7000,深圳,1年及以上,大专,深圳市华胜实验学校
前程无忧,计算机,高级计算机视觉算法工程师,60000,深圳,3-10年,本科,深圳科创学院
前程无忧,计算机,计算机视觉算法高级工程师,30000,深圳,3年及以上,本科,深圳市企顺创新科技发展
前程无忧,计算机,路径规划算法工程师（割草机）,32500,深圳,3年及以上,硕士,深圳市路畅科技
前程无忧,计算机,FDE AI现场部署工程师,8000,深圳,1年及以上,本科,深圳市众志天成科技
前程无忧,计算机,服务器及数据中心信息技术工程师,12500,深圳,2年及以上,本科,埃特环球贸易（深圳）
前程无忧,计算机,计算机软件销售人员,17500,深圳,2年及以上,大专,荣尧泰（北京）信息科技
前程无忧,计算机,销售代表（计算机硬件）,12500,深圳,3年及以上,大专,珠海世宁达科技
前程无忧,计算机,人工智能专任教师（计算机网络安全方向）,135000,深圳,无需经验,硕士,广东新安职业技术学院
前程无忧,计算机,计算机科学与技术教师,7000,深圳,1年,本科,深圳市中嘉职业技术学校
前程无忧,计算机,计算机网络教师,7000,深圳,1年,本科,深圳市携创高级技工学校
前程无忧,计算机,计算机网络应用专业教师,7000,深圳,1年及以上,本科,深圳市携创高级技工学校
前程无忧,计算机,计算机应用专业教师,12500,深圳,无需经验,硕士,深圳市第三职业技术学校
前程无忧,计算机,中小学计算机老师,20000,深圳,2年及以上,本科,深圳前海坎特伯雷国王外籍人员子女学校
前程无忧,计算机,计算机平面设计教师,7000,深圳,1年及以上,本科,深圳市中嘉职业技术学校
前程无忧,计算机,计算机老师（软件方向）,7000,深圳,2年及以上,本科,深圳市中嘉职业技术学校
前程无忧,计算机,工业计算机销售工程师,8000,深圳,1年及以上,高中,深圳市飞鸣特科技
前程无忧,计算机,计算机硬件销售经理（深圳）,8000,深圳,3-5年,高中,上海亚业科技
前程无忧,计算机,DCS工程师,15000,深圳,3年及以上,本科,深圳合续科技开发
前程无忧,计算机,计算机视觉工程师(多模态方向),22500,深圳,无需经验,硕士,杭州弓叶科技
前程无忧,计算机,高级计算机视觉算法工程师,60000,深圳,3-10年,本科,深圳科创学院
前程无忧,计算机,路径规划算法工程师（割草机）,32500,深圳,3年及以上,硕士,深圳市路畅科技
前程无忧,计算机,计算机视觉算法高级工程师,30000,深圳,3年及以上,本科,深圳市企顺创新科技发展
前程无忧,计算机,计算机硬件开发工程师,27500,深圳,2年,大专,深圳市智傲科技
前程无忧,计算机,服务器及数据中心信息技术工程师,12500,深圳,2年及以上,本科,埃特环球贸易（深圳）
前程无忧,计算机,销售代表（计算机硬件）,12500,深圳,3年及以上,大专,珠海世宁达科技
前程无忧,计算机,计算机网络教师,7000,深圳,1年,本科,深圳市携创高级技工学校
前程无忧,计算机,计算机软件销售人员,17500,深圳,2年及以上,大专,荣尧泰（北京）信息科技
前程无忧,计算机,计算机网络应用专业教师,7000,深圳,1年及以上,本科,深圳市携创高级技工学校
前程无忧,计算机,计算机科学与技术教师,7000,深圳,1年,本科,深圳市中嘉职业技术学校
前程无忧,计算机,计算机应用专业教师,12500,深圳,无需经验,硕士,深圳市第三职业技术学校
前程无忧,计算机,中小学计算机老师,20000,深圳,2年及以上,本科,深圳前海坎特伯雷国王外籍人员子女学校
前程无忧,计算机,计算机老师（软件方向）,7000,深圳,2年及以上,本科,深圳市中嘉职业技术学校
前程无忧,计算机,计算机硬件销售经理（深圳）,8000,深圳,3-5年,高中,上海亚业科技
前程无忧,计算机,计算机平面设计教师,7000,深圳,1年及以上,本科,深圳市中嘉职业技术学校
前程无忧,计算机,计算机硬件开发工程师,30000,深圳,2年,大专,深圳市智傲科技
前程无忧,计算机,人工智能专任教师（计算机网络安全方向）,135000,深圳,无需经验,硕士,广东新安职业技术学院
前程无忧,计算机,工业计算机销售工程师,8000,深圳,1年及以上,高中,深圳市飞鸣特科技
前程无忧,计算机,计算机硬件开发工程师,27500,深圳,2年,大专,深圳市智傲科技
前程无忧,计算机,DCS工程师,15000,深圳,3年及以上,本科,深圳合续科技开发
前程无忧,计算机,行政文员/运维/计算机技术,7000,深圳,1年及以上,大专,深圳市华胜实验学校
前程无忧,计算机,高级计算机视觉算法工程师,60000,深圳,3-10年,本科,深圳科创学院
前程无忧,计算机,计算机视觉算法高级工程师,30000,深圳,3年及以上,本科,深圳市企顺创新科技发展
前程无忧,计算机,路径规划算法工程师（割草机）,32500,深圳,3年及以上,硕士,深圳市路畅科技
前程无忧,计算机,路径规划算法工程师（割草机）,32500,深圳,3年及以上,硕士,深圳市路畅科技
前程无忧,计算机,服务器及数据中心信息技术工程师,12500,深圳,2年及以上,本科,埃特环球贸易（深圳）
前程无忧,计算机,嵌入式linux软件开发工程师,18000,深圳,3年及以上,本科,深圳市永达电子信息
前程无忧,计算机,ISP嵌入应用开发工程师,24000,深圳,3年及以上,本科,深圳爱图仕创新科技
前程无忧,计算机,DCS工程师,15000,深圳,3年及以上,本科,深圳合续科技开发
前程无忧,计算机,计算机视觉算法高级工程师,30000,深圳,3年及以上,本科,深圳市企顺创新科技发展
前程无忧,计算机,计算机硬件开发工程师,27500,深圳,2年,大专,深圳市智傲科技
前程无忧,计算机,高级计算机视觉算法工程师,60000,深圳,3-10年,本科,深圳科创学院
前程无忧,计算机,计算机老师（软件方向）,7000,深圳,2年及以上,本科,深圳市中嘉职业技术学校
前程无忧,计算机,计算机硬件开发工程师,30000,深圳,2年,大专,深圳市智傲科技
前程无忧,计算机,计算机应用专业教师,12500,深圳,无需经验,硕士,深圳市第三职业技术学校
前程无忧,计算机,计算机视觉工程师(多模态方向),22500,深圳,无需经验,硕士,杭州弓叶科技
前程无忧,计算机,计算机硬件销售经理（深圳）,8000,深圳,3-5年,高中,上海亚业科技
前程无忧,计算机,销售代表（计算机硬件）,12500,深圳,3年及以上,大专,珠海世宁达科技
前程无忧,计算机,人工智能专任教师（计算机网络安全方向）,135000,深圳,无需经验,硕士,广东新安职业技术学院
前程无忧,计算机,中小学计算机老师,20000,深圳,2年及以上,本科,深圳前海坎特伯雷国王外籍人员子女学校
前程无忧,计算机,计算机科学与技术教师,7000,深圳,1年,本科,深圳市中嘉职业技术学校
前程无忧,计算机,计算机工程师(开发、架构、产品),37500,深圳,8-10年,大专,深圳市人力资本（集团）
前程无忧,计算机,计算机软件销售人员,17500,深圳,2年及以上,大专,荣尧泰（北京）信息科技
前程无忧,计算机,计算机辅助设计中高级研究员,16000,深圳,3年及以上,硕士,深圳市维琪科技
前程无忧,计算机,服务器及数据中心信息技术工程师,12500,深圳,2年及以上,本科,埃特环球贸易（深圳）
前程无忧,计算机,销售代表（计算机硬件）,12500,深圳,3年及以上,大专,珠海世宁达科技
前程无忧,计算机,计算机网络教师,7000,深圳,1年,本科,深圳市携创高级技工学校
前程无忧,计算机,计算机软件销售人员,17500,深圳,2年及以上,大专,荣尧泰（北京）信息科技
前程无忧,计算机,计算机网络应用专业教师,7000,深圳,1年及以上,本科,深圳市携创高级技工学校
前程无忧,计算机,计算机科学与技术教师,7000,深圳,1年,本科,深圳市中嘉职业技术学校
前程无忧,计算机,计算机应用专业教师,12500,深圳,无需经验,硕士,深圳市第三职业技术学校
前程无忧,计算机,中小学计算机老师,20000,深圳,2年及以上,本科,深圳前海坎特伯雷国王外籍人员子女学校
前程无忧,计算机,计算机老师（软件方向）,7000,深圳,2年及以上,本科,深圳市中嘉职业技术学校
前程无忧,计算机,计算机硬件销售经理（深圳）,8000,深圳,3-5年,高中,上海亚业科技
前程无忧,计算机,计算机平面设计教师,7000,深圳,1年及以上,本科,深圳市中嘉职业技术学校
前程无忧,计算机,计算机硬件开发工程师,30000,深圳,2年,大专,深圳市智傲科技
前程无忧,计算机,人工智能专任教师（计算机网络安全方向）,135000,深圳,无需经验,硕士,广东新安职业技术学院
前程无忧,计算机,工业计算机销售工程师,8000,深圳,1年及以上,高中,深圳市飞鸣特科技
前程无忧,计算机,计算机硬件开发工程师,27500,深圳,2年,大专,深圳市智傲科技
前程无忧,计算机,DCS工程师,15000,深圳,3年及以上,本科,深圳合续科技开发
前程无忧,计算机,行政文员/运维/计算机技术,7000,深圳,1年及以上,大专,深圳市华胜实验学校
前程无忧,计算机,高级计算机视觉算法工程师,60000,深圳,3-10年,本科,深圳科创学院
前程无忧,计算机,计算机视觉算法高级工程师,30000,深圳,3年及以上,本科,深圳市企顺创新科技发展
前程无忧,计算机,路径规划算法工程师（割草机）,32500,深圳,3年及以上,硕士,深圳市路畅科技
前程无忧,计算机,服务器及数据中心信息技术工程师,12500,深圳,2年及以上,本科,埃特环球贸易（深圳）
前程无忧,计算机,销售代表（计算机硬件）,12500,深圳,3年及以上,大专,珠海世宁达科技
前程无忧,计算机,计算机网络教师,7000,深圳,1年,本科,深圳市携创高级技工学校
前程无忧,计算机,计算机软件销售人员,17500,深圳,2年及以上,大专,荣尧泰（北京）信息科技
前程无忧,计算机,计算机网络应用专业教师,7000,深圳,1年及以上,本科,深圳市携创高级技工学校
前程无忧,计算机,计算机科学与技术教师,7000,深圳,1年,本科,深圳市中嘉职业技术学校
前程无忧,计算机,计算机应用专业教师,12500,深圳,无需经验,硕士,深圳市第三职业技术学校
前程无忧,计算机,中小学计算机老师,20000,深圳,2年及以上,本科,深圳前海坎特伯雷国王外籍人员子女学校
前程无忧,计算机,计算机老师（软件方向）,7000,深圳,2年及以上,本科,深圳市中嘉职业技术学校
前程无忧,计算机,计算机硬件销售经理（深圳）,8000,深圳,3-5年,高中,上海亚业科技
前程无忧,计算机,计算机平面设计教师,7000,深圳,1年及以上,本科,深圳市中嘉职业技术学校
前程无忧,计算机,计算机硬件开发工程师,30000,深圳,2年,大专,深圳市智傲科技
前程无忧,计算机,人工智能专任教师（计算机网络安全方向）,135000,深圳,无需经验,硕士,广东新安职业技术学院
前程无忧,计算机,工业计算机销售工程师,8000,深圳,1年及以上,高中,深圳市飞鸣特科技
前程无忧,计算机,计算机硬件开发工程师,27500,深圳,2年,大专,深圳市智傲科技
前程无忧,计算机,DCS工程师,15000,深圳,3年及以上,本科,深圳合续科技开发
前程无忧,计算机,行政文员/运维/计算机技术,7000,深圳,1年及以上,大专,深圳市华胜实验学校
前程无忧,计算机,高级计算机视觉算法工程师,60000,深圳,3-10年,本科,深圳科创学院
前程无忧,计算机,计算机视觉算法高级工程师,30000,深圳,3年及以上,本科,深圳市企顺创新科技发展
前程无忧,计算机,路径规划算法工程师（割草机）,32500,深圳,3年及以上,硕士,深圳市路畅科技
前程无忧,计算机,路径规划算法工程师（割草机）,32500,深圳,3年及以上,硕士,深圳市路畅科技
前程无忧,计算机,服务器及数据中心信息技术工程师,12500,深圳,2年及以上,本科,埃特环球贸易（深圳）
前程无忧,计算机,嵌入式linux软件开发工程师,18000,深圳,3年及以上,本科,深圳市永达电子信息
前程无忧,计算机,ISP嵌入应用开发工程师,24000,深圳,3年及以上,本科,深圳爱图仕创新科技
前程无忧,计算机,DCS工程师,15000,深圳,3年及以上,本科,深圳合续科技开发
前程无忧,计算机,计算机视觉算法高级工程师,30000,深圳,3年及以上,本科,深圳市企顺创新科技发展
前程无忧,计算机,计算机硬件开发工程师,27500,深圳,2年,大专,深圳市智傲科技
前程无忧,计算机,高级计算机视觉算法工程师,60000,深圳,3-10年,本科,深圳科创学院
前程无忧,计算机,计算机老师（软件方向）,7000,深圳,2年及以上,本科,深圳市中嘉职业技术学校
前程无忧,计算机,计算机硬件开发工程师,30000,深圳,2年,大专,深圳市智傲科技
前程无忧,计算机,计算机应用专业教师,12500,深圳,无需经验,硕士,深圳市第三职业技术学校
前程无忧,计算机,计算机视觉工程师(多模态方向),22500,深圳,无需经验,硕士,杭州弓叶科技
前程无忧,计算机,计算机硬件销售经理（深圳）,8000,深圳,3-5年,高中,上海亚业科技
前程无忧,计算机,销售代表（计算机硬件）,12500,深圳,3年及以上,大专,珠海世宁达科技
前程无忧,计算机,人工智能专任教师（计算机网络安全方向）,135000,深圳,无需经验,硕士,广东新安职业技术学院
前程无忧,计算机,中小学计算机老师,20000,深圳,2年及以上,本科,深圳前海坎特伯雷国王外籍人员子女学校
前程无忧,计算机,计算机科学与技术教师,7000,深圳,1年,本科,深圳市中嘉职业技术学校
前程无忧,计算机,计算机工程师(开发、架构、产品),37500,深圳,8-10年,大专,深圳市人力资本（集团）
前程无忧,计算机,计算机软件销售人员,17500,深圳,2年及以上,大专,荣尧泰（北京）信息科技
前程无忧,计算机,计算机辅助设计中高级研究员,16000,深圳,3年及以上,硕士,深圳市维琪科技
前程无忧,计算机,路径规划算法工程师（割草机）,32500,深圳,3年及以上,硕士,深圳市路畅科技
前程无忧,计算机,服务器及数据中心信息技术工程师,12500,深圳,2年及以上,本科,埃特环球贸易（深圳）
前程无忧,计算机,嵌入式linux软件开发工程师,18000,深圳,3年及以上,本科,深圳市永达电子信息
前程无忧,计算机,ISP嵌入应用开发工程师,24000,深圳,3年及以上,本科,深圳爱图仕创新科技
前程无忧,计算机,DCS工程师,15000,深圳,3年及以上,本科,深圳合续科技开发
前程无忧,计算机,计算机视觉算法高级工程师,30000,深圳,3年及以上,本科,深圳市企顺创新科技发展
前程无忧,计算机,计算机硬件开发工程师,27500,深圳,2年,大专,深圳市智傲科技
前程无忧,计算机,高级计算机视觉算法工程师,60000,深圳,3-10年,本科,深圳科创学院
前程无忧,计算机,计算机老师（软件方向）,7000,深圳,2年及以上,本科,深圳市中嘉职业技术学校
前程无忧,计算机,计算机硬件开发工程师,30000,深圳,2年,大专,深圳市智傲科技
前程无忧,计算机,计算机应用专业教师,12500,深圳,无需经验,硕士,深圳市第三职业技术学校
前程无忧,计算机,计算机视觉工程师(多模态方向),22500,深圳,无需经验,硕士,杭州弓叶科技
前程无忧,计算机,计算机硬件销售经理（深圳）,8000,深圳,3-5年,高中,上海亚业科技
前程无忧,计算机,销售代表（计算机硬件）,12500,深圳,3年及以上,大专,珠海世宁达科技
前程无忧,计算机,人工智能专任教师（计算机网络安全方向）,135000,深圳,无需经验,硕士,广东新安职业技术学院
前程无忧,计算机,中小学计算机老师,20000,深圳,2年及以上,本科,深圳前海坎特伯雷国王外籍人员子女学校
前程无忧,计算机,计算机科学与技术教师,7000,深圳,1年,本科,深圳市中嘉职业技术学校
前程无忧,计算机,计算机工程师(开发、架构、产品),37500,深圳,8-10年,大专,深圳市人力资本（集团）
前程无忧,计算机,计算机软件销售人员,17500,深圳,2年及以上,大专,荣尧泰（北京）信息科技
前程无忧,计算机,计算机辅助设计中高级研究员,16000,深圳,3年及以上,硕士,深圳市维琪科技
前程无忧,计算机,FDE AI现场部署工程师,8000,深圳,1年及以上,本科,深圳市众志天成科技
前程无忧,计算机,服务器及数据中心信息技术工程师,12500,深圳,2年及以上,本科,埃特环球贸易（深圳）
前程无忧,计算机,计算机软件销售人员,17500,深圳,2年及以上,大专,荣尧泰（北京）信息科技
前程无忧,计算机,销售代表（计算机硬件）,12500,深圳,3年及以上,大专,珠海世宁达科技
前程无忧,计算机,人工智能专任教师（计算机网络安全方向）,135000,深圳,无需经验,硕士,广东新安职业技术学院
前程无忧,计算机,计算机科学与技术教师,7000,深圳,1年,本科,深圳市中嘉职业技术学校
前程无忧,计算机,计算机网络教师,7000,深圳,1年,本科,深圳市携创高级技工学校
前程无忧,计算机,计算机网络应用专业教师,7000,深圳,1年及以上,本科,深圳市携创高级技工学校
前程无忧,计算机,计算机应用专业教师,12500,深圳,无需经验,硕士,深圳市第三职业技术学校
前程无忧,计算机,中小学计算机老师,20000,深圳,2年及以上,本科,深圳前海坎特伯雷国王外籍人员子女学校
前程无忧,计算机,计算机平面设计教师,7000,深圳,1年及以上,本科,深圳市中嘉职业技术学校
前程无忧,计算机,计算机老师（软件方向）,7000,深圳,2年及以上,本科,深圳市中嘉职业技术学校
前程无忧,计算机,工业计算机销售工程师,8000,深圳,1年及以上,高中,深圳市飞鸣特科技
前程无忧,计算机,计算机硬件销售经理（深圳）,8000,深圳,3-5年,高中,上海亚业科技
前程无忧,计算机,DCS工程师,15000,深圳,3年及以上,本科,深圳合续科技开发
前程无忧,计算机,计算机视觉工程师(多模态方向),22500,深圳,无需经验,硕士,杭州弓叶科技
前程无忧,计算机,高级计算机视觉算法工程师,60000,深圳,3-10年,本科,深圳科创学院
前程无忧,计算机,路径规划算法工程师（割草机）,32500,深圳,3年及以上,硕士,深圳市路畅科技
前程无忧,计算机,计算机视觉算法高级工程师,30000,深圳,3年及以上,本科,深圳市企顺创新科技发展
前程无忧,计算机,计算机硬件开发工程师,27500,深圳,2年,大专,深圳市智傲科技
前程无忧,计算机,服务器及数据中心信息技术工程师,12500,深圳,2年及以上,本科,埃特环球贸易（深圳）
前程无忧,计算机,销售代表（计算机硬件）,12500,深圳,3年及以上,大专,珠海世宁达科技
前程无忧,计算机,计算机网络教师,7000,深圳,1年,本科,深圳市携创高级技工学校
前程无忧,计算机,计算机软件销售人员,17500,深圳,2年及以上,大专,荣尧泰（北京）信息科技
前程无忧,计算机,计算机网络应用专业教师,7000,深圳,1年及以上,本科,深圳市携创高级技工学校
前程无忧,计算机,计算机科学与技术教师,7000,深圳,1年,本科,深圳市中嘉职业技术学校
前程无忧,计算机,计算机应用专业教师,12500,深圳,无需经验,硕士,深圳市第三职业技术学校
前程无忧,计算机,中小学计算机老师,20000,深圳,2年及以上,本科,深圳前海坎特伯雷国王外籍人员子女学校
前程无忧,计算机,计算机老师（软件方向）,7000,深圳,2年及以上,本科,深圳市中嘉职业技术学校
前程无忧,计算机,计算机硬件销售经理（深圳）,8000,深圳,3-5年,高中,上海亚业科技
前程无忧,计算机,计算机平面设计教师,7000,深圳,1年及以上,本科,深圳市中嘉职业技术学校
前程无忧,计算机,计算机硬件开发工程师,30000,深圳,2年,大专,深圳市智傲科技
前程无忧,计算机,人工智能专任教师（计算机网络安全方向）,135000,深圳,无需经验,硕士,广东新安职业技术学院
前程无忧,计算机,工业计算机销售工程师,8000,深圳,1年及以上,高中,深圳市飞鸣特科技
前程无忧,计算机,计算机硬件开发工程师,27500,深圳,2年,大专,深圳市智傲科技
前程无忧,计算机,DCS工程师,15000,深圳,3年及以上,本科,深圳合续科技开发
前程无忧,计算机,行政文员/运维/计算机技术,7000,深圳,1年及以上,大专,深圳市华胜实验学校
前程无忧,计算机,高级计算机视觉算法工程师,60000,深圳,3-10年,本科,深圳科创学院
前程无忧,计算机,计算机视觉算法高级工程师,30000,深圳,3年及以上,本科,深圳市企顺创新科技发展
前程无忧,计算机,路径规划算法工程师（割草机）,32500,深圳,3年及以上,硕士,深圳市路畅科技
前程无忧,计算机,销售主管（病理信息化软件销售）,6500,武汉,3年及以上,本科,湖北嘉信隆科技
前程无忧,计算机,计算机方向教师,100000,武汉,无需经验,硕士,湖北商贸学院
前程无忧,计算机,信息与计算机学院公共课专任教师,6500,武汉,无需经验,硕士,武汉文理学院
前程无忧,计算机,中职计算机（人工智能方向）教师 （仙桃）,6500,武汉,2年及以上,本科,仙桃市沔阳技工学校
前程无忧,计算机,计算机教师,5250,武汉,2年及以上,本科,湖北汽车工业实验技工学校
前程无忧,计算机,计算机AI研发,3000,武汉,无需经验,本科,武汉萌未来人工智能科技
前程无忧,计算机,计算机专业教师,18000,武汉,无需经验,博士,武昌工学院
前程无忧,计算机,计算机类专业数字媒体技术方向专任教师,90000,武汉,无需经验,硕士,湖北商贸学院
前程无忧,计算机,计算机专业班主任,6500,武汉,无需经验,硕士,苏州研途教育科技
前程无忧,计算机,国际学校计算机科学老师,20000,武汉,1-3年,本科,武汉光谷康桥高级中学
前程无忧,计算机,双语计算机教师,12500,武汉,3-4年,本科,武汉康礼高级中学
前程无忧,计算机,博士高级人才—计算机科学与技术学院专任教师,250000,武汉,3年及以上,博士,湖北商贸学院
前程无忧,计算机,个性化服务部高中数学/物理/经济/化学/计算机培训老师,15000,武汉,1年及以上,本科,武汉英中高级中学
前程无忧,计算机,工业计算机组装调试操作工,4250,武汉,3年及以上,中技/中专,米力达（武汉）科技
前程无忧,计算机,计算机系统验证工程师,9000,武汉,2年,本科,武汉点风信息科技
前程无忧,计算机,实验员（计算机科学与技术学院）,80000,武汉,无需经验,硕士,湖北商贸学院
前程无忧,计算机,计算机视觉算法工程师,18000,武汉,1年及以上,硕士,武汉港迪智能技术
前程无忧,计算机,计算机软件工程师,7000,武汉,1-3年,本科,武汉武高电测电气
前程无忧,计算机,专利代理人（电学/通信/计算机/机械）,7000,武汉,3-4年,本科,北京国昊天诚知识产权代理
前程无忧,计算机,手机软件开发工程师 武汉,4500,武汉,1年及以上,本科,深圳市传佳音科技
前程无忧,计算机,手机软件开发工程师 武汉,4500,武汉,1年及以上,本科,深圳市传佳音科技
前程无忧,计算机,金融AI助理,6000,武汉,3年及以上,本科,中国平安人寿保险
前程无忧,计算机,it运维工程师,7000,武汉,1年及以上,大专,上海普炳软件科技
前程无忧,计算机,计算机软件工程师,7000,武汉,1-3年,本科,武汉武高电测电气
前程无忧,计算机,计算机AI研发,3000,武汉,无需经验,本科,武汉萌未来人工智能科技
前程无忧,计算机,中职计算机（人工智能方向）教师 （仙桃）,6500,武汉,2年及以上,本科,仙桃市沔阳技工学校
前程无忧,计算机,计算机方向教师,100000,武汉,无需经验,硕士,湖北商贸学院
前程无忧,计算机,计算机类专业数字媒体技术方向专任教师,90000,武汉,无需经验,硕士,湖北商贸学院
前程无忧,计算机,计算机教师,5250,武汉,2年及以上,本科,湖北汽车工业实验技工学校
前程无忧,计算机,计算机辅助设计工程师,6000,武汉,1年及以上,大专,贵州恒创顺互联网科技
前程无忧,计算机,计算机系统验证工程师,9000,武汉,2年,本科,武汉点风信息科技
前程无忧,计算机,信息与计算机学院公共课专任教师,6500,武汉,无需经验,硕士,武汉文理学院
前程无忧,计算机,高级计算机视觉算法工程师,27500,武汉,5年及以上,硕士,武汉港迪智能技术
前程无忧,计算机,计算机视觉算法工程师,18000,武汉,1年及以上,硕士,武汉港迪智能技术
前程无忧,计算机,计算机专业教师,18000,武汉,无需经验,博士,武昌工学院
前程无忧,计算机,机械工程师,6000,武汉,1年及以上,大专,湖北卡玛云智能
前程无忧,计算机,国际学校计算机科学老师,20000,武汉,1-3年,本科,武汉光谷康桥高级中学
前程无忧,计算机,计算机专业班主任,6500,武汉,无需经验,硕士,苏州研途教育科技
前程无忧,计算机,实习计算机维修包住,5000,武汉,无需经验,不限,武汉市武昌区创千电脑维修服务店
前程无忧,计算机,双语计算机教师,12500,武汉,3-4年,本科,武汉康礼高级中学
前程无忧,计算机,信息与计算机学院公共课专任教师,6500,武汉,无需经验,硕士,武汉文理学院
前程无忧,计算机,计算机专业班主任,6500,武汉,无需经验,硕士,苏州研途教育科技
前程无忧,计算机,计算机类专业数字媒体技术方向专任教师,90000,武汉,无需经验,硕士,湖北商贸学院
前程无忧,计算机,计算机方向教师,100000,武汉,无需经验,硕士,湖北商贸学院
前程无忧,计算机,实验员（计算机科学与技术学院）,80000,武汉,无需经验,硕士,湖北商贸学院
前程无忧,计算机,计算机教师,5250,武汉,2年及以上,本科,湖北汽车工业实验技工学校
前程无忧,计算机,计算机专业教师,18000,武汉,无需经验,博士,武昌工学院
前程无忧,计算机,中职计算机（人工智能方向）教师 （仙桃）,6500,武汉,2年及以上,本科,仙桃市沔阳技工学校
前程无忧,计算机,计算机视觉算法工程师,18000,武汉,1年及以上,硕士,武汉港迪智能技术
前程无忧,计算机,英文学术期刊编辑（出版社）计算机/生物/食品/环境,5000,武汉,无需经验,本科,武汉中科研途信息科技
前程无忧,计算机,国际学校计算机科学老师,20000,武汉,1-3年,本科,武汉光谷康桥高级中学
前程无忧,计算机,计算机AI研发,3000,武汉,无需经验,本科,武汉萌未来人工智能科技
前程无忧,计算机,博士高级人才—计算机科学与技术学院专任教师,250000,武汉,3年及以上,博士,湖北商贸学院
前程无忧,计算机,个性化服务部高中数学/物理/经济/化学/计算机培训老师,15000,武汉,1年及以上,本科,武汉英中高级中学
前程无忧,计算机,手机软件开发工程师 武汉,4500,武汉,1年及以上,本科,深圳市传佳音科技
前程无忧,计算机,计算机软件工程师,7000,武汉,1-3年,本科,武汉武高电测电气
前程无忧,计算机,双语计算机教师,12500,武汉,3-4年,本科,武汉康礼高级中学
前程无忧,计算机,英文学术编辑（生物/化学/食品/土木/计算机/管理）,5000,武汉,1年,本科,武汉中科研途信息科技
前程无忧,计算机,实习计算机维修包住,5000,武汉,无需经验,不限,武汉市武昌区创千电脑维修服务店
前程无忧,计算机,专利代理人（电学/通信/计算机/机械）,7000,武汉,3-4年,本科,北京国昊天诚知识产权代理
前程无忧,计算机,信息与计算机学院公共课专任教师,6500,武汉,无需经验,硕士,武汉文理学院
前程无忧,计算机,计算机专业班主任,6500,武汉,无需经验,硕士,苏州研途教育科技
前程无忧,计算机,计算机类专业数字媒体技术方向专任教师,90000,武汉,无需经验,硕士,湖北商贸学院
前程无忧,计算机,计算机方向教师,100000,武汉,无需经验,硕士,湖北商贸学院
前程无忧,计算机,实验员（计算机科学与技术学院）,80000,武汉,无需经验,硕士,湖北商贸学院
前程无忧,计算机,计算机教师,5250,武汉,2年及以上,本科,湖北汽车工业实验技工学校
前程无忧,计算机,计算机专业教师,18000,武汉,无需经验,博士,武昌工学院
前程无忧,计算机,中职计算机（人工智能方向）教师 （仙桃）,6500,武汉,2年及以上,本科,仙桃市沔阳技工学校
前程无忧,计算机,计算机视觉算法工程师,18000,武汉,1年及以上,硕士,武汉港迪智能技术
前程无忧,计算机,英文学术期刊编辑（出版社）计算机/生物/食品/环境,5000,武汉,无需经验,本科,武汉中科研途信息科技
前程无忧,计算机,国际学校计算机科学老师,20000,武汉,1-3年,本科,武汉光谷康桥高级中学
前程无忧,计算机,计算机AI研发,3000,武汉,无需经验,本科,武汉萌未来人工智能科技
前程无忧,计算机,博士高级人才—计算机科学与技术学院专任教师,250000,武汉,3年及以上,博士,湖北商贸学院
前程无忧,计算机,个性化服务部高中数学/物理/经济/化学/计算机培训老师,15000,武汉,1年及以上,本科,武汉英中高级中学
前程无忧,计算机,手机软件开发工程师 武汉,4500,武汉,1年及以上,本科,深圳市传佳音科技
前程无忧,计算机,计算机软件工程师,7000,武汉,1-3年,本科,武汉武高电测电气
前程无忧,计算机,双语计算机教师,12500,武汉,3-4年,本科,武汉康礼高级中学
前程无忧,计算机,英文学术编辑（生物/化学/食品/土木/计算机/管理）,5000,武汉,1年,本科,武汉中科研途信息科技
前程无忧,计算机,实习计算机维修包住,5000,武汉,无需经验,不限,武汉市武昌区创千电脑维修服务店
前程无忧,计算机,专利代理人（电学/通信/计算机/机械）,7000,武汉,3-4年,本科,北京国昊天诚知识产权代理
前程无忧,计算机,信息与计算机学院公共课专任教师,6500,武汉,无需经验,硕士,武汉文理学院
前程无忧,计算机,计算机专业班主任,6500,武汉,无需经验,硕士,苏州研途教育科技
前程无忧,计算机,计算机类专业数字媒体技术方向专任教师,90000,武汉,无需经验,硕士,湖北商贸学院
前程无忧,计算机,计算机方向教师,100000,武汉,无需经验,硕士,湖北商贸学院
前程无忧,计算机,实验员（计算机科学与技术学院）,80000,武汉,无需经验,硕士,湖北商贸学院
前程无忧,计算机,计算机教师,5250,武汉,2年及以上,本科,湖北汽车工业实验技工学校
前程无忧,计算机,计算机专业教师,18000,武汉,无需经验,博士,武昌工学院
前程无忧,计算机,中职计算机（人工智能方向）教师 （仙桃）,6500,武汉,2年及以上,本科,仙桃市沔阳技工学校
前程无忧,计算机,计算机视觉算法工程师,18000,武汉,1年及以上,硕士,武汉港迪智能技术
前程无忧,计算机,英文学术期刊编辑（出版社）计算机/生物/食品/环境,5000,武汉,无需经验,本科,武汉中科研途信息科技
前程无忧,计算机,国际学校计算机科学老师,20000,武汉,1-3年,本科,武汉光谷康桥高级中学
前程无忧,计算机,计算机AI研发,3000,武汉,无需经验,本科,武汉萌未来人工智能科技
前程无忧,计算机,博士高级人才—计算机科学与技术学院专任教师,250000,武汉,3年及以上,博士,湖北商贸学院
前程无忧,计算机,个性化服务部高中数学/物理/经济/化学/计算机培训老师,15000,武汉,1年及以上,本科,武汉英中高级中学
前程无忧,计算机,手机软件开发工程师 武汉,4500,武汉,1年及以上,本科,深圳市传佳音科技
前程无忧,计算机,计算机软件工程师,7000,武汉,1-3年,本科,武汉武高电测电气
前程无忧,计算机,双语计算机教师,12500,武汉,3-4年,本科,武汉康礼高级中学
前程无忧,计算机,英文学术编辑（生物/化学/食品/土木/计算机/管理）,5000,武汉,1年,本科,武汉中科研途信息科技
前程无忧,计算机,实习计算机维修包住,5000,武汉,无需经验,不限,武汉市武昌区创千电脑维修服务店
前程无忧,计算机,专利代理人（电学/通信/计算机/机械）,7000,武汉,3-4年,本科,北京国昊天诚知识产权代理
前程无忧,计算机,手机软件开发工程师 武汉,4500,武汉,1年及以上,本科,深圳市传佳音科技
前程无忧,计算机,金融AI助理,6000,武汉,3年及以上,本科,中国平安人寿保险
前程无忧,计算机,it运维工程师,7000,武汉,1年及以上,大专,上海普炳软件科技
前程无忧,计算机,计算机软件工程师,7000,武汉,1-3年,本科,武汉武高电测电气
前程无忧,计算机,计算机AI研发,3000,武汉,无需经验,本科,武汉萌未来人工智能科技
前程无忧,计算机,中职计算机（人工智能方向）教师 （仙桃）,6500,武汉,2年及以上,本科,仙桃市沔阳技工学校
前程无忧,计算机,计算机方向教师,100000,武汉,无需经验,硕士,湖北商贸学院
前程无忧,计算机,计算机类专业数字媒体技术方向专任教师,90000,武汉,无需经验,硕士,湖北商贸学院
前程无忧,计算机,计算机教师,5250,武汉,2年及以上,本科,湖北汽车工业实验技工学校
前程无忧,计算机,计算机辅助设计工程师,6000,武汉,1年及以上,大专,贵州恒创顺互联网科技
前程无忧,计算机,计算机系统验证工程师,9000,武汉,2年,本科,武汉点风信息科技
前程无忧,计算机,信息与计算机学院公共课专任教师,6500,武汉,无需经验,硕士,武汉文理学院
前程无忧,计算机,高级计算机视觉算法工程师,27500,武汉,5年及以上,硕士,武汉港迪智能技术
前程无忧,计算机,计算机视觉算法工程师,18000,武汉,1年及以上,硕士,武汉港迪智能技术
前程无忧,计算机,计算机专业教师,18000,武汉,无需经验,博士,武昌工学院
前程无忧,计算机,机械工程师,6000,武汉,1年及以上,大专,湖北卡玛云智能
前程无忧,计算机,国际学校计算机科学老师,20000,武汉,1-3年,本科,武汉光谷康桥高级中学
前程无忧,计算机,计算机专业班主任,6500,武汉,无需经验,硕士,苏州研途教育科技
前程无忧,计算机,实习计算机维修包住,5000,武汉,无需经验,不限,武汉市武昌区创千电脑维修服务店
前程无忧,计算机,双语计算机教师,12500,武汉,3-4年,本科,武汉康礼高级中学
前程无忧,计算机,手机软件开发工程师 武汉,4500,武汉,1年及以上,本科,深圳市传佳音科技
前程无忧,计算机,金融AI助理,6000,武汉,3年及以上,本科,中国平安人寿保险
前程无忧,计算机,it运维工程师,7000,武汉,1年及以上,大专,上海普炳软件科技
前程无忧,计算机,计算机软件工程师,7000,武汉,1-3年,本科,武汉武高电测电气
前程无忧,计算机,计算机AI研发,3000,武汉,无需经验,本科,武汉萌未来人工智能科技
前程无忧,计算机,中职计算机（人工智能方向）教师 （仙桃）,6500,武汉,2年及以上,本科,仙桃市沔阳技工学校
前程无忧,计算机,计算机方向教师,100000,武汉,无需经验,硕士,湖北商贸学院
前程无忧,计算机,计算机类专业数字媒体技术方向专任教师,90000,武汉,无需经验,硕士,湖北商贸学院
前程无忧,计算机,计算机教师,5250,武汉,2年及以上,本科,湖北汽车工业实验技工学校
前程无忧,计算机,计算机辅助设计工程师,6000,武汉,1年及以上,大专,贵州恒创顺互联网科技
前程无忧,计算机,计算机系统验证工程师,9000,武汉,2年,本科,武汉点风信息科技
前程无忧,计算机,信息与计算机学院公共课专任教师,6500,武汉,无需经验,硕士,武汉文理学院
前程无忧,计算机,高级计算机视觉算法工程师,27500,武汉,5年及以上,硕士,武汉港迪智能技术
前程无忧,计算机,计算机视觉算法工程师,18000,武汉,1年及以上,硕士,武汉港迪智能技术
前程无忧,计算机,计算机专业教师,18000,武汉,无需经验,博士,武昌工学院
前程无忧,计算机,机械工程师,6000,武汉,1年及以上,大专,湖北卡玛云智能
前程无忧,计算机,国际学校计算机科学老师,20000,武汉,1-3年,本科,武汉光谷康桥高级中学
前程无忧,计算机,计算机专业班主任,6500,武汉,无需经验,硕士,苏州研途教育科技
前程无忧,计算机,实习计算机维修包住,5000,武汉,无需经验,不限,武汉市武昌区创千电脑维修服务店
前程无忧,计算机,双语计算机教师,12500,武汉,3-4年,本科,武汉康礼高级中学
前程无忧,计算机,信息与计算机学院公共课专任教师,6500,武汉,无需经验,硕士,武汉文理学院
前程无忧,计算机,计算机专业班主任,6500,武汉,无需经验,硕士,苏州研途教育科技
前程无忧,计算机,计算机类专业数字媒体技术方向专任教师,90000,武汉,无需经验,硕士,湖北商贸学院
前程无忧,计算机,计算机方向教师,100000,武汉,无需经验,硕士,湖北商贸学院
前程无忧,计算机,实验员（计算机科学与技术学院）,80000,武汉,无需经验,硕士,湖北商贸学院
前程无忧,计算机,计算机教师,5250,武汉,2年及以上,本科,湖北汽车工业实验技工学校
前程无忧,计算机,计算机专业教师,18000,武汉,无需经验,博士,武昌工学院
前程无忧,计算机,中职计算机（人工智能方向）教师 （仙桃）,6500,武汉,2年及以上,本科,仙桃市沔阳技工学校
前程无忧,计算机,计算机视觉算法工程师,18000,武汉,1年及以上,硕士,武汉港迪智能技术
前程无忧,计算机,英文学术期刊编辑（出版社）计算机/生物/食品/环境,5000,武汉,无需经验,本科,武汉中科研途信息科技
前程无忧,计算机,国际学校计算机科学老师,20000,武汉,1-3年,本科,武汉光谷康桥高级中学
前程无忧,计算机,计算机AI研发,3000,武汉,无需经验,本科,武汉萌未来人工智能科技
前程无忧,计算机,博士高级人才—计算机科学与技术学院专任教师,250000,武汉,3年及以上,博士,湖北商贸学院
前程无忧,计算机,个性化服务部高中数学/物理/经济/化学/计算机培训老师,15000,武汉,1年及以上,本科,武汉英中高级中学
前程无忧,计算机,手机软件开发工程师 武汉,4500,武汉,1年及以上,本科,深圳市传佳音科技
前程无忧,计算机,计算机软件工程师,7000,武汉,1-3年,本科,武汉武高电测电气
前程无忧,计算机,双语计算机教师,12500,武汉,3-4年,本科,武汉康礼高级中学
前程无忧,计算机,英文学术编辑（生物/化学/食品/土木/计算机/管理）,5000,武汉,1年,本科,武汉中科研途信息科技
前程无忧,计算机,实习计算机维修包住,5000,武汉,无需经验,不限,武汉市武昌区创千电脑维修服务店
前程无忧,计算机,专利代理人（电学/通信/计算机/机械）,7000,武汉,3-4年,本科,北京国昊天诚知识产权代理
前程无忧,计算机,信息与计算机学院公共课专任教师,6500,武汉,无需经验,硕士,武汉文理学院
前程无忧,计算机,计算机专业班主任,6500,武汉,无需经验,硕士,苏州研途教育科技
前程无忧,计算机,计算机类专业数字媒体技术方向专任教师,90000,武汉,无需经验,硕士,湖北商贸学院
前程无忧,计算机,计算机方向教师,100000,武汉,无需经验,硕士,湖北商贸学院
前程无忧,计算机,实验员（计算机科学与技术学院）,80000,武汉,无需经验,硕士,湖北商贸学院
前程无忧,计算机,计算机教师,5250,武汉,2年及以上,本科,湖北汽车工业实验技工学校
前程无忧,计算机,计算机专业教师,18000,武汉,无需经验,博士,武昌工学院
前程无忧,计算机,中职计算机（人工智能方向）教师 （仙桃）,6500,武汉,2年及以上,本科,仙桃市沔阳技工学校
前程无忧,计算机,计算机视觉算法工程师,18000,武汉,1年及以上,硕士,武汉港迪智能技术
前程无忧,计算机,英文学术期刊编辑（出版社）计算机/生物/食品/环境,5000,武汉,无需经验,本科,武汉中科研途信息科技
前程无忧,计算机,国际学校计算机科学老师,20000,武汉,1-3年,本科,武汉光谷康桥高级中学
前程无忧,计算机,计算机AI研发,3000,武汉,无需经验,本科,武汉萌未来人工智能科技
前程无忧,计算机,博士高级人才—计算机科学与技术学院专任教师,250000,武汉,3年及以上,博士,湖北商贸学院
前程无忧,计算机,个性化服务部高中数学/物理/经济/化学/计算机培训老师,15000,武汉,1年及以上,本科,武汉英中高级中学
前程无忧,计算机,手机软件开发工程师 武汉,4500,武汉,1年及以上,本科,深圳市传佳音科技
前程无忧,计算机,计算机软件工程师,7000,武汉,1-3年,本科,武汉武高电测电气
前程无忧,计算机,双语计算机教师,12500,武汉,3-4年,本科,武汉康礼高级中学
前程无忧,计算机,英文学术编辑（生物/化学/食品/土木/计算机/管理）,5000,武汉,1年,本科,武汉中科研途信息科技
前程无忧,计算机,实习计算机维修包住,5000,武汉,无需经验,不限,武汉市武昌区创千电脑维修服务店
前程无忧,计算机,专利代理人（电学/通信/计算机/机械）,7000,武汉,3-4年,本科,北京国昊天诚知识产权代理
前程无忧,计算机,信息与计算机学院公共课专任教师,6500,武汉,无需经验,硕士,武汉文理学院
前程无忧,计算机,计算机专业班主任,6500,武汉,无需经验,硕士,苏州研途教育科技
前程无忧,计算机,计算机类专业数字媒体技术方向专任教师,90000,武汉,无需经验,硕士,湖北商贸学院
前程无忧,计算机,计算机方向教师,100000,武汉,无需经验,硕士,湖北商贸学院
前程无忧,计算机,实验员（计算机科学与技术学院）,80000,武汉,无需经验,硕士,湖北商贸学院
前程无忧,计算机,计算机教师,5250,武汉,2年及以上,本科,湖北汽车工业实验技工学校
前程无忧,计算机,计算机专业教师,18000,武汉,无需经验,博士,武昌工学院
前程无忧,计算机,中职计算机（人工智能方向）教师 （仙桃）,6500,武汉,2年及以上,本科,仙桃市沔阳技工学校
前程无忧,计算机,计算机视觉算法工程师,18000,武汉,1年及以上,硕士,武汉港迪智能技术
前程无忧,计算机,英文学术期刊编辑（出版社）计算机/生物/食品/环境,5000,武汉,无需经验,本科,武汉中科研途信息科技
前程无忧,计算机,国际学校计算机科学老师,20000,武汉,1-3年,本科,武汉光谷康桥高级中学
前程无忧,计算机,计算机AI研发,3000,武汉,无需经验,本科,武汉萌未来人工智能科技
前程无忧,计算机,博士高级人才—计算机科学与技术学院专任教师,250000,武汉,3年及以上,博士,湖北商贸学院
前程无忧,计算机,个性化服务部高中数学/物理/经济/化学/计算机培训老师,15000,武汉,1年及以上,本科,武汉英中高级中学
前程无忧,计算机,手机软件开发工程师 武汉,4500,武汉,1年及以上,本科,深圳市传佳音科技
前程无忧,计算机,计算机软件工程师,7000,武汉,1-3年,本科,武汉武高电测电气
前程无忧,计算机,双语计算机教师,12500,武汉,3-4年,本科,武汉康礼高级中学
前程无忧,计算机,英文学术编辑（生物/化学/食品/土木/计算机/管理）,5000,武汉,1年,本科,武汉中科研途信息科技
前程无忧,计算机,实习计算机维修包住,5000,武汉,无需经验,不限,武汉市武昌区创千电脑维修服务店
前程无忧,计算机,专利代理人（电学/通信/计算机/机械）,7000,武汉,3-4年,本科,北京国昊天诚知识产权代理
前程无忧,计算机,销售主管（病理信息化软件销售）,6500,武汉,3年及以上,本科,湖北嘉信隆科技
前程无忧,计算机,计算机方向教师,100000,武汉,无需经验,硕士,湖北商贸学院
前程无忧,计算机,信息与计算机学院公共课专任教师,6500,武汉,无需经验,硕士,武汉文理学院
前程无忧,计算机,中职计算机（人工智能方向）教师 （仙桃）,6500,武汉,2年及以上,本科,仙桃市沔阳技工学校
前程无忧,计算机,计算机教师,5250,武汉,2年及以上,本科,湖北汽车工业实验技工学校
前程无忧,计算机,计算机AI研发,3000,武汉,无需经验,本科,武汉萌未来人工智能科技
前程无忧,计算机,计算机专业教师,18000,武汉,无需经验,博士,武昌工学院
前程无忧,计算机,计算机类专业数字媒体技术方向专任教师,90000,武汉,无需经验,硕士,湖北商贸学院
前程无忧,计算机,计算机专业班主任,6500,武汉,无需经验,硕士,苏州研途教育科技
前程无忧,计算机,国际学校计算机科学老师,20000,武汉,1-3年,本科,武汉光谷康桥高级中学
前程无忧,计算机,双语计算机教师,12500,武汉,3-4年,本科,武汉康礼高级中学
前程无忧,计算机,博士高级人才—计算机科学与技术学院专任教师,250000,武汉,3年及以上,博士,湖北商贸学院
前程无忧,计算机,个性化服务部高中数学/物理/经济/化学/计算机培训老师,15000,武汉,1年及以上,本科,武汉英中高级中学
前程无忧,计算机,工业计算机组装调试操作工,4250,武汉,3年及以上,中技/中专,米力达（武汉）科技
前程无忧,计算机,计算机系统验证工程师,9000,武汉,2年,本科,武汉点风信息科技
前程无忧,计算机,实验员（计算机科学与技术学院）,80000,武汉,无需经验,硕士,湖北商贸学院
前程无忧,计算机,计算机视觉算法工程师,18000,武汉,1年及以上,硕士,武汉港迪智能技术
前程无忧,计算机,计算机软件工程师,7000,武汉,1-3年,本科,武汉武高电测电气
前程无忧,计算机,专利代理人（电学/通信/计算机/机械）,7000,武汉,3-4年,本科,北京国昊天诚知识产权代理
前程无忧,计算机,手机软件开发工程师 武汉,4500,武汉,1年及以上,本科,深圳市传佳音科技
前程无忧,计算机,手机软件开发工程师 武汉,4500,武汉,1年及以上,本科,深圳市传佳音科技
前程无忧,计算机,金融AI助理,6000,武汉,3年及以上,本科,中国平安人寿保险
前程无忧,计算机,it运维工程师,7000,武汉,1年及以上,大专,上海普炳软件科技
前程无忧,计算机,计算机软件工程师,7000,武汉,1-3年,本科,武汉武高电测电气
前程无忧,计算机,计算机AI研发,3000,武汉,无需经验,本科,武汉萌未来人工智能科技
前程无忧,计算机,中职计算机（人工智能方向）教师 （仙桃）,6500,武汉,2年及以上,本科,仙桃市沔阳技工学校
前程无忧,计算机,计算机方向教师,100000,武汉,无需经验,硕士,湖北商贸学院
前程无忧,计算机,计算机类专业数字媒体技术方向专任教师,90000,武汉,无需经验,硕士,湖北商贸学院
前程无忧,计算机,计算机教师,5250,武汉,2年及以上,本科,湖北汽车工业实验技工学校
前程无忧,计算机,计算机辅助设计工程师,6000,武汉,1年及以上,大专,贵州恒创顺互联网科技
前程无忧,计算机,计算机系统验证工程师,9000,武汉,2年,本科,武汉点风信息科技
前程无忧,计算机,信息与计算机学院公共课专任教师,6500,武汉,无需经验,硕士,武汉文理学院
前程无忧,计算机,高级计算机视觉算法工程师,27500,武汉,5年及以上,硕士,武汉港迪智能技术
前程无忧,计算机,计算机视觉算法工程师,18000,武汉,1年及以上,硕士,武汉港迪智能技术
前程无忧,计算机,计算机专业教师,18000,武汉,无需经验,博士,武昌工学院
前程无忧,计算机,机械工程师,6000,武汉,1年及以上,大专,湖北卡玛云智能
前程无忧,计算机,国际学校计算机科学老师,20000,武汉,1-3年,本科,武汉光谷康桥高级中学
前程无忧,计算机,计算机专业班主任,6500,武汉,无需经验,硕士,苏州研途教育科技
前程无忧,计算机,实习计算机维修包住,5000,武汉,无需经验,不限,武汉市武昌区创千电脑维修服务店
前程无忧,计算机,双语计算机教师,12500,武汉,3-4年,本科,武汉康礼高级中学
前程无忧,计算机,信息与计算机学院公共课专任教师,6500,武汉,无需经验,硕士,武汉文理学院
前程无忧,计算机,计算机专业班主任,6500,武汉,无需经验,硕士,苏州研途教育科技
前程无忧,计算机,计算机类专业数字媒体技术方向专任教师,90000,武汉,无需经验,硕士,湖北商贸学院
前程无忧,计算机,计算机方向教师,100000,武汉,无需经验,硕士,湖北商贸学院
前程无忧,计算机,实验员（计算机科学与技术学院）,80000,武汉,无需经验,硕士,湖北商贸学院
前程无忧,计算机,计算机教师,5250,武汉,2年及以上,本科,湖北汽车工业实验技工学校
前程无忧,计算机,计算机专业教师,18000,武汉,无需经验,博士,武昌工学院
前程无忧,计算机,中职计算机（人工智能方向）教师 （仙桃）,6500,武汉,2年及以上,本科,仙桃市沔阳技工学校
前程无忧,计算机,计算机视觉算法工程师,18000,武汉,1年及以上,硕士,武汉港迪智能技术
前程无忧,计算机,英文学术期刊编辑（出版社）计算机/生物/食品/环境,5000,武汉,无需经验,本科,武汉中科研途信息科技
前程无忧,计算机,国际学校计算机科学老师,20000,武汉,1-3年,本科,武汉光谷康桥高级中学
前程无忧,计算机,计算机AI研发,3000,武汉,无需经验,本科,武汉萌未来人工智能科技
前程无忧,计算机,博士高级人才—计算机科学与技术学院专任教师,250000,武汉,3年及以上,博士,湖北商贸学院
前程无忧,计算机,个性化服务部高中数学/物理/经济/化学/计算机培训老师,15000,武汉,1年及以上,本科,武汉英中高级中学
前程无忧,计算机,手机软件开发工程师 武汉,4500,武汉,1年及以上,本科,深圳市传佳音科技
前程无忧,计算机,计算机软件工程师,7000,武汉,1-3年,本科,武汉武高电测电气
前程无忧,计算机,双语计算机教师,12500,武汉,3-4年,本科,武汉康礼高级中学
前程无忧,计算机,英文学术编辑（生物/化学/食品/土木/计算机/管理）,5000,武汉,1年,本科,武汉中科研途信息科技
前程无忧,计算机,实习计算机维修包住,5000,武汉,无需经验,不限,武汉市武昌区创千电脑维修服务店
前程无忧,计算机,专利代理人（电学/通信/计算机/机械）,7000,武汉,3-4年,本科,北京国昊天诚知识产权代理
前程无忧,计算机,手机软件开发工程师 武汉,4500,武汉,1年及以上,本科,深圳市传佳音科技
前程无忧,计算机,金融AI助理,6000,武汉,3年及以上,本科,中国平安人寿保险
前程无忧,计算机,it运维工程师,7000,武汉,1年及以上,大专,上海普炳软件科技
前程无忧,计算机,计算机软件工程师,7000,武汉,1-3年,本科,武汉武高电测电气
前程无忧,计算机,计算机AI研发,3000,武汉,无需经验,本科,武汉萌未来人工智能科技
前程无忧,计算机,中职计算机（人工智能方向）教师 （仙桃）,6500,武汉,2年及以上,本科,仙桃市沔阳技工学校
前程无忧,计算机,计算机方向教师,100000,武汉,无需经验,硕士,湖北商贸学院
前程无忧,计算机,计算机类专业数字媒体技术方向专任教师,90000,武汉,无需经验,硕士,湖北商贸学院
前程无忧,计算机,计算机教师,5250,武汉,2年及以上,本科,湖北汽车工业实验技工学校
前程无忧,计算机,计算机辅助设计工程师,6000,武汉,1年及以上,大专,贵州恒创顺互联网科技
前程无忧,计算机,计算机系统验证工程师,9000,武汉,2年,本科,武汉点风信息科技
前程无忧,计算机,信息与计算机学院公共课专任教师,6500,武汉,无需经验,硕士,武汉文理学院
前程无忧,计算机,高级计算机视觉算法工程师,27500,武汉,5年及以上,硕士,武汉港迪智能技术
前程无忧,计算机,计算机视觉算法工程师,18000,武汉,1年及以上,硕士,武汉港迪智能技术
前程无忧,计算机,计算机专业教师,18000,武汉,无需经验,博士,武昌工学院
前程无忧,计算机,机械工程师,6000,武汉,1年及以上,大专,湖北卡玛云智能
前程无忧,计算机,国际学校计算机科学老师,20000,武汉,1-3年,本科,武汉光谷康桥高级中学
前程无忧,计算机,计算机专业班主任,6500,武汉,无需经验,硕士,苏州研途教育科技
前程无忧,计算机,实习计算机维修包住,5000,武汉,无需经验,不限,武汉市武昌区创千电脑维修服务店
前程无忧,计算机,双语计算机教师,12500,武汉,3-4年,本科,武汉康礼高级中学
前程无忧,计算机,手机软件开发工程师 武汉,4500,武汉,1年及以上,本科,深圳市传佳音科技
前程无忧,计算机,金融AI助理,6000,武汉,3年及以上,本科,中国平安人寿保险
前程无忧,计算机,it运维工程师,7000,武汉,1年及以上,大专,上海普炳软件科技
前程无忧,计算机,计算机软件工程师,7000,武汉,1-3年,本科,武汉武高电测电气
前程无忧,计算机,计算机AI研发,3000,武汉,无需经验,本科,武汉萌未来人工智能科技
前程无忧,计算机,中职计算机（人工智能方向）教师 （仙桃）,6500,武汉,2年及以上,本科,仙桃市沔阳技工学校
前程无忧,计算机,计算机方向教师,100000,武汉,无需经验,硕士,湖北商贸学院
前程无忧,计算机,计算机类专业数字媒体技术方向专任教师,90000,武汉,无需经验,硕士,湖北商贸学院
前程无忧,计算机,计算机教师,5250,武汉,2年及以上,本科,湖北汽车工业实验技工学校
前程无忧,计算机,计算机辅助设计工程师,6000,武汉,1年及以上,大专,贵州恒创顺互联网科技
前程无忧,计算机,计算机系统验证工程师,9000,武汉,2年,本科,武汉点风信息科技
前程无忧,计算机,信息与计算机学院公共课专任教师,6500,武汉,无需经验,硕士,武汉文理学院
前程无忧,计算机,高级计算机视觉算法工程师,27500,武汉,5年及以上,硕士,武汉港迪智能技术
前程无忧,计算机,计算机视觉算法工程师,18000,武汉,1年及以上,硕士,武汉港迪智能技术
前程无忧,计算机,计算机专业教师,18000,武汉,无需经验,博士,武昌工学院
前程无忧,计算机,机械工程师,6000,武汉,1年及以上,大专,湖北卡玛云智能
前程无忧,计算机,国际学校计算机科学老师,20000,武汉,1-3年,本科,武汉光谷康桥高级中学
前程无忧,计算机,计算机专业班主任,6500,武汉,无需经验,硕士,苏州研途教育科技
前程无忧,计算机,实习计算机维修包住,5000,武汉,无需经验,不限,武汉市武昌区创千电脑维修服务店
前程无忧,计算机,双语计算机教师,12500,武汉,3-4年,本科,武汉康礼高级中学
前程无忧,计算机,信息与计算机学院公共课专任教师,6500,武汉,无需经验,硕士,武汉文理学院
前程无忧,计算机,计算机专业班主任,6500,武汉,无需经验,硕士,苏州研途教育科技
前程无忧,计算机,计算机类专业数字媒体技术方向专任教师,90000,武汉,无需经验,硕士,湖北商贸学院
前程无忧,计算机,计算机方向教师,100000,武汉,无需经验,硕士,湖北商贸学院
前程无忧,计算机,实验员（计算机科学与技术学院）,80000,武汉,无需经验,硕士,湖北商贸学院
前程无忧,计算机,计算机教师,5250,武汉,2年及以上,本科,湖北汽车工业实验技工学校
前程无忧,计算机,计算机专业教师,18000,武汉,无需经验,博士,武昌工学院
前程无忧,计算机,中职计算机（人工智能方向）教师 （仙桃）,6500,武汉,2年及以上,本科,仙桃市沔阳技工学校
前程无忧,计算机,计算机视觉算法工程师,18000,武汉,1年及以上,硕士,武汉港迪智能技术
前程无忧,计算机,英文学术期刊编辑（出版社）计算机/生物/食品/环境,5000,武汉,无需经验,本科,武汉中科研途信息科技
前程无忧,计算机,国际学校计算机科学老师,20000,武汉,1-3年,本科,武汉光谷康桥高级中学
前程无忧,计算机,计算机AI研发,3000,武汉,无需经验,本科,武汉萌未来人工智能科技
前程无忧,计算机,博士高级人才—计算机科学与技术学院专任教师,250000,武汉,3年及以上,博士,湖北商贸学院
前程无忧,计算机,个性化服务部高中数学/物理/经济/化学/计算机培训老师,15000,武汉,1年及以上,本科,武汉英中高级中学
前程无忧,计算机,手机软件开发工程师 武汉,4500,武汉,1年及以上,本科,深圳市传佳音科技
前程无忧,计算机,计算机软件工程师,7000,武汉,1-3年,本科,武汉武高电测电气
前程无忧,计算机,双语计算机教师,12500,武汉,3-4年,本科,武汉康礼高级中学
前程无忧,计算机,英文学术编辑（生物/化学/食品/土木/计算机/管理）,5000,武汉,1年,本科,武汉中科研途信息科技
前程无忧,计算机,实习计算机维修包住,5000,武汉,无需经验,不限,武汉市武昌区创千电脑维修服务店
前程无忧,计算机,专利代理人（电学/通信/计算机/机械）,7000,武汉,3-4年,本科,北京国昊天诚知识产权代理
前程无忧,计算机,销售主管（病理信息化软件销售）,6500,武汉,3年及以上,本科,湖北嘉信隆科技
前程无忧,计算机,计算机方向教师,100000,武汉,无需经验,硕士,湖北商贸学院
前程无忧,计算机,信息与计算机学院公共课专任教师,6500,武汉,无需经验,硕士,武汉文理学院
前程无忧,计算机,中职计算机（人工智能方向）教师 （仙桃）,6500,武汉,2年及以上,本科,仙桃市沔阳技工学校
前程无忧,计算机,计算机教师,5250,武汉,2年及以上,本科,湖北汽车工业实验技工学校
前程无忧,计算机,计算机AI研发,3000,武汉,无需经验,本科,武汉萌未来人工智能科技
前程无忧,计算机,计算机专业教师,18000,武汉,无需经验,博士,武昌工学院
前程无忧,计算机,计算机类专业数字媒体技术方向专任教师,90000,武汉,无需经验,硕士,湖北商贸学院
前程无忧,计算机,计算机专业班主任,6500,武汉,无需经验,硕士,苏州研途教育科技
前程无忧,计算机,国际学校计算机科学老师,20000,武汉,1-3年,本科,武汉光谷康桥高级中学
前程无忧,计算机,双语计算机教师,12500,武汉,3-4年,本科,武汉康礼高级中学
前程无忧,计算机,博士高级人才—计算机科学与技术学院专任教师,250000,武汉,3年及以上,博士,湖北商贸学院
前程无忧,计算机,个性化服务部高中数学/物理/经济/化学/计算机培训老师,15000,武汉,1年及以上,本科,武汉英中高级中学
前程无忧,计算机,工业计算机组装调试操作工,4250,武汉,3年及以上,中技/中专,米力达（武汉）科技
前程无忧,计算机,计算机系统验证工程师,9000,武汉,2年,本科,武汉点风信息科技
前程无忧,计算机,实验员（计算机科学与技术学院）,80000,武汉,无需经验,硕士,湖北商贸学院
前程无忧,计算机,计算机视觉算法工程师,18000,武汉,1年及以上,硕士,武汉港迪智能技术
前程无忧,计算机,计算机软件工程师,7000,武汉,1-3年,本科,武汉武高电测电气
前程无忧,计算机,专利代理人（电学/通信/计算机/机械）,7000,武汉,3-4年,本科,北京国昊天诚知识产权代理
前程无忧,计算机,手机软件开发工程师 武汉,4500,武汉,1年及以上,本科,深圳市传佳音科技
前程无忧,计算机,手机软件开发工程师 武汉,4500,武汉,1年及以上,本科,深圳市传佳音科技
前程无忧,计算机,金融AI助理,6000,武汉,3年及以上,本科,中国平安人寿保险
前程无忧,计算机,it运维工程师,7000,武汉,1年及以上,大专,上海普炳软件科技
前程无忧,计算机,计算机软件工程师,7000,武汉,1-3年,本科,武汉武高电测电气
前程无忧,计算机,计算机AI研发,3000,武汉,无需经验,本科,武汉萌未来人工智能科技
前程无忧,计算机,中职计算机（人工智能方向）教师 （仙桃）,6500,武汉,2年及以上,本科,仙桃市沔阳技工学校
前程无忧,计算机,计算机方向教师,100000,武汉,无需经验,硕士,湖北商贸学院
前程无忧,计算机,计算机类专业数字媒体技术方向专任教师,90000,武汉,无需经验,硕士,湖北商贸学院
前程无忧,计算机,计算机教师,5250,武汉,2年及以上,本科,湖北汽车工业实验技工学校
前程无忧,计算机,计算机辅助设计工程师,6000,武汉,1年及以上,大专,贵州恒创顺互联网科技
前程无忧,计算机,计算机系统验证工程师,9000,武汉,2年,本科,武汉点风信息科技
前程无忧,计算机,信息与计算机学院公共课专任教师,6500,武汉,无需经验,硕士,武汉文理学院
前程无忧,计算机,高级计算机视觉算法工程师,27500,武汉,5年及以上,硕士,武汉港迪智能技术
前程无忧,计算机,计算机视觉算法工程师,18000,武汉,1年及以上,硕士,武汉港迪智能技术
前程无忧,计算机,计算机专业教师,18000,武汉,无需经验,博士,武昌工学院
前程无忧,计算机,机械工程师,6000,武汉,1年及以上,大专,湖北卡玛云智能
前程无忧,计算机,国际学校计算机科学老师,20000,武汉,1-3年,本科,武汉光谷康桥高级中学
前程无忧,计算机,计算机专业班主任,6500,武汉,无需经验,硕士,苏州研途教育科技
前程无忧,计算机,实习计算机维修包住,5000,武汉,无需经验,不限,武汉市武昌区创千电脑维修服务店
前程无忧,计算机,双语计算机教师,12500,武汉,3-4年,本科,武汉康礼高级中学
前程无忧,计算机,销售主管（病理信息化软件销售）,6500,武汉,3年及以上,本科,湖北嘉信隆科技
前程无忧,计算机,计算机方向教师,100000,武汉,无需经验,硕士,湖北商贸学院
前程无忧,计算机,信息与计算机学院公共课专任教师,6500,武汉,无需经验,硕士,武汉文理学院
前程无忧,计算机,中职计算机（人工智能方向）教师 （仙桃）,6500,武汉,2年及以上,本科,仙桃市沔阳技工学校
前程无忧,计算机,计算机教师,5250,武汉,2年及以上,本科,湖北汽车工业实验技工学校
前程无忧,计算机,计算机AI研发,3000,武汉,无需经验,本科,武汉萌未来人工智能科技
前程无忧,计算机,计算机专业教师,18000,武汉,无需经验,博士,武昌工学院
前程无忧,计算机,计算机类专业数字媒体技术方向专任教师,90000,武汉,无需经验,硕士,湖北商贸学院
前程无忧,计算机,计算机专业班主任,6500,武汉,无需经验,硕士,苏州研途教育科技
前程无忧,计算机,国际学校计算机科学老师,20000,武汉,1-3年,本科,武汉光谷康桥高级中学
前程无忧,计算机,双语计算机教师,12500,武汉,3-4年,本科,武汉康礼高级中学
前程无忧,计算机,博士高级人才—计算机科学与技术学院专任教师,250000,武汉,3年及以上,博士,湖北商贸学院
前程无忧,计算机,个性化服务部高中数学/物理/经济/化学/计算机培训老师,15000,武汉,1年及以上,本科,武汉英中高级中学
前程无忧,计算机,工业计算机组装调试操作工,4250,武汉,3年及以上,中技/中专,米力达（武汉）科技
前程无忧,计算机,计算机系统验证工程师,9000,武汉,2年,本科,武汉点风信息科技
前程无忧,计算机,实验员（计算机科学与技术学院）,80000,武汉,无需经验,硕士,湖北商贸学院
前程无忧,计算机,计算机视觉算法工程师,18000,武汉,1年及以上,硕士,武汉港迪智能技术
前程无忧,计算机,计算机软件工程师,7000,武汉,1-3年,本科,武汉武高电测电气
前程无忧,计算机,专利代理人（电学/通信/计算机/机械）,7000,武汉,3-4年,本科,北京国昊天诚知识产权代理
前程无忧,计算机,手机软件开发工程师 武汉,4500,武汉,1年及以上,本科,深圳市传佳音科技
前程无忧,计算机,信息与计算机学院公共课专任教师,6500,武汉,无需经验,硕士,武汉文理学院
前程无忧,计算机,计算机专业班主任,6500,武汉,无需经验,硕士,苏州研途教育科技
前程无忧,计算机,计算机类专业数字媒体技术方向专任教师,90000,武汉,无需经验,硕士,湖北商贸学院
前程无忧,计算机,计算机方向教师,100000,武汉,无需经验,硕士,湖北商贸学院
前程无忧,计算机,实验员（计算机科学与技术学院）,80000,武汉,无需经验,硕士,湖北商贸学院
前程无忧,计算机,计算机教师,5250,武汉,2年及以上,本科,湖北汽车工业实验技工学校
前程无忧,计算机,计算机专业教师,18000,武汉,无需经验,博士,武昌工学院
前程无忧,计算机,中职计算机（人工智能方向）教师 （仙桃）,6500,武汉,2年及以上,本科,仙桃市沔阳技工学校
前程无忧,计算机,计算机视觉算法工程师,18000,武汉,1年及以上,硕士,武汉港迪智能技术
前程无忧,计算机,英文学术期刊编辑（出版社）计算机/生物/食品/环境,5000,武汉,无需经验,本科,武汉中科研途信息科技
前程无忧,计算机,国际学校计算机科学老师,20000,武汉,1-3年,本科,武汉光谷康桥高级中学
前程无忧,计算机,计算机AI研发,3000,武汉,无需经验,本科,武汉萌未来人工智能科技
前程无忧,计算机,博士高级人才—计算机科学与技术学院专任教师,250000,武汉,3年及以上,博士,湖北商贸学院
前程无忧,计算机,个性化服务部高中数学/物理/经济/化学/计算机培训老师,15000,武汉,1年及以上,本科,武汉英中高级中学
前程无忧,计算机,手机软件开发工程师 武汉,4500,武汉,1年及以上,本科,深圳市传佳音科技
前程无忧,计算机,计算机软件工程师,7000,武汉,1-3年,本科,武汉武高电测电气
前程无忧,计算机,双语计算机教师,12500,武汉,3-4年,本科,武汉康礼高级中学
前程无忧,计算机,英文学术编辑（生物/化学/食品/土木/计算机/管理）,5000,武汉,1年,本科,武汉中科研途信息科技
前程无忧,计算机,实习计算机维修包住,5000,武汉,无需经验,不限,武汉市武昌区创千电脑维修服务店
前程无忧,计算机,专利代理人（电学/通信/计算机/机械）,7000,武汉,3-4年,本科,北京国昊天诚知识产权代理
前程无忧,计算机,手机软件开发工程师 武汉,4500,武汉,1年及以上,本科,深圳市传佳音科技
前程无忧,计算机,金融AI助理,6000,武汉,3年及以上,本科,中国平安人寿保险
前程无忧,计算机,it运维工程师,7000,武汉,1年及以上,大专,上海普炳软件科技
前程无忧,计算机,计算机软件工程师,7000,武汉,1-3年,本科,武汉武高电测电气
前程无忧,计算机,计算机AI研发,3000,武汉,无需经验,本科,武汉萌未来人工智能科技
前程无忧,计算机,中职计算机（人工智能方向）教师 （仙桃）,6500,武汉,2年及以上,本科,仙桃市沔阳技工学校
前程无忧,计算机,计算机方向教师,100000,武汉,无需经验,硕士,湖北商贸学院
前程无忧,计算机,计算机类专业数字媒体技术方向专任教师,90000,武汉,无需经验,硕士,湖北商贸学院
前程无忧,计算机,计算机教师,5250,武汉,2年及以上,本科,湖北汽车工业实验技工学校
前程无忧,计算机,计算机辅助设计工程师,6000,武汉,1年及以上,大专,贵州恒创顺互联网科技
前程无忧,计算机,计算机系统验证工程师,9000,武汉,2年,本科,武汉点风信息科技
前程无忧,计算机,信息与计算机学院公共课专任教师,6500,武汉,无需经验,硕士,武汉文理学院
前程无忧,计算机,高级计算机视觉算法工程师,27500,武汉,5年及以上,硕士,武汉港迪智能技术
前程无忧,计算机,计算机视觉算法工程师,18000,武汉,1年及以上,硕士,武汉港迪智能技术
前程无忧,计算机,计算机专业教师,18000,武汉,无需经验,博士,武昌工学院
前程无忧,计算机,机械工程师,6000,武汉,1年及以上,大专,湖北卡玛云智能
前程无忧,计算机,国际学校计算机科学老师,20000,武汉,1-3年,本科,武汉光谷康桥高级中学
前程无忧,计算机,计算机专业班主任,6500,武汉,无需经验,硕士,苏州研途教育科技
前程无忧,计算机,实习计算机维修包住,5000,武汉,无需经验,不限,武汉市武昌区创千电脑维修服务店
前程无忧,计算机,双语计算机教师,12500,武汉,3-4年,本科,武汉康礼高级中学
前程无忧,计算机,手机软件开发工程师 武汉,4500,武汉,1年及以上,本科,深圳市传佳音科技
前程无忧,计算机,金融AI助理,6000,武汉,3年及以上,本科,中国平安人寿保险
前程无忧,计算机,it运维工程师,7000,武汉,1年及以上,大专,上海普炳软件科技
前程无忧,计算机,计算机软件工程师,7000,武汉,1-3年,本科,武汉武高电测电气
前程无忧,计算机,计算机AI研发,3000,武汉,无需经验,本科,武汉萌未来人工智能科技
前程无忧,计算机,中职计算机（人工智能方向）教师 （仙桃）,6500,武汉,2年及以上,本科,仙桃市沔阳技工学校
前程无忧,计算机,计算机方向教师,100000,武汉,无需经验,硕士,湖北商贸学院
前程无忧,计算机,计算机类专业数字媒体技术方向专任教师,90000,武汉,无需经验,硕士,湖北商贸学院
前程无忧,计算机,计算机教师,5250,武汉,2年及以上,本科,湖北汽车工业实验技工学校
前程无忧,计算机,计算机辅助设计工程师,6000,武汉,1年及以上,大专,贵州恒创顺互联网科技
前程无忧,计算机,计算机系统验证工程师,9000,武汉,2年,本科,武汉点风信息科技
前程无忧,计算机,信息与计算机学院公共课专任教师,6500,武汉,无需经验,硕士,武汉文理学院
前程无忧,计算机,高级计算机视觉算法工程师,27500,武汉,5年及以上,硕士,武汉港迪智能技术
前程无忧,计算机,计算机视觉算法工程师,18000,武汉,1年及以上,硕士,武汉港迪智能技术
前程无忧,计算机,计算机专业教师,18000,武汉,无需经验,博士,武昌工学院
前程无忧,计算机,机械工程师,6000,武汉,1年及以上,大专,湖北卡玛云智能
前程无忧,计算机,国际学校计算机科学老师,20000,武汉,1-3年,本科,武汉光谷康桥高级中学
前程无忧,计算机,计算机专业班主任,6500,武汉,无需经验,硕士,苏州研途教育科技
前程无忧,计算机,实习计算机维修包住,5000,武汉,无需经验,不限,武汉市武昌区创千电脑维修服务店
前程无忧,计算机,双语计算机教师,12500,武汉,3-4年,本科,武汉康礼高级中学
前程无忧,计算机,手机软件开发工程师 武汉,4500,武汉,1年及以上,本科,深圳市传佳音科技
前程无忧,计算机,金融AI助理,6000,武汉,3年及以上,本科,中国平安人寿保险
前程无忧,计算机,it运维工程师,7000,武汉,1年及以上,大专,上海普炳软件科技
前程无忧,计算机,计算机软件工程师,7000,武汉,1-3年,本科,武汉武高电测电气
前程无忧,计算机,计算机AI研发,3000,武汉,无需经验,本科,武汉萌未来人工智能科技
前程无忧,计算机,中职计算机（人工智能方向）教师 （仙桃）,6500,武汉,2年及以上,本科,仙桃市沔阳技工学校
前程无忧,计算机,计算机方向教师,100000,武汉,无需经验,硕士,湖北商贸学院
前程无忧,计算机,计算机类专业数字媒体技术方向专任教师,90000,武汉,无需经验,硕士,湖北商贸学院
前程无忧,计算机,计算机教师,5250,武汉,2年及以上,本科,湖北汽车工业实验技工学校
前程无忧,计算机,计算机辅助设计工程师,6000,武汉,1年及以上,大专,贵州恒创顺互联网科技
前程无忧,计算机,计算机系统验证工程师,9000,武汉,2年,本科,武汉点风信息科技
前程无忧,计算机,信息与计算机学院公共课专任教师,6500,武汉,无需经验,硕士,武汉文理学院
前程无忧,计算机,高级计算机视觉算法工程师,27500,武汉,5年及以上,硕士,武汉港迪智能技术
前程无忧,计算机,计算机视觉算法工程师,18000,武汉,1年及以上,硕士,武汉港迪智能技术
前程无忧,计算机,计算机专业教师,18000,武汉,无需经验,博士,武昌工学院
前程无忧,计算机,机械工程师,6000,武汉,1年及以上,大专,湖北卡玛云智能
前程无忧,计算机,国际学校计算机科学老师,20000,武汉,1-3年,本科,武汉光谷康桥高级中学
前程无忧,计算机,计算机专业班主任,6500,武汉,无需经验,硕士,苏州研途教育科技
前程无忧,计算机,实习计算机维修包住,5000,武汉,无需经验,不限,武汉市武昌区创千电脑维修服务店
前程无忧,计算机,双语计算机教师,12500,武汉,3-4年,本科,武汉康礼高级中学
前程无忧,计算机,销售主管（病理信息化软件销售）,6500,武汉,3年及以上,本科,湖北嘉信隆科技
前程无忧,计算机,计算机方向教师,100000,武汉,无需经验,硕士,湖北商贸学院
前程无忧,计算机,信息与计算机学院公共课专任教师,6500,武汉,无需经验,硕士,武汉文理学院
前程无忧,计算机,中职计算机（人工智能方向）教师 （仙桃）,6500,武汉,2年及以上,本科,仙桃市沔阳技工学校
前程无忧,计算机,计算机教师,5250,武汉,2年及以上,本科,湖北汽车工业实验技工学校
前程无忧,计算机,计算机AI研发,3000,武汉,无需经验,本科,武汉萌未来人工智能科技
前程无忧,计算机,计算机专业教师,18000,武汉,无需经验,博士,武昌工学院
前程无忧,计算机,计算机类专业数字媒体技术方向专任教师,90000,武汉,无需经验,硕士,湖北商贸学院
前程无忧,计算机,计算机专业班主任,6500,武汉,无需经验,硕士,苏州研途教育科技
前程无忧,计算机,国际学校计算机科学老师,20000,武汉,1-3年,本科,武汉光谷康桥高级中学
前程无忧,计算机,双语计算机教师,12500,武汉,3-4年,本科,武汉康礼高级中学
前程无忧,计算机,博士高级人才—计算机科学与技术学院专任教师,250000,武汉,3年及以上,博士,湖北商贸学院
前程无忧,计算机,个性化服务部高中数学/物理/经济/化学/计算机培训老师,15000,武汉,1年及以上,本科,武汉英中高级中学
前程无忧,计算机,工业计算机组装调试操作工,4250,武汉,3年及以上,中技/中专,米力达（武汉）科技
前程无忧,计算机,计算机系统验证工程师,9000,武汉,2年,本科,武汉点风信息科技
前程无忧,计算机,实验员（计算机科学与技术学院）,80000,武汉,无需经验,硕士,湖北商贸学院
前程无忧,计算机,计算机视觉算法工程师,18000,武汉,1年及以上,硕士,武汉港迪智能技术
前程无忧,计算机,计算机软件工程师,7000,武汉,1-3年,本科,武汉武高电测电气
前程无忧,计算机,专利代理人（电学/通信/计算机/机械）,7000,武汉,3-4年,本科,北京国昊天诚知识产权代理
前程无忧,计算机,手机软件开发工程师 武汉,4500,武汉,1年及以上,本科,深圳市传佳音科技
前程无忧,计算机,销售主管（病理信息化软件销售）,6500,武汉,3年及以上,本科,湖北嘉信隆科技
前程无忧,计算机,计算机方向教师,100000,武汉,无需经验,硕士,湖北商贸学院
前程无忧,计算机,信息与计算机学院公共课专任教师,6500,武汉,无需经验,硕士,武汉文理学院
前程无忧,计算机,中职计算机（人工智能方向）教师 （仙桃）,6500,武汉,2年及以上,本科,仙桃市沔阳技工学校
前程无忧,计算机,计算机教师,5250,武汉,2年及以上,本科,湖北汽车工业实验技工学校
前程无忧,计算机,计算机AI研发,3000,武汉,无需经验,本科,武汉萌未来人工智能科技
前程无忧,计算机,计算机专业教师,18000,武汉,无需经验,博士,武昌工学院
前程无忧,计算机,计算机类专业数字媒体技术方向专任教师,90000,武汉,无需经验,硕士,湖北商贸学院
前程无忧,计算机,计算机专业班主任,6500,武汉,无需经验,硕士,苏州研途教育科技
前程无忧,计算机,国际学校计算机科学老师,20000,武汉,1-3年,本科,武汉光谷康桥高级中学
前程无忧,计算机,双语计算机教师,12500,武汉,3-4年,本科,武汉康礼高级中学
前程无忧,计算机,博士高级人才—计算机科学与技术学院专任教师,250000,武汉,3年及以上,博士,湖北商贸学院
前程无忧,计算机,个性化服务部高中数学/物理/经济/化学/计算机培训老师,15000,武汉,1年及以上,本科,武汉英中高级中学
前程无忧,计算机,工业计算机组装调试操作工,4250,武汉,3年及以上,中技/中专,米力达（武汉）科技
前程无忧,计算机,计算机系统验证工程师,9000,武汉,2年,本科,武汉点风信息科技
前程无忧,计算机,实验员（计算机科学与技术学院）,80000,武汉,无需经验,硕士,湖北商贸学院
前程无忧,计算机,计算机视觉算法工程师,18000,武汉,1年及以上,硕士,武汉港迪智能技术
前程无忧,计算机,计算机软件工程师,7000,武汉,1-3年,本科,武汉武高电测电气
前程无忧,计算机,专利代理人（电学/通信/计算机/机械）,7000,武汉,3-4年,本科,北京国昊天诚知识产权代理
前程无忧,计算机,手机软件开发工程师 武汉,4500,武汉,1年及以上,本科,深圳市传佳音科技
前程无忧,计算机,销售主管（病理信息化软件销售）,6500,武汉,3年及以上,本科,湖北嘉信隆科技
前程无忧,计算机,计算机方向教师,100000,武汉,无需经验,硕士,湖北商贸学院
前程无忧,计算机,信息与计算机学院公共课专任教师,6500,武汉,无需经验,硕士,武汉文理学院
前程无忧,计算机,中职计算机（人工智能方向）教师 （仙桃）,6500,武汉,2年及以上,本科,仙桃市沔阳技工学校
前程无忧,计算机,计算机教师,5250,武汉,2年及以上,本科,湖北汽车工业实验技工学校
前程无忧,计算机,计算机AI研发,3000,武汉,无需经验,本科,武汉萌未来人工智能科技
前程无忧,计算机,计算机专业教师,18000,武汉,无需经验,博士,武昌工学院
前程无忧,计算机,计算机类专业数字媒体技术方向专任教师,90000,武汉,无需经验,硕士,湖北商贸学院
前程无忧,计算机,计算机专业班主任,6500,武汉,无需经验,硕士,苏州研途教育科技
前程无忧,计算机,国际学校计算机科学老师,20000,武汉,1-3年,本科,武汉光谷康桥高级中学
前程无忧,计算机,双语计算机教师,12500,武汉,3-4年,本科,武汉康礼高级中学
前程无忧,计算机,博士高级人才—计算机科学与技术学院专任教师,250000,武汉,3年及以上,博士,湖北商贸学院
前程无忧,计算机,个性化服务部高中数学/物理/经济/化学/计算机培训老师,15000,武汉,1年及以上,本科,武汉英中高级中学
前程无忧,计算机,工业计算机组装调试操作工,4250,武汉,3年及以上,中技/中专,米力达（武汉）科技
前程无忧,计算机,计算机系统验证工程师,9000,武汉,2年,本科,武汉点风信息科技
前程无忧,计算机,实验员（计算机科学与技术学院）,80000,武汉,无需经验,硕士,湖北商贸学院
前程无忧,计算机,计算机视觉算法工程师,18000,武汉,1年及以上,硕士,武汉港迪智能技术
前程无忧,计算机,计算机软件工程师,7000,武汉,1-3年,本科,武汉武高电测电气
前程无忧,计算机,专利代理人（电学/通信/计算机/机械）,7000,武汉,3-4年,本科,北京国昊天诚知识产权代理
前程无忧,计算机,手机软件开发工程师 武汉,4500,武汉,1年及以上,本科,深圳市传佳音科技
前程无忧,计算机,信息与计算机学院公共课专任教师,6500,武汉,无需经验,硕士,武汉文理学院
前程无忧,计算机,计算机专业班主任,6500,武汉,无需经验,硕士,苏州研途教育科技
前程无忧,计算机,计算机类专业数字媒体技术方向专任教师,90000,武汉,无需经验,硕士,湖北商贸学院
前程无忧,计算机,计算机方向教师,100000,武汉,无需经验,硕士,湖北商贸学院
前程无忧,计算机,实验员（计算机科学与技术学院）,80000,武汉,无需经验,硕士,湖北商贸学院
前程无忧,计算机,计算机教师,5250,武汉,2年及以上,本科,湖北汽车工业实验技工学校
前程无忧,计算机,计算机专业教师,18000,武汉,无需经验,博士,武昌工学院
前程无忧,计算机,中职计算机（人工智能方向）教师 （仙桃）,6500,武汉,2年及以上,本科,仙桃市沔阳技工学校
前程无忧,计算机,计算机视觉算法工程师,18000,武汉,1年及以上,硕士,武汉港迪智能技术
前程无忧,计算机,英文学术期刊编辑（出版社）计算机/生物/食品/环境,5000,武汉,无需经验,本科,武汉中科研途信息科技
前程无忧,计算机,国际学校计算机科学老师,20000,武汉,1-3年,本科,武汉光谷康桥高级中学
前程无忧,计算机,计算机AI研发,3000,武汉,无需经验,本科,武汉萌未来人工智能科技
前程无忧,计算机,博士高级人才—计算机科学与技术学院专任教师,250000,武汉,3年及以上,博士,湖北商贸学院
前程无忧,计算机,个性化服务部高中数学/物理/经济/化学/计算机培训老师,15000,武汉,1年及以上,本科,武汉英中高级中学
前程无忧,计算机,手机软件开发工程师 武汉,4500,武汉,1年及以上,本科,深圳市传佳音科技
前程无忧,计算机,计算机软件工程师,7000,武汉,1-3年,本科,武汉武高电测电气
前程无忧,计算机,双语计算机教师,12500,武汉,3-4年,本科,武汉康礼高级中学
前程无忧,计算机,英文学术编辑（生物/化学/食品/土木/计算机/管理）,5000,武汉,1年,本科,武汉中科研途信息科技
前程无忧,计算机,实习计算机维修包住,5000,武汉,无需经验,不限,武汉市武昌区创千电脑维修服务店
前程无忧,计算机,专利代理人（电学/通信/计算机/机械）,7000,武汉,3-4年,本科,北京国昊天诚知识产权代理
前程无忧,计算机,信息与计算机学院公共课专任教师,6500,武汉,无需经验,硕士,武汉文理学院
前程无忧,计算机,计算机专业班主任,6500,武汉,无需经验,硕士,苏州研途教育科技
前程无忧,计算机,计算机类专业数字媒体技术方向专任教师,90000,武汉,无需经验,硕士,湖北商贸学院
前程无忧,计算机,计算机方向教师,100000,武汉,无需经验,硕士,湖北商贸学院
前程无忧,计算机,实验员（计算机科学与技术学院）,80000,武汉,无需经验,硕士,湖北商贸学院
前程无忧,计算机,计算机教师,5250,武汉,2年及以上,本科,湖北汽车工业实验技工学校
前程无忧,计算机,计算机专业教师,18000,武汉,无需经验,博士,武昌工学院
前程无忧,计算机,中职计算机（人工智能方向）教师 （仙桃）,6500,武汉,2年及以上,本科,仙桃市沔阳技工学校
前程无忧,计算机,计算机视觉算法工程师,18000,武汉,1年及以上,硕士,武汉港迪智能技术
前程无忧,计算机,英文学术期刊编辑（出版社）计算机/生物/食品/环境,5000,武汉,无需经验,本科,武汉中科研途信息科技
前程无忧,计算机,国际学校计算机科学老师,20000,武汉,1-3年,本科,武汉光谷康桥高级中学
前程无忧,计算机,计算机AI研发,3000,武汉,无需经验,本科,武汉萌未来人工智能科技
前程无忧,计算机,博士高级人才—计算机科学与技术学院专任教师,250000,武汉,3年及以上,博士,湖北商贸学院
前程无忧,计算机,个性化服务部高中数学/物理/经济/化学/计算机培训老师,15000,武汉,1年及以上,本科,武汉英中高级中学
前程无忧,计算机,手机软件开发工程师 武汉,4500,武汉,1年及以上,本科,深圳市传佳音科技
前程无忧,计算机,计算机软件工程师,7000,武汉,1-3年,本科,武汉武高电测电气
前程无忧,计算机,双语计算机教师,12500,武汉,3-4年,本科,武汉康礼高级中学
前程无忧,计算机,英文学术编辑（生物/化学/食品/土木/计算机/管理）,5000,武汉,1年,本科,武汉中科研途信息科技
前程无忧,计算机,实习计算机维修包住,5000,武汉,无需经验,不限,武汉市武昌区创千电脑维修服务店
前程无忧,计算机,专利代理人（电学/通信/计算机/机械）,7000,武汉,3-4年,本科,北京国昊天诚知识产权代理
前程无忧,计算机,销售主管（病理信息化软件销售）,6500,武汉,3年及以上,本科,湖北嘉信隆科技
前程无忧,计算机,计算机方向教师,100000,武汉,无需经验,硕士,湖北商贸学院
前程无忧,计算机,信息与计算机学院公共课专任教师,6500,武汉,无需经验,硕士,武汉文理学院
前程无忧,计算机,中职计算机（人工智能方向）教师 （仙桃）,6500,武汉,2年及以上,本科,仙桃市沔阳技工学校
前程无忧,计算机,计算机教师,5250,武汉,2年及以上,本科,湖北汽车工业实验技工学校
前程无忧,计算机,计算机AI研发,3000,武汉,无需经验,本科,武汉萌未来人工智能科技
前程无忧,计算机,计算机专业教师,18000,武汉,无需经验,博士,武昌工学院
前程无忧,计算机,计算机类专业数字媒体技术方向专任教师,90000,武汉,无需经验,硕士,湖北商贸学院
前程无忧,计算机,计算机专业班主任,6500,武汉,无需经验,硕士,苏州研途教育科技
前程无忧,计算机,国际学校计算机科学老师,20000,武汉,1-3年,本科,武汉光谷康桥高级中学
前程无忧,计算机,双语计算机教师,12500,武汉,3-4年,本科,武汉康礼高级中学
前程无忧,计算机,博士高级人才—计算机科学与技术学院专任教师,250000,武汉,3年及以上,博士,湖北商贸学院
前程无忧,计算机,个性化服务部高中数学/物理/经济/化学/计算机培训老师,15000,武汉,1年及以上,本科,武汉英中高级中学
前程无忧,计算机,工业计算机组装调试操作工,4250,武汉,3年及以上,中技/中专,米力达（武汉）科技
前程无忧,计算机,计算机系统验证工程师,9000,武汉,2年,本科,武汉点风信息科技
前程无忧,计算机,实验员（计算机科学与技术学院）,80000,武汉,无需经验,硕士,湖北商贸学院
前程无忧,计算机,计算机视觉算法工程师,18000,武汉,1年及以上,硕士,武汉港迪智能技术
前程无忧,计算机,计算机软件工程师,7000,武汉,1-3年,本科,武汉武高电测电气
前程无忧,计算机,专利代理人（电学/通信/计算机/机械）,7000,武汉,3-4年,本科,北京国昊天诚知识产权代理
前程无忧,计算机,手机软件开发工程师 武汉,4500,武汉,1年及以上,本科,深圳市传佳音科技
前程无忧,计算机,信息与计算机学院公共课专任教师,6500,武汉,无需经验,硕士,武汉文理学院
前程无忧,计算机,计算机专业班主任,6500,武汉,无需经验,硕士,苏州研途教育科技
前程无忧,计算机,计算机类专业数字媒体技术方向专任教师,90000,武汉,无需经验,硕士,湖北商贸学院
前程无忧,计算机,计算机方向教师,100000,武汉,无需经验,硕士,湖北商贸学院
前程无忧,计算机,实验员（计算机科学与技术学院）,80000,武汉,无需经验,硕士,湖北商贸学院
前程无忧,计算机,计算机教师,5250,武汉,2年及以上,本科,湖北汽车工业实验技工学校
前程无忧,计算机,计算机专业教师,18000,武汉,无需经验,博士,武昌工学院
前程无忧,计算机,中职计算机（人工智能方向）教师 （仙桃）,6500,武汉,2年及以上,本科,仙桃市沔阳技工学校
前程无忧,计算机,计算机视觉算法工程师,18000,武汉,1年及以上,硕士,武汉港迪智能技术
前程无忧,计算机,英文学术期刊编辑（出版社）计算机/生物/食品/环境,5000,武汉,无需经验,本科,武汉中科研途信息科技
前程无忧,计算机,国际学校计算机科学老师,20000,武汉,1-3年,本科,武汉光谷康桥高级中学
前程无忧,计算机,计算机AI研发,3000,武汉,无需经验,本科,武汉萌未来人工智能科技
前程无忧,计算机,博士高级人才—计算机科学与技术学院专任教师,250000,武汉,3年及以上,博士,湖北商贸学院
前程无忧,计算机,个性化服务部高中数学/物理/经济/化学/计算机培训老师,15000,武汉,1年及以上,本科,武汉英中高级中学
前程无忧,计算机,手机软件开发工程师 武汉,4500,武汉,1年及以上,本科,深圳市传佳音科技
前程无忧,计算机,计算机软件工程师,7000,武汉,1-3年,本科,武汉武高电测电气
前程无忧,计算机,双语计算机教师,12500,武汉,3-4年,本科,武汉康礼高级中学
前程无忧,计算机,英文学术编辑（生物/化学/食品/土木/计算机/管理）,5000,武汉,1年,本科,武汉中科研途信息科技
前程无忧,计算机,实习计算机维修包住,5000,武汉,无需经验,不限,武汉市武昌区创千电脑维修服务店
前程无忧,计算机,专利代理人（电学/通信/计算机/机械）,7000,武汉,3-4年,本科,北京国昊天诚知识产权代理
前程无忧,计算机,信息与计算机学院公共课专任教师,6500,武汉,无需经验,硕士,武汉文理学院
前程无忧,计算机,计算机专业班主任,6500,武汉,无需经验,硕士,苏州研途教育科技
前程无忧,计算机,计算机类专业数字媒体技术方向专任教师,90000,武汉,无需经验,硕士,湖北商贸学院
前程无忧,计算机,计算机方向教师,100000,武汉,无需经验,硕士,湖北商贸学院
前程无忧,计算机,实验员（计算机科学与技术学院）,80000,武汉,无需经验,硕士,湖北商贸学院
前程无忧,计算机,计算机教师,5250,武汉,2年及以上,本科,湖北汽车工业实验技工学校
前程无忧,计算机,计算机专业教师,18000,武汉,无需经验,博士,武昌工学院
前程无忧,计算机,中职计算机（人工智能方向）教师 （仙桃）,6500,武汉,2年及以上,本科,仙桃市沔阳技工学校
前程无忧,计算机,计算机视觉算法工程师,18000,武汉,1年及以上,硕士,武汉港迪智能技术
前程无忧,计算机,英文学术期刊编辑（出版社）计算机/生物/食品/环境,5000,武汉,无需经验,本科,武汉中科研途信息科技
前程无忧,计算机,国际学校计算机科学老师,20000,武汉,1-3年,本科,武汉光谷康桥高级中学
前程无忧,计算机,计算机AI研发,3000,武汉,无需经验,本科,武汉萌未来人工智能科技
前程无忧,计算机,博士高级人才—计算机科学与技术学院专任教师,250000,武汉,3年及以上,博士,湖北商贸学院
前程无忧,计算机,个性化服务部高中数学/物理/经济/化学/计算机培训老师,15000,武汉,1年及以上,本科,武汉英中高级中学
前程无忧,计算机,手机软件开发工程师 武汉,4500,武汉,1年及以上,本科,深圳市传佳音科技
前程无忧,计算机,计算机软件工程师,7000,武汉,1-3年,本科,武汉武高电测电气
前程无忧,计算机,双语计算机教师,12500,武汉,3-4年,本科,武汉康礼高级中学
前程无忧,计算机,英文学术编辑（生物/化学/食品/土木/计算机/管理）,5000,武汉,1年,本科,武汉中科研途信息科技
前程无忧,计算机,实习计算机维修包住,5000,武汉,无需经验,不限,武汉市武昌区创千电脑维修服务店
前程无忧,计算机,专利代理人（电学/通信/计算机/机械）,7000,武汉,3-4年,本科,北京国昊天诚知识产权代理
前程无忧,计算机,信息与计算机学院公共课专任教师,6500,武汉,无需经验,硕士,武汉文理学院
前程无忧,计算机,计算机专业班主任,6500,武汉,无需经验,硕士,苏州研途教育科技
前程无忧,计算机,计算机类专业数字媒体技术方向专任教师,90000,武汉,无需经验,硕士,湖北商贸学院
前程无忧,计算机,计算机方向教师,100000,武汉,无需经验,硕士,湖北商贸学院
前程无忧,计算机,实验员（计算机科学与技术学院）,80000,武汉,无需经验,硕士,湖北商贸学院
前程无忧,计算机,计算机教师,5250,武汉,2年及以上,本科,湖北汽车工业实验技工学校
前程无忧,计算机,计算机专业教师,18000,武汉,无需经验,博士,武昌工学院
前程无忧,计算机,中职计算机（人工智能方向）教师 （仙桃）,6500,武汉,2年及以上,本科,仙桃市沔阳技工学校
前程无忧,计算机,计算机视觉算法工程师,18000,武汉,1年及以上,硕士,武汉港迪智能技术
前程无忧,计算机,英文学术期刊编辑（出版社）计算机/生物/食品/环境,5000,武汉,无需经验,本科,武汉中科研途信息科技
前程无忧,计算机,国际学校计算机科学老师,20000,武汉,1-3年,本科,武汉光谷康桥高级中学
前程无忧,计算机,计算机AI研发,3000,武汉,无需经验,本科,武汉萌未来人工智能科技
前程无忧,计算机,博士高级人才—计算机科学与技术学院专任教师,250000,武汉,3年及以上,博士,湖北商贸学院
前程无忧,计算机,个性化服务部高中数学/物理/经济/化学/计算机培训老师,15000,武汉,1年及以上,本科,武汉英中高级中学
前程无忧,计算机,手机软件开发工程师 武汉,4500,武汉,1年及以上,本科,深圳市传佳音科技
前程无忧,计算机,计算机软件工程师,7000,武汉,1-3年,本科,武汉武高电测电气
前程无忧,计算机,双语计算机教师,12500,武汉,3-4年,本科,武汉康礼高级中学
前程无忧,计算机,英文学术编辑（生物/化学/食品/土木/计算机/管理）,5000,武汉,1年,本科,武汉中科研途信息科技
前程无忧,计算机,实习计算机维修包住,5000,武汉,无需经验,不限,武汉市武昌区创千电脑维修服务店
前程无忧,计算机,专利代理人（电学/通信/计算机/机械）,7000,武汉,3-4年,本科,北京国昊天诚知识产权代理
前程无忧,计算机,手机软件开发工程师 武汉,4500,武汉,1年及以上,本科,深圳市传佳音科技
前程无忧,计算机,金融AI助理,6000,武汉,3年及以上,本科,中国平安人寿保险
前程无忧,计算机,it运维工程师,7000,武汉,1年及以上,大专,上海普炳软件科技
前程无忧,计算机,计算机软件工程师,7000,武汉,1-3年,本科,武汉武高电测电气
前程无忧,计算机,计算机AI研发,3000,武汉,无需经验,本科,武汉萌未来人工智能科技
前程无忧,计算机,中职计算机（人工智能方向）教师 （仙桃）,6500,武汉,2年及以上,本科,仙桃市沔阳技工学校
前程无忧,计算机,计算机方向教师,100000,武汉,无需经验,硕士,湖北商贸学院
前程无忧,计算机,计算机类专业数字媒体技术方向专任教师,90000,武汉,无需经验,硕士,湖北商贸学院
前程无忧,计算机,计算机教师,5250,武汉,2年及以上,本科,湖北汽车工业实验技工学校
前程无忧,计算机,计算机辅助设计工程师,6000,武汉,1年及以上,大专,贵州恒创顺互联网科技
前程无忧,计算机,计算机系统验证工程师,9000,武汉,2年,本科,武汉点风信息科技
前程无忧,计算机,信息与计算机学院公共课专任教师,6500,武汉,无需经验,硕士,武汉文理学院
前程无忧,计算机,高级计算机视觉算法工程师,27500,武汉,5年及以上,硕士,武汉港迪智能技术
前程无忧,计算机,计算机视觉算法工程师,18000,武汉,1年及以上,硕士,武汉港迪智能技术
前程无忧,计算机,计算机专业教师,18000,武汉,无需经验,博士,武昌工学院
前程无忧,计算机,机械工程师,6000,武汉,1年及以上,大专,湖北卡玛云智能
前程无忧,计算机,国际学校计算机科学老师,20000,武汉,1-3年,本科,武汉光谷康桥高级中学
前程无忧,计算机,计算机专业班主任,6500,武汉,无需经验,硕士,苏州研途教育科技
前程无忧,计算机,实习计算机维修包住,5000,武汉,无需经验,不限,武汉市武昌区创千电脑维修服务店
前程无忧,计算机,双语计算机教师,12500,武汉,3-4年,本科,武汉康礼高级中学
前程无忧,计算机,手机软件开发工程师 武汉,4500,武汉,1年及以上,本科,深圳市传佳音科技
前程无忧,计算机,金融AI助理,6000,武汉,3年及以上,本科,中国平安人寿保险
前程无忧,计算机,it运维工程师,7000,武汉,1年及以上,大专,上海普炳软件科技
前程无忧,计算机,计算机软件工程师,7000,武汉,1-3年,本科,武汉武高电测电气
前程无忧,计算机,计算机AI研发,3000,武汉,无需经验,本科,武汉萌未来人工智能科技
前程无忧,计算机,中职计算机（人工智能方向）教师 （仙桃）,6500,武汉,2年及以上,本科,仙桃市沔阳技工学校
前程无忧,计算机,计算机方向教师,100000,武汉,无需经验,硕士,湖北商贸学院
前程无忧,计算机,计算机类专业数字媒体技术方向专任教师,90000,武汉,无需经验,硕士,湖北商贸学院
前程无忧,计算机,计算机教师,5250,武汉,2年及以上,本科,湖北汽车工业实验技工学校
前程无忧,计算机,计算机辅助设计工程师,6000,武汉,1年及以上,大专,贵州恒创顺互联网科技
前程无忧,计算机,计算机系统验证工程师,9000,武汉,2年,本科,武汉点风信息科技
前程无忧,计算机,信息与计算机学院公共课专任教师,6500,武汉,无需经验,硕士,武汉文理学院
前程无忧,计算机,高级计算机视觉算法工程师,27500,武汉,5年及以上,硕士,武汉港迪智能技术
前程无忧,计算机,计算机视觉算法工程师,18000,武汉,1年及以上,硕士,武汉港迪智能技术
前程无忧,计算机,计算机专业教师,18000,武汉,无需经验,博士,武昌工学院
前程无忧,计算机,机械工程师,6000,武汉,1年及以上,大专,湖北卡玛云智能
前程无忧,计算机,国际学校计算机科学老师,20000,武汉,1-3年,本科,武汉光谷康桥高级中学
前程无忧,计算机,计算机专业班主任,6500,武汉,无需经验,硕士,苏州研途教育科技
前程无忧,计算机,实习计算机维修包住,5000,武汉,无需经验,不限,武汉市武昌区创千电脑维修服务店
前程无忧,计算机,双语计算机教师,12500,武汉,3-4年,本科,武汉康礼高级中学
前程无忧,计算机,销售主管（病理信息化软件销售）,6500,武汉,3年及以上,本科,湖北嘉信隆科技
前程无忧,计算机,计算机方向教师,100000,武汉,无需经验,硕士,湖北商贸学院
前程无忧,计算机,信息与计算机学院公共课专任教师,6500,武汉,无需经验,硕士,武汉文理学院
前程无忧,计算机,中职计算机（人工智能方向）教师 （仙桃）,6500,武汉,2年及以上,本科,仙桃市沔阳技工学校
前程无忧,计算机,计算机教师,5250,武汉,2年及以上,本科,湖北汽车工业实验技工学校
前程无忧,计算机,计算机AI研发,3000,武汉,无需经验,本科,武汉萌未来人工智能科技
前程无忧,计算机,计算机专业教师,18000,武汉,无需经验,博士,武昌工学院
前程无忧,计算机,计算机类专业数字媒体技术方向专任教师,90000,武汉,无需经验,硕士,湖北商贸学院
前程无忧,计算机,计算机专业班主任,6500,武汉,无需经验,硕士,苏州研途教育科技
前程无忧,计算机,国际学校计算机科学老师,20000,武汉,1-3年,本科,武汉光谷康桥高级中学
前程无忧,计算机,双语计算机教师,12500,武汉,3-4年,本科,武汉康礼高级中学
前程无忧,计算机,博士高级人才—计算机科学与技术学院专任教师,250000,武汉,3年及以上,博士,湖北商贸学院
前程无忧,计算机,个性化服务部高中数学/物理/经济/化学/计算机培训老师,15000,武汉,1年及以上,本科,武汉英中高级中学
前程无忧,计算机,工业计算机组装调试操作工,4250,武汉,3年及以上,中技/中专,米力达（武汉）科技
前程无忧,计算机,计算机系统验证工程师,9000,武汉,2年,本科,武汉点风信息科技
前程无忧,计算机,实验员（计算机科学与技术学院）,80000,武汉,无需经验,硕士,湖北商贸学院
前程无忧,计算机,计算机视觉算法工程师,18000,武汉,1年及以上,硕士,武汉港迪智能技术
前程无忧,计算机,计算机软件工程师,7000,武汉,1-3年,本科,武汉武高电测电气
前程无忧,计算机,专利代理人（电学/通信/计算机/机械）,7000,武汉,3-4年,本科,北京国昊天诚知识产权代理
前程无忧,计算机,手机软件开发工程师 武汉,4500,武汉,1年及以上,本科,深圳市传佳音科技
前程无忧,计算机,信息与计算机学院公共课专任教师,6500,武汉,无需经验,硕士,武汉文理学院
前程无忧,计算机,计算机专业班主任,6500,武汉,无需经验,硕士,苏州研途教育科技
前程无忧,计算机,计算机类专业数字媒体技术方向专任教师,90000,武汉,无需经验,硕士,湖北商贸学院
前程无忧,计算机,计算机方向教师,100000,武汉,无需经验,硕士,湖北商贸学院
前程无忧,计算机,实验员（计算机科学与技术学院）,80000,武汉,无需经验,硕士,湖北商贸学院
前程无忧,计算机,计算机教师,5250,武汉,2年及以上,本科,湖北汽车工业实验技工学校
前程无忧,计算机,计算机专业教师,18000,武汉,无需经验,博士,武昌工学院
前程无忧,计算机,中职计算机（人工智能方向）教师 （仙桃）,6500,武汉,2年及以上,本科,仙桃市沔阳技工学校
前程无忧,计算机,计算机视觉算法工程师,18000,武汉,1年及以上,硕士,武汉港迪智能技术
前程无忧,计算机,英文学术期刊编辑（出版社）计算机/生物/食品/环境,5000,武汉,无需经验,本科,武汉中科研途信息科技
前程无忧,计算机,国际学校计算机科学老师,20000,武汉,1-3年,本科,武汉光谷康桥高级中学
前程无忧,计算机,计算机AI研发,3000,武汉,无需经验,本科,武汉萌未来人工智能科技
前程无忧,计算机,博士高级人才—计算机科学与技术学院专任教师,250000,武汉,3年及以上,博士,湖北商贸学院
前程无忧,计算机,个性化服务部高中数学/物理/经济/化学/计算机培训老师,15000,武汉,1年及以上,本科,武汉英中高级中学
前程无忧,计算机,手机软件开发工程师 武汉,4500,武汉,1年及以上,本科,深圳市传佳音科技
前程无忧,计算机,计算机软件工程师,7000,武汉,1-3年,本科,武汉武高电测电气
前程无忧,计算机,双语计算机教师,12500,武汉,3-4年,本科,武汉康礼高级中学
前程无忧,计算机,英文学术编辑（生物/化学/食品/土木/计算机/管理）,5000,武汉,1年,本科,武汉中科研途信息科技
前程无忧,计算机,实习计算机维修包住,5000,武汉,无需经验,不限,武汉市武昌区创千电脑维修服务店
前程无忧,计算机,专利代理人（电学/通信/计算机/机械）,7000,武汉,3-4年,本科,北京国昊天诚知识产权代理
前程无忧,计算机,销售主管（病理信息化软件销售）,6500,武汉,3年及以上,本科,湖北嘉信隆科技
前程无忧,计算机,计算机方向教师,100000,武汉,无需经验,硕士,湖北商贸学院
前程无忧,计算机,信息与计算机学院公共课专任教师,6500,武汉,无需经验,硕士,武汉文理学院
前程无忧,计算机,中职计算机（人工智能方向）教师 （仙桃）,6500,武汉,2年及以上,本科,仙桃市沔阳技工学校
前程无忧,计算机,计算机教师,5250,武汉,2年及以上,本科,湖北汽车工业实验技工学校
前程无忧,计算机,计算机AI研发,3000,武汉,无需经验,本科,武汉萌未来人工智能科技
前程无忧,计算机,计算机专业教师,18000,武汉,无需经验,博士,武昌工学院
前程无忧,计算机,计算机类专业数字媒体技术方向专任教师,90000,武汉,无需经验,硕士,湖北商贸学院
前程无忧,计算机,计算机专业班主任,6500,武汉,无需经验,硕士,苏州研途教育科技
前程无忧,计算机,国际学校计算机科学老师,20000,武汉,1-3年,本科,武汉光谷康桥高级中学
前程无忧,计算机,双语计算机教师,12500,武汉,3-4年,本科,武汉康礼高级中学
前程无忧,计算机,博士高级人才—计算机科学与技术学院专任教师,250000,武汉,3年及以上,博士,湖北商贸学院
前程无忧,计算机,个性化服务部高中数学/物理/经济/化学/计算机培训老师,15000,武汉,1年及以上,本科,武汉英中高级中学
前程无忧,计算机,工业计算机组装调试操作工,4250,武汉,3年及以上,中技/中专,米力达（武汉）科技
前程无忧,计算机,计算机系统验证工程师,9000,武汉,2年,本科,武汉点风信息科技
前程无忧,计算机,实验员（计算机科学与技术学院）,80000,武汉,无需经验,硕士,湖北商贸学院
前程无忧,计算机,计算机视觉算法工程师,18000,武汉,1年及以上,硕士,武汉港迪智能技术
前程无忧,计算机,计算机软件工程师,7000,武汉,1-3年,本科,武汉武高电测电气
前程无忧,计算机,专利代理人（电学/通信/计算机/机械）,7000,武汉,3-4年,本科,北京国昊天诚知识产权代理
前程无忧,计算机,手机软件开发工程师 武汉,4500,武汉,1年及以上,本科,深圳市传佳音科技
前程无忧,计算机,销售主管（病理信息化软件销售）,6500,武汉,3年及以上,本科,湖北嘉信隆科技
前程无忧,计算机,计算机方向教师,100000,武汉,无需经验,硕士,湖北商贸学院
前程无忧,计算机,信息与计算机学院公共课专任教师,6500,武汉,无需经验,硕士,武汉文理学院
前程无忧,计算机,中职计算机（人工智能方向）教师 （仙桃）,6500,武汉,2年及以上,本科,仙桃市沔阳技工学校
前程无忧,计算机,计算机教师,5250,武汉,2年及以上,本科,湖北汽车工业实验技工学校
前程无忧,计算机,计算机AI研发,3000,武汉,无需经验,本科,武汉萌未来人工智能科技
前程无忧,计算机,计算机专业教师,18000,武汉,无需经验,博士,武昌工学院
前程无忧,计算机,计算机类专业数字媒体技术方向专任教师,90000,武汉,无需经验,硕士,湖北商贸学院
前程无忧,计算机,计算机专业班主任,6500,武汉,无需经验,硕士,苏州研途教育科技
前程无忧,计算机,国际学校计算机科学老师,20000,武汉,1-3年,本科,武汉光谷康桥高级中学
前程无忧,计算机,双语计算机教师,12500,武汉,3-4年,本科,武汉康礼高级中学
前程无忧,计算机,博士高级人才—计算机科学与技术学院专任教师,250000,武汉,3年及以上,博士,湖北商贸学院
前程无忧,计算机,个性化服务部高中数学/物理/经济/化学/计算机培训老师,15000,武汉,1年及以上,本科,武汉英中高级中学
前程无忧,计算机,工业计算机组装调试操作工,4250,武汉,3年及以上,中技/中专,米力达（武汉）科技
前程无忧,计算机,计算机系统验证工程师,9000,武汉,2年,本科,武汉点风信息科技
前程无忧,计算机,实验员（计算机科学与技术学院）,80000,武汉,无需经验,硕士,湖北商贸学院
前程无忧,计算机,计算机视觉算法工程师,18000,武汉,1年及以上,硕士,武汉港迪智能技术
前程无忧,计算机,计算机软件工程师,7000,武汉,1-3年,本科,武汉武高电测电气
前程无忧,计算机,专利代理人（电学/通信/计算机/机械）,7000,武汉,3-4年,本科,北京国昊天诚知识产权代理
前程无忧,计算机,手机软件开发工程师 武汉,4500,武汉,1年及以上,本科,深圳市传佳音科技
前程无忧,计算机,销售主管（病理信息化软件销售）,6500,武汉,3年及以上,本科,湖北嘉信隆科技
前程无忧,计算机,计算机方向教师,100000,武汉,无需经验,硕士,湖北商贸学院
前程无忧,计算机,信息与计算机学院公共课专任教师,6500,武汉,无需经验,硕士,武汉文理学院
前程无忧,计算机,中职计算机（人工智能方向）教师 （仙桃）,6500,武汉,2年及以上,本科,仙桃市沔阳技工学校
前程无忧,计算机,计算机教师,5250,武汉,2年及以上,本科,湖北汽车工业实验技工学校
前程无忧,计算机,计算机AI研发,3000,武汉,无需经验,本科,武汉萌未来人工智能科技
前程无忧,计算机,计算机专业教师,18000,武汉,无需经验,博士,武昌工学院
前程无忧,计算机,计算机类专业数字媒体技术方向专任教师,90000,武汉,无需经验,硕士,湖北商贸学院
前程无忧,计算机,计算机专业班主任,6500,武汉,无需经验,硕士,苏州研途教育科技
前程无忧,计算机,国际学校计算机科学老师,20000,武汉,1-3年,本科,武汉光谷康桥高级中学
前程无忧,计算机,双语计算机教师,12500,武汉,3-4年,本科,武汉康礼高级中学
前程无忧,计算机,博士高级人才—计算机科学与技术学院专任教师,250000,武汉,3年及以上,博士,湖北商贸学院
前程无忧,计算机,个性化服务部高中数学/物理/经济/化学/计算机培训老师,15000,武汉,1年及以上,本科,武汉英中高级中学
前程无忧,计算机,工业计算机组装调试操作工,4250,武汉,3年及以上,中技/中专,米力达（武汉）科技
前程无忧,计算机,计算机系统验证工程师,9000,武汉,2年,本科,武汉点风信息科技
前程无忧,计算机,实验员（计算机科学与技术学院）,80000,武汉,无需经验,硕士,湖北商贸学院
前程无忧,计算机,计算机视觉算法工程师,18000,武汉,1年及以上,硕士,武汉港迪智能技术
前程无忧,计算机,计算机软件工程师,7000,武汉,1-3年,本科,武汉武高电测电气
前程无忧,计算机,专利代理人（电学/通信/计算机/机械）,7000,武汉,3-4年,本科,北京国昊天诚知识产权代理
前程无忧,计算机,手机软件开发工程师 武汉,4500,武汉,1年及以上,本科,深圳市传佳音科技
前程无忧,计算机,信息与计算机学院公共课专任教师,6500,武汉,无需经验,硕士,武汉文理学院
前程无忧,计算机,计算机专业班主任,6500,武汉,无需经验,硕士,苏州研途教育科技
前程无忧,计算机,计算机类专业数字媒体技术方向专任教师,90000,武汉,无需经验,硕士,湖北商贸学院
前程无忧,计算机,计算机方向教师,100000,武汉,无需经验,硕士,湖北商贸学院
前程无忧,计算机,实验员（计算机科学与技术学院）,80000,武汉,无需经验,硕士,湖北商贸学院
前程无忧,计算机,计算机教师,5250,武汉,2年及以上,本科,湖北汽车工业实验技工学校
前程无忧,计算机,计算机专业教师,18000,武汉,无需经验,博士,武昌工学院
前程无忧,计算机,中职计算机（人工智能方向）教师 （仙桃）,6500,武汉,2年及以上,本科,仙桃市沔阳技工学校
前程无忧,计算机,计算机视觉算法工程师,18000,武汉,1年及以上,硕士,武汉港迪智能技术
前程无忧,计算机,英文学术期刊编辑（出版社）计算机/生物/食品/环境,5000,武汉,无需经验,本科,武汉中科研途信息科技
前程无忧,计算机,国际学校计算机科学老师,20000,武汉,1-3年,本科,武汉光谷康桥高级中学
前程无忧,计算机,计算机AI研发,3000,武汉,无需经验,本科,武汉萌未来人工智能科技
前程无忧,计算机,博士高级人才—计算机科学与技术学院专任教师,250000,武汉,3年及以上,博士,湖北商贸学院
前程无忧,计算机,个性化服务部高中数学/物理/经济/化学/计算机培训老师,15000,武汉,1年及以上,本科,武汉英中高级中学
前程无忧,计算机,手机软件开发工程师 武汉,4500,武汉,1年及以上,本科,深圳市传佳音科技
前程无忧,计算机,计算机软件工程师,7000,武汉,1-3年,本科,武汉武高电测电气
前程无忧,计算机,双语计算机教师,12500,武汉,3-4年,本科,武汉康礼高级中学
前程无忧,计算机,英文学术编辑（生物/化学/食品/土木/计算机/管理）,5000,武汉,1年,本科,武汉中科研途信息科技
前程无忧,计算机,实习计算机维修包住,5000,武汉,无需经验,不限,武汉市武昌区创千电脑维修服务店
前程无忧,计算机,专利代理人（电学/通信/计算机/机械）,7000,武汉,3-4年,本科,北京国昊天诚知识产权代理
前程无忧,计算机,手机软件开发工程师 武汉,4500,武汉,1年及以上,本科,深圳市传佳音科技
前程无忧,计算机,金融AI助理,6000,武汉,3年及以上,本科,中国平安人寿保险
前程无忧,计算机,it运维工程师,7000,武汉,1年及以上,大专,上海普炳软件科技
前程无忧,计算机,计算机软件工程师,7000,武汉,1-3年,本科,武汉武高电测电气
前程无忧,计算机,计算机AI研发,3000,武汉,无需经验,本科,武汉萌未来人工智能科技
前程无忧,计算机,中职计算机（人工智能方向）教师 （仙桃）,6500,武汉,2年及以上,本科,仙桃市沔阳技工学校
前程无忧,计算机,计算机方向教师,100000,武汉,无需经验,硕士,湖北商贸学院
前程无忧,计算机,计算机类专业数字媒体技术方向专任教师,90000,武汉,无需经验,硕士,湖北商贸学院
前程无忧,计算机,计算机教师,5250,武汉,2年及以上,本科,湖北汽车工业实验技工学校
前程无忧,计算机,计算机辅助设计工程师,6000,武汉,1年及以上,大专,贵州恒创顺互联网科技
前程无忧,计算机,计算机系统验证工程师,9000,武汉,2年,本科,武汉点风信息科技
前程无忧,计算机,信息与计算机学院公共课专任教师,6500,武汉,无需经验,硕士,武汉文理学院
前程无忧,计算机,高级计算机视觉算法工程师,27500,武汉,5年及以上,硕士,武汉港迪智能技术
前程无忧,计算机,计算机视觉算法工程师,18000,武汉,1年及以上,硕士,武汉港迪智能技术
前程无忧,计算机,计算机专业教师,18000,武汉,无需经验,博士,武昌工学院
前程无忧,计算机,机械工程师,6000,武汉,1年及以上,大专,湖北卡玛云智能
前程无忧,计算机,国际学校计算机科学老师,20000,武汉,1-3年,本科,武汉光谷康桥高级中学
前程无忧,计算机,计算机专业班主任,6500,武汉,无需经验,硕士,苏州研途教育科技
前程无忧,计算机,实习计算机维修包住,5000,武汉,无需经验,不限,武汉市武昌区创千电脑维修服务店
前程无忧,计算机,双语计算机教师,12500,武汉,3-4年,本科,武汉康礼高级中学
前程无忧,计算机,销售主管（病理信息化软件销售）,6500,武汉,3年及以上,本科,湖北嘉信隆科技
前程无忧,计算机,计算机方向教师,100000,武汉,无需经验,硕士,湖北商贸学院
前程无忧,计算机,信息与计算机学院公共课专任教师,6500,武汉,无需经验,硕士,武汉文理学院
前程无忧,计算机,中职计算机（人工智能方向）教师 （仙桃）,6500,武汉,2年及以上,本科,仙桃市沔阳技工学校
前程无忧,计算机,计算机教师,5250,武汉,2年及以上,本科,湖北汽车工业实验技工学校
前程无忧,计算机,计算机AI研发,3000,武汉,无需经验,本科,武汉萌未来人工智能科技
前程无忧,计算机,计算机专业教师,18000,武汉,无需经验,博士,武昌工学院
前程无忧,计算机,计算机类专业数字媒体技术方向专任教师,90000,武汉,无需经验,硕士,湖北商贸学院
前程无忧,计算机,计算机专业班主任,6500,武汉,无需经验,硕士,苏州研途教育科技
前程无忧,计算机,国际学校计算机科学老师,20000,武汉,1-3年,本科,武汉光谷康桥高级中学
前程无忧,计算机,双语计算机教师,12500,武汉,3-4年,本科,武汉康礼高级中学
前程无忧,计算机,博士高级人才—计算机科学与技术学院专任教师,250000,武汉,3年及以上,博士,湖北商贸学院
前程无忧,计算机,个性化服务部高中数学/物理/经济/化学/计算机培训老师,15000,武汉,1年及以上,本科,武汉英中高级中学
前程无忧,计算机,工业计算机组装调试操作工,4250,武汉,3年及以上,中技/中专,米力达（武汉）科技
前程无忧,计算机,计算机系统验证工程师,9000,武汉,2年,本科,武汉点风信息科技
前程无忧,计算机,实验员（计算机科学与技术学院）,80000,武汉,无需经验,硕士,湖北商贸学院
前程无忧,计算机,计算机视觉算法工程师,18000,武汉,1年及以上,硕士,武汉港迪智能技术
前程无忧,计算机,计算机软件工程师,7000,武汉,1-3年,本科,武汉武高电测电气
前程无忧,计算机,专利代理人（电学/通信/计算机/机械）,7000,武汉,3-4年,本科,北京国昊天诚知识产权代理
前程无忧,计算机,手机软件开发工程师 武汉,4500,武汉,1年及以上,本科,深圳市传佳音科技
前程无忧,计算机,信息与计算机学院公共课专任教师,6500,武汉,无需经验,硕士,武汉文理学院
前程无忧,计算机,计算机专业班主任,6500,武汉,无需经验,硕士,苏州研途教育科技
前程无忧,计算机,计算机类专业数字媒体技术方向专任教师,90000,武汉,无需经验,硕士,湖北商贸学院
前程无忧,计算机,计算机方向教师,100000,武汉,无需经验,硕士,湖北商贸学院
前程无忧,计算机,实验员（计算机科学与技术学院）,80000,武汉,无需经验,硕士,湖北商贸学院
前程无忧,计算机,计算机教师,5250,武汉,2年及以上,本科,湖北汽车工业实验技工学校
前程无忧,计算机,计算机专业教师,18000,武汉,无需经验,博士,武昌工学院
前程无忧,计算机,中职计算机（人工智能方向）教师 （仙桃）,6500,武汉,2年及以上,本科,仙桃市沔阳技工学校
前程无忧,计算机,计算机视觉算法工程师,18000,武汉,1年及以上,硕士,武汉港迪智能技术
前程无忧,计算机,英文学术期刊编辑（出版社）计算机/生物/食品/环境,5000,武汉,无需经验,本科,武汉中科研途信息科技
前程无忧,计算机,国际学校计算机科学老师,20000,武汉,1-3年,本科,武汉光谷康桥高级中学
前程无忧,计算机,计算机AI研发,3000,武汉,无需经验,本科,武汉萌未来人工智能科技
前程无忧,计算机,博士高级人才—计算机科学与技术学院专任教师,250000,武汉,3年及以上,博士,湖北商贸学院
前程无忧,计算机,个性化服务部高中数学/物理/经济/化学/计算机培训老师,15000,武汉,1年及以上,本科,武汉英中高级中学
前程无忧,计算机,手机软件开发工程师 武汉,4500,武汉,1年及以上,本科,深圳市传佳音科技
前程无忧,计算机,计算机软件工程师,7000,武汉,1-3年,本科,武汉武高电测电气
前程无忧,计算机,双语计算机教师,12500,武汉,3-4年,本科,武汉康礼高级中学
前程无忧,计算机,英文学术编辑（生物/化学/食品/土木/计算机/管理）,5000,武汉,1年,本科,武汉中科研途信息科技
前程无忧,计算机,实习计算机维修包住,5000,武汉,无需经验,不限,武汉市武昌区创千电脑维修服务店
前程无忧,计算机,专利代理人（电学/通信/计算机/机械）,7000,武汉,3-4年,本科,北京国昊天诚知识产权代理
前程无忧,计算机,中职计算机（人工智能方向）教师 （仙桃）,6500,武汉,2年及以上,本科,仙桃市沔阳技工学校
前程无忧,计算机,国际学校计算机科学老师,20000,武汉,1-3年,本科,武汉光谷康桥高级中学
前程无忧,计算机,人工智能（具身机器人）,18000,武汉,无需经验,博士,武昌工学院
前程无忧,计算机,AI应用部署工程师,7000,武汉,1年,本科,上海小加科技
前程无忧,计算机,算法工程师,30000,武汉,3年及以上,本科,武汉衷华脑机融合科技发展
前程无忧,计算机,AI前线部署工程师（FDE),6000,武汉,1年及以上,本科,湖北连邦云创科技
前程无忧,计算机,人形机器人工程师,20000,武汉,1-3年,硕士,武汉半边天医疗技术发展
前程无忧,计算机,高级相机研发工程师,30000,武汉,3年及以上,本科,海仕德（武汉）人才科技
前程无忧,计算机,机器人测试工程师,8000,武汉,3年及以上,本科,武汉首义人才服务
前程无忧,计算机,电机控制软件工程师,6000,武汉,3年及以上,本科,武汉科天科技
前程无忧,计算机,高级视觉开发工程师,20000,武汉,5-10年,本科,湖北华锦智能自动化装备
前程无忧,计算机,嵌入式单片机工程师,21500,武汉,6年及以上,本科,深圳市智莱科技
前程无忧,计算机,无人机设计工程师,25000,武汉,5年及以上,硕士,中船凌久航信科技（武汉）
前程无忧,计算机,机械专业检验员,5250,武汉,2年及以上,大专,武汉客车制造
前程无忧,计算机,面包车司机,5250,武汉,3年及以上,初中及以下,武汉砼安绿建科技
前程无忧,计算机,运维工程师,5250,武汉,1-2年,大专,挚诚计算机系统工程
前程无忧,计算机,董事长司机兼保镖,8000,武汉,3年及以上,本科,武汉天琪激光设备制造
前程无忧,计算机,交通网络技术员,9000,武汉,3年及以上,本科,武汉银江创享科技企业孵化器管理
前程无忧,计算机,IT工程师,7000,武汉,3年及以上,本科,武汉恩达通科技
前程无忧,计算机,销售主管（病理信息化软件销售）,6500,武汉,3年及以上,本科,湖北嘉信隆科技
前程无忧,计算机,计算机方向教师,100000,武汉,无需经验,硕士,湖北商贸学院
前程无忧,计算机,信息与计算机学院公共课专任教师,6500,武汉,无需经验,硕士,武汉文理学院
前程无忧,计算机,中职计算机（人工智能方向）教师 （仙桃）,6500,武汉,2年及以上,本科,仙桃市沔阳技工学校
前程无忧,计算机,计算机教师,5250,武汉,2年及以上,本科,湖北汽车工业实验技工学校
前程无忧,计算机,计算机AI研发,3000,武汉,无需经验,本科,武汉萌未来人工智能科技
前程无忧,计算机,计算机专业教师,18000,武汉,无需经验,博士,武昌工学院
前程无忧,计算机,计算机类专业数字媒体技术方向专任教师,90000,武汉,无需经验,硕士,湖北商贸学院
前程无忧,计算机,计算机专业班主任,6500,武汉,无需经验,硕士,苏州研途教育科技
前程无忧,计算机,国际学校计算机科学老师,20000,武汉,1-3年,本科,武汉光谷康桥高级中学
前程无忧,计算机,双语计算机教师,12500,武汉,3-4年,本科,武汉康礼高级中学
前程无忧,计算机,博士高级人才—计算机科学与技术学院专任教师,250000,武汉,3年及以上,博士,湖北商贸学院
前程无忧,计算机,个性化服务部高中数学/物理/经济/化学/计算机培训老师,15000,武汉,1年及以上,本科,武汉英中高级中学
前程无忧,计算机,工业计算机组装调试操作工,4250,武汉,3年及以上,中技/中专,米力达（武汉）科技
前程无忧,计算机,计算机系统验证工程师,9000,武汉,2年,本科,武汉点风信息科技
前程无忧,计算机,实验员（计算机科学与技术学院）,80000,武汉,无需经验,硕士,湖北商贸学院
前程无忧,计算机,计算机视觉算法工程师,18000,武汉,1年及以上,硕士,武汉港迪智能技术
前程无忧,计算机,计算机软件工程师,7000,武汉,1-3年,本科,武汉武高电测电气
前程无忧,计算机,专利代理人（电学/通信/计算机/机械）,7000,武汉,3-4年,本科,北京国昊天诚知识产权代理
前程无忧,计算机,手机软件开发工程师 武汉,4500,武汉,1年及以上,本科,深圳市传佳音科技
前程无忧,计算机,信息与计算机学院公共课专任教师,6500,武汉,无需经验,硕士,武汉文理学院
前程无忧,计算机,计算机专业班主任,6500,武汉,无需经验,硕士,苏州研途教育科技
前程无忧,计算机,计算机类专业数字媒体技术方向专任教师,90000,武汉,无需经验,硕士,湖北商贸学院
前程无忧,计算机,计算机方向教师,100000,武汉,无需经验,硕士,湖北商贸学院
前程无忧,计算机,实验员（计算机科学与技术学院）,80000,武汉,无需经验,硕士,湖北商贸学院
前程无忧,计算机,计算机教师,5250,武汉,2年及以上,本科,湖北汽车工业实验技工学校
前程无忧,计算机,计算机专业教师,18000,武汉,无需经验,博士,武昌工学院
前程无忧,计算机,中职计算机（人工智能方向）教师 （仙桃）,6500,武汉,2年及以上,本科,仙桃市沔阳技工学校
前程无忧,计算机,计算机视觉算法工程师,18000,武汉,1年及以上,硕士,武汉港迪智能技术
前程无忧,计算机,英文学术期刊编辑（出版社）计算机/生物/食品/环境,5000,武汉,无需经验,本科,武汉中科研途信息科技
前程无忧,计算机,国际学校计算机科学老师,20000,武汉,1-3年,本科,武汉光谷康桥高级中学
前程无忧,计算机,计算机AI研发,3000,武汉,无需经验,本科,武汉萌未来人工智能科技
前程无忧,计算机,博士高级人才—计算机科学与技术学院专任教师,250000,武汉,3年及以上,博士,湖北商贸学院
前程无忧,计算机,个性化服务部高中数学/物理/经济/化学/计算机培训老师,15000,武汉,1年及以上,本科,武汉英中高级中学
前程无忧,计算机,手机软件开发工程师 武汉,4500,武汉,1年及以上,本科,深圳市传佳音科技
前程无忧,计算机,计算机软件工程师,7000,武汉,1-3年,本科,武汉武高电测电气
前程无忧,计算机,双语计算机教师,12500,武汉,3-4年,本科,武汉康礼高级中学
前程无忧,计算机,英文学术编辑（生物/化学/食品/土木/计算机/管理）,5000,武汉,1年,本科,武汉中科研途信息科技
前程无忧,计算机,实习计算机维修包住,5000,武汉,无需经验,不限,武汉市武昌区创千电脑维修服务店
前程无忧,计算机,专利代理人（电学/通信/计算机/机械）,7000,武汉,3-4年,本科,北京国昊天诚知识产权代理
前程无忧,计算机,信息与计算机学院公共课专任教师,6500,武汉,无需经验,硕士,武汉文理学院
前程无忧,计算机,计算机专业班主任,6500,武汉,无需经验,硕士,苏州研途教育科技
前程无忧,计算机,计算机类专业数字媒体技术方向专任教师,90000,武汉,无需经验,硕士,湖北商贸学院
前程无忧,计算机,计算机方向教师,100000,武汉,无需经验,硕士,湖北商贸学院
前程无忧,计算机,实验员（计算机科学与技术学院）,80000,武汉,无需经验,硕士,湖北商贸学院
前程无忧,计算机,计算机教师,5250,武汉,2年及以上,本科,湖北汽车工业实验技工学校
前程无忧,计算机,计算机专业教师,18000,武汉,无需经验,博士,武昌工学院
前程无忧,计算机,中职计算机（人工智能方向）教师 （仙桃）,6500,武汉,2年及以上,本科,仙桃市沔阳技工学校
前程无忧,计算机,计算机视觉算法工程师,18000,武汉,1年及以上,硕士,武汉港迪智能技术
前程无忧,计算机,英文学术期刊编辑（出版社）计算机/生物/食品/环境,5000,武汉,无需经验,本科,武汉中科研途信息科技
前程无忧,计算机,国际学校计算机科学老师,20000,武汉,1-3年,本科,武汉光谷康桥高级中学
前程无忧,计算机,计算机AI研发,3000,武汉,无需经验,本科,武汉萌未来人工智能科技
前程无忧,计算机,博士高级人才—计算机科学与技术学院专任教师,250000,武汉,3年及以上,博士,湖北商贸学院
前程无忧,计算机,个性化服务部高中数学/物理/经济/化学/计算机培训老师,15000,武汉,1年及以上,本科,武汉英中高级中学
前程无忧,计算机,手机软件开发工程师 武汉,4500,武汉,1年及以上,本科,深圳市传佳音科技
前程无忧,计算机,计算机软件工程师,7000,武汉,1-3年,本科,武汉武高电测电气
前程无忧,计算机,双语计算机教师,12500,武汉,3-4年,本科,武汉康礼高级中学
前程无忧,计算机,英文学术编辑（生物/化学/食品/土木/计算机/管理）,5000,武汉,1年,本科,武汉中科研途信息科技
前程无忧,计算机,实习计算机维修包住,5000,武汉,无需经验,不限,武汉市武昌区创千电脑维修服务店
前程无忧,计算机,专利代理人（电学/通信/计算机/机械）,7000,武汉,3-4年,本科,北京国昊天诚知识产权代理
前程无忧,计算机,销售主管（病理信息化软件销售）,6500,武汉,3年及以上,本科,湖北嘉信隆科技
前程无忧,计算机,计算机方向教师,100000,武汉,无需经验,硕士,湖北商贸学院
前程无忧,计算机,信息与计算机学院公共课专任教师,6500,武汉,无需经验,硕士,武汉文理学院
前程无忧,计算机,中职计算机（人工智能方向）教师 （仙桃）,6500,武汉,2年及以上,本科,仙桃市沔阳技工学校
前程无忧,计算机,计算机教师,5250,武汉,2年及以上,本科,湖北汽车工业实验技工学校
前程无忧,计算机,计算机AI研发,3000,武汉,无需经验,本科,武汉萌未来人工智能科技
前程无忧,计算机,计算机专业教师,18000,武汉,无需经验,博士,武昌工学院
前程无忧,计算机,计算机类专业数字媒体技术方向专任教师,90000,武汉,无需经验,硕士,湖北商贸学院
前程无忧,计算机,计算机专业班主任,6500,武汉,无需经验,硕士,苏州研途教育科技
前程无忧,计算机,国际学校计算机科学老师,20000,武汉,1-3年,本科,武汉光谷康桥高级中学
前程无忧,计算机,双语计算机教师,12500,武汉,3-4年,本科,武汉康礼高级中学
前程无忧,计算机,博士高级人才—计算机科学与技术学院专任教师,250000,武汉,3年及以上,博士,湖北商贸学院
前程无忧,计算机,个性化服务部高中数学/物理/经济/化学/计算机培训老师,15000,武汉,1年及以上,本科,武汉英中高级中学
前程无忧,计算机,工业计算机组装调试操作工,4250,武汉,3年及以上,中技/中专,米力达（武汉）科技
前程无忧,计算机,计算机系统验证工程师,9000,武汉,2年,本科,武汉点风信息科技
前程无忧,计算机,实验员（计算机科学与技术学院）,80000,武汉,无需经验,硕士,湖北商贸学院
前程无忧,计算机,计算机视觉算法工程师,18000,武汉,1年及以上,硕士,武汉港迪智能技术
前程无忧,计算机,计算机软件工程师,7000,武汉,1-3年,本科,武汉武高电测电气
前程无忧,计算机,专利代理人（电学/通信/计算机/机械）,7000,武汉,3-4年,本科,北京国昊天诚知识产权代理
前程无忧,计算机,手机软件开发工程师 武汉,4500,武汉,1年及以上,本科,深圳市传佳音科技
前程无忧,计算机,手机软件开发工程师 武汉,4500,武汉,1年及以上,本科,深圳市传佳音科技
前程无忧,计算机,金融AI助理,6000,武汉,3年及以上,本科,中国平安人寿保险
前程无忧,计算机,it运维工程师,7000,武汉,1年及以上,大专,上海普炳软件科技
前程无忧,计算机,计算机软件工程师,7000,武汉,1-3年,本科,武汉武高电测电气
前程无忧,计算机,计算机AI研发,3000,武汉,无需经验,本科,武汉萌未来人工智能科技
前程无忧,计算机,中职计算机（人工智能方向）教师 （仙桃）,6500,武汉,2年及以上,本科,仙桃市沔阳技工学校
前程无忧,计算机,计算机方向教师,100000,武汉,无需经验,硕士,湖北商贸学院
前程无忧,计算机,计算机类专业数字媒体技术方向专任教师,90000,武汉,无需经验,硕士,湖北商贸学院
前程无忧,计算机,计算机教师,5250,武汉,2年及以上,本科,湖北汽车工业实验技工学校
前程无忧,计算机,计算机辅助设计工程师,6000,武汉,1年及以上,大专,贵州恒创顺互联网科技
前程无忧,计算机,计算机系统验证工程师,9000,武汉,2年,本科,武汉点风信息科技
前程无忧,计算机,信息与计算机学院公共课专任教师,6500,武汉,无需经验,硕士,武汉文理学院
前程无忧,计算机,高级计算机视觉算法工程师,27500,武汉,5年及以上,硕士,武汉港迪智能技术
前程无忧,计算机,计算机视觉算法工程师,18000,武汉,1年及以上,硕士,武汉港迪智能技术
前程无忧,计算机,计算机专业教师,18000,武汉,无需经验,博士,武昌工学院
前程无忧,计算机,机械工程师,6000,武汉,1年及以上,大专,湖北卡玛云智能
前程无忧,计算机,国际学校计算机科学老师,20000,武汉,1-3年,本科,武汉光谷康桥高级中学
前程无忧,计算机,计算机专业班主任,6500,武汉,无需经验,硕士,苏州研途教育科技
前程无忧,计算机,实习计算机维修包住,5000,武汉,无需经验,不限,武汉市武昌区创千电脑维修服务店
前程无忧,计算机,双语计算机教师,12500,武汉,3-4年,本科,武汉康礼高级中学
前程无忧,计算机,计算机学院教师,6000,西安,无需经验,硕士,西安汽车职业大学
前程无忧,计算机,计算机专业任课教师,400,西安,1年,本科,西安建筑工程技师学院
前程无忧,计算机,计算机教师,4000,西安,1年,大专,陕西精工数码技术学校
前程无忧,计算机,计算机信息类教师,6000,西安,2年及以上,硕士,西安科技大学高新学院
前程无忧,计算机,计算机系统集成工程师,5500,西安,3年及以上,本科,西安九州艾维航空科技
前程无忧,计算机,专利代理人（电学/通信/计算机/机械）,7000,西安,3-4年,本科,北京国昊天诚知识产权代理
前程无忧,计算机,信息技术老师,6500,西安,1-3年,本科,西安鸿德高级中学
前程无忧,计算机,Java开发工程师（对公信贷方向）,12500,西安,4年及以上,本科,中数金智（上海）科技
前程无忧,计算机,销售工程师,7000,西安,3年及以上,本科,深圳市骏龙电子
前程无忧,计算机,软件销售专员,4500,西安,1年及以上,本科,西安臻益信息技术
前程无忧,计算机,保密专员,6000,西安,3年及以上,本科,西安大合智能科技
前程无忧,计算机,嵌入式工程师(车载）,12000,西安,2年及以上,本科,江苏泽景汽车电子
前程无忧,计算机,硬件工程师,20000,西安,3年及以上,本科,深圳市安卫普科技
前程无忧,计算机,物联网技术工程师,12500,西安,1年及以上,本科,西安酩携棚科技
前程无忧,计算机,销售经理,8000,西安,5年及以上,大专,陕西迪凯机电科技
前程无忧,计算机,嵌入式软件工程师,21500,西安,3年及以上,本科,广东曼克维通信科技
前程无忧,计算机,理赔项目运营经理,12500,西安,3年及以上,大专,上海敬之网络科技
前程无忧,计算机,汽车座椅设计工程师-西安,16500,西安,3年及以上,大专,前锦网络信息技术（上海）
前程无忧,计算机,视频剪辑专员,4500,西安,1年及以上,大专,陕西慧澜科技
前程无忧,计算机,机电智能设备教师,400,西安,2年及以上,本科,西安建筑工程技师学院
前程无忧,计算机,计算机学院教师,6000,西安,无需经验,硕士,西安汽车职业大学
前程无忧,计算机,计算机专业任课教师,400,西安,1年,本科,西安建筑工程技师学院
前程无忧,计算机,计算机教师,4000,西安,1年,大专,陕西精工数码技术学校
前程无忧,计算机,计算机信息类教师,6000,西安,2年及以上,硕士,西安科技大学高新学院
前程无忧,计算机,计算机系统集成工程师,5500,西安,3年及以上,本科,西安九州艾维航空科技
前程无忧,计算机,专利代理人（电学/通信/计算机/机械）,7000,西安,3-4年,本科,北京国昊天诚知识产权代理
前程无忧,计算机,信息技术老师,6500,西安,1-3年,本科,西安鸿德高级中学
前程无忧,计算机,Java开发工程师（对公信贷方向）,12500,西安,4年及以上,本科,中数金智（上海）科技
前程无忧,计算机,销售工程师,7000,西安,3年及以上,本科,深圳市骏龙电子
前程无忧,计算机,软件销售专员,4500,西安,1年及以上,本科,西安臻益信息技术
前程无忧,计算机,保密专员,6000,西安,3年及以上,本科,西安大合智能科技
前程无忧,计算机,嵌入式工程师(车载）,12000,西安,2年及以上,本科,江苏泽景汽车电子
前程无忧,计算机,硬件工程师,20000,西安,3年及以上,本科,深圳市安卫普科技
前程无忧,计算机,物联网技术工程师,12500,西安,1年及以上,本科,西安酩携棚科技
前程无忧,计算机,销售经理,8000,西安,5年及以上,大专,陕西迪凯机电科技
前程无忧,计算机,嵌入式软件工程师,21500,西安,3年及以上,本科,广东曼克维通信科技
前程无忧,计算机,理赔项目运营经理,12500,西安,3年及以上,大专,上海敬之网络科技
前程无忧,计算机,汽车座椅设计工程师-西安,16500,西安,3年及以上,大专,前锦网络信息技术（上海）
前程无忧,计算机,视频剪辑专员,4500,西安,1年及以上,大专,陕西慧澜科技
前程无忧,计算机,机电智能设备教师,400,西安,2年及以上,本科,西安建筑工程技师学院
前程无忧,计算机,计算机信息类教师,6000,西安,2年及以上,硕士,西安科技大学高新学院
前程无忧,计算机,计算机学院教师,6000,西安,无需经验,硕士,西安汽车职业大学
前程无忧,计算机,计算机系统集成工程师,5500,西安,3年及以上,本科,西安九州艾维航空科技
前程无忧,计算机,计算机教师,4000,西安,1年,大专,陕西精工数码技术学校
前程无忧,计算机,计算机专业任课教师,400,西安,1年,本科,西安建筑工程技师学院
前程无忧,计算机,专利代理人（电学/通信/计算机/机械）,7000,西安,3-4年,本科,北京国昊天诚知识产权代理
前程无忧,计算机,Java开发工程师（对公信贷方向）,12500,西安,4年及以上,本科,中数金智（上海）科技
前程无忧,计算机,销售工程师,7000,西安,3年及以上,本科,深圳市骏龙电子
前程无忧,计算机,软件销售专员,4500,西安,1年及以上,本科,西安臻益信息技术
前程无忧,计算机,嵌入式工程师(车载）,12000,西安,2年及以上,本科,江苏泽景汽车电子
前程无忧,计算机,保密专员,6000,西安,3年及以上,本科,西安大合智能科技
前程无忧,计算机,硬件工程师,20000,西安,3年及以上,本科,深圳市安卫普科技
前程无忧,计算机,销售经理,8000,西安,5年及以上,大专,陕西迪凯机电科技
前程无忧,计算机,物联网技术工程师,12500,西安,1年及以上,本科,西安酩携棚科技
前程无忧,计算机,嵌入式软件工程师,21500,西安,3年及以上,本科,广东曼克维通信科技
前程无忧,计算机,理赔项目运营经理,12500,西安,3年及以上,大专,上海敬之网络科技
前程无忧,计算机,汽车座椅设计工程师-西安,16500,西安,3年及以上,大专,前锦网络信息技术（上海）
前程无忧,计算机,视频剪辑专员,4500,西安,1年及以上,大专,陕西慧澜科技
前程无忧,计算机,机电智能设备教师,400,西安,2年及以上,本科,西安建筑工程技师学院
前程无忧,计算机,（国企）人工智能平台开发（深度学习、机器学习算法）,30000,西安,3年及以上,硕士,前锦网络信息技术（上海）
前程无忧,计算机,计算机信息类教师,6000,西安,2年及以上,硕士,西安科技大学高新学院
前程无忧,计算机,计算机学院教师,6000,西安,无需经验,硕士,西安汽车职业大学
前程无忧,计算机,计算机教师,4000,西安,1年,大专,陕西精工数码技术学校
前程无忧,计算机,计算机系统集成工程师,5500,西安,3年及以上,本科,西安九州艾维航空科技
前程无忧,计算机,计算机专业任课教师,400,西安,1年,本科,西安建筑工程技师学院
前程无忧,计算机,专利代理人（电学/通信/计算机/机械）,7000,西安,3-4年,本科,北京国昊天诚知识产权代理
前程无忧,计算机,Java开发工程师（对公信贷方向）,12500,西安,4年及以上,本科,中数金智（上海）科技
前程无忧,计算机,销售工程师,7000,西安,3年及以上,本科,深圳市骏龙电子
前程无忧,计算机,软件销售专员,4500,西安,1年及以上,本科,西安臻益信息技术
前程无忧,计算机,嵌入式工程师(车载）,12000,西安,2年及以上,本科,江苏泽景汽车电子
前程无忧,计算机,保密专员,6000,西安,3年及以上,本科,西安大合智能科技
前程无忧,计算机,硬件工程师,20000,西安,3年及以上,本科,深圳市安卫普科技
前程无忧,计算机,销售经理,8000,西安,5年及以上,大专,陕西迪凯机电科技
前程无忧,计算机,物联网技术工程师,12500,西安,1年及以上,本科,西安酩携棚科技
前程无忧,计算机,嵌入式软件工程师,21500,西安,3年及以上,本科,广东曼克维通信科技
前程无忧,计算机,理赔项目运营经理,12500,西安,3年及以上,大专,上海敬之网络科技
前程无忧,计算机,汽车座椅设计工程师-西安,16500,西安,3年及以上,大专,前锦网络信息技术（上海）
前程无忧,计算机,视频剪辑专员,4500,西安,1年及以上,大专,陕西慧澜科技
前程无忧,计算机,机电智能设备教师,400,西安,2年及以上,本科,西安建筑工程技师学院
前程无忧,计算机,（国企）人工智能平台开发（深度学习、机器学习算法）,30000,西安,3年及以上,硕士,前锦网络信息技术（上海）
前程无忧,计算机,计算机学院教师,6000,西安,无需经验,硕士,西安汽车职业大学
前程无忧,计算机,计算机专业任课教师,400,西安,1年,本科,西安建筑工程技师学院
前程无忧,计算机,计算机教师,4000,西安,1年,大专,陕西精工数码技术学校
前程无忧,计算机,计算机信息类教师,6000,西安,2年及以上,硕士,西安科技大学高新学院
前程无忧,计算机,计算机系统集成工程师,5500,西安,3年及以上,本科,西安九州艾维航空科技
前程无忧,计算机,专利代理人（电学/通信/计算机/机械）,7000,西安,3-4年,本科,北京国昊天诚知识产权代理
前程无忧,计算机,信息技术老师,6500,西安,1-3年,本科,西安鸿德高级中学
前程无忧,计算机,Java开发工程师（对公信贷方向）,12500,西安,4年及以上,本科,中数金智（上海）科技
前程无忧,计算机,销售工程师,7000,西安,3年及以上,本科,深圳市骏龙电子
前程无忧,计算机,软件销售专员,4500,西安,1年及以上,本科,西安臻益信息技术
前程无忧,计算机,保密专员,6000,西安,3年及以上,本科,西安大合智能科技
前程无忧,计算机,嵌入式工程师(车载）,12000,西安,2年及以上,本科,江苏泽景汽车电子
前程无忧,计算机,硬件工程师,20000,西安,3年及以上,本科,深圳市安卫普科技
前程无忧,计算机,物联网技术工程师,12500,西安,1年及以上,本科,西安酩携棚科技
前程无忧,计算机,销售经理,8000,西安,5年及以上,大专,陕西迪凯机电科技
前程无忧,计算机,嵌入式软件工程师,21500,西安,3年及以上,本科,广东曼克维通信科技
前程无忧,计算机,理赔项目运营经理,12500,西安,3年及以上,大专,上海敬之网络科技
前程无忧,计算机,汽车座椅设计工程师-西安,16500,西安,3年及以上,大专,前锦网络信息技术（上海）
前程无忧,计算机,视频剪辑专员,4500,西安,1年及以上,大专,陕西慧澜科技
前程无忧,计算机,机电智能设备教师,400,西安,2年及以上,本科,西安建筑工程技师学院
前程无忧,计算机,计算机信息类教师,6000,西安,2年及以上,硕士,西安科技大学高新学院
前程无忧,计算机,计算机学院教师,6000,西安,无需经验,硕士,西安汽车职业大学
前程无忧,计算机,计算机教师,4000,西安,1年,大专,陕西精工数码技术学校
前程无忧,计算机,计算机系统集成工程师,5500,西安,3年及以上,本科,西安九州艾维航空科技
前程无忧,计算机,计算机专业任课教师,400,西安,1年,本科,西安建筑工程技师学院
前程无忧,计算机,专利代理人（电学/通信/计算机/机械）,7000,西安,3-4年,本科,北京国昊天诚知识产权代理
前程无忧,计算机,Java开发工程师（对公信贷方向）,12500,西安,4年及以上,本科,中数金智（上海）科技
前程无忧,计算机,销售工程师,7000,西安,3年及以上,本科,深圳市骏龙电子
前程无忧,计算机,软件销售专员,4500,西安,1年及以上,本科,西安臻益信息技术
前程无忧,计算机,嵌入式工程师(车载）,12000,西安,2年及以上,本科,江苏泽景汽车电子
前程无忧,计算机,保密专员,6000,西安,3年及以上,本科,西安大合智能科技
前程无忧,计算机,硬件工程师,20000,西安,3年及以上,本科,深圳市安卫普科技
前程无忧,计算机,销售经理,8000,西安,5年及以上,大专,陕西迪凯机电科技
前程无忧,计算机,物联网技术工程师,12500,西安,1年及以上,本科,西安酩携棚科技
前程无忧,计算机,嵌入式软件工程师,21500,西安,3年及以上,本科,广东曼克维通信科技
前程无忧,计算机,理赔项目运营经理,12500,西安,3年及以上,大专,上海敬之网络科技
前程无忧,计算机,汽车座椅设计工程师-西安,16500,西安,3年及以上,大专,前锦网络信息技术（上海）
前程无忧,计算机,视频剪辑专员,4500,西安,1年及以上,大专,陕西慧澜科技
前程无忧,计算机,机电智能设备教师,400,西安,2年及以上,本科,西安建筑工程技师学院
前程无忧,计算机,（国企）人工智能平台开发（深度学习、机器学习算法）,30000,西安,3年及以上,硕士,前锦网络信息技术（上海）
前程无忧,计算机,计算机信息类教师,6000,西安,2年及以上,硕士,西安科技大学高新学院
前程无忧,计算机,计算机学院教师,6000,西安,无需经验,硕士,西安汽车职业大学
前程无忧,计算机,计算机系统集成工程师,5500,西安,3年及以上,本科,西安九州艾维航空科技
前程无忧,计算机,计算机教师,4000,西安,1年,大专,陕西精工数码技术学校
前程无忧,计算机,计算机专业任课教师,400,西安,1年,本科,西安建筑工程技师学院
前程无忧,计算机,专利代理人（电学/通信/计算机/机械）,7000,西安,3-4年,本科,北京国昊天诚知识产权代理
前程无忧,计算机,Java开发工程师（对公信贷方向）,12500,西安,4年及以上,本科,中数金智（上海）科技
前程无忧,计算机,销售工程师,7000,西安,3年及以上,本科,深圳市骏龙电子
前程无忧,计算机,软件销售专员,4500,西安,1年及以上,本科,西安臻益信息技术
前程无忧,计算机,嵌入式工程师(车载）,12000,西安,2年及以上,本科,江苏泽景汽车电子
前程无忧,计算机,保密专员,6000,西安,3年及以上,本科,西安大合智能科技
前程无忧,计算机,硬件工程师,20000,西安,3年及以上,本科,深圳市安卫普科技
前程无忧,计算机,销售经理,8000,西安,5年及以上,大专,陕西迪凯机电科技
前程无忧,计算机,物联网技术工程师,12500,西安,1年及以上,本科,西安酩携棚科技
前程无忧,计算机,嵌入式软件工程师,21500,西安,3年及以上,本科,广东曼克维通信科技
前程无忧,计算机,理赔项目运营经理,12500,西安,3年及以上,大专,上海敬之网络科技
前程无忧,计算机,汽车座椅设计工程师-西安,16500,西安,3年及以上,大专,前锦网络信息技术（上海）
前程无忧,计算机,视频剪辑专员,4500,西安,1年及以上,大专,陕西慧澜科技
前程无忧,计算机,机电智能设备教师,400,西安,2年及以上,本科,西安建筑工程技师学院
前程无忧,计算机,（国企）人工智能平台开发（深度学习、机器学习算法）,30000,西安,3年及以上,硕士,前锦网络信息技术（上海）
前程无忧,计算机,计算机信息类教师,6000,西安,2年及以上,硕士,西安科技大学高新学院
前程无忧,计算机,计算机学院教师,6000,西安,无需经验,硕士,西安汽车职业大学
前程无忧,计算机,计算机教师,4000,西安,1年,大专,陕西精工数码技术学校
前程无忧,计算机,计算机系统集成工程师,5500,西安,3年及以上,本科,西安九州艾维航空科技
前程无忧,计算机,计算机专业任课教师,400,西安,1年,本科,西安建筑工程技师学院
前程无忧,计算机,专利代理人（电学/通信/计算机/机械）,7000,西安,3-4年,本科,北京国昊天诚知识产权代理
前程无忧,计算机,Java开发工程师（对公信贷方向）,12500,西安,4年及以上,本科,中数金智（上海）科技
前程无忧,计算机,销售工程师,7000,西安,3年及以上,本科,深圳市骏龙电子
前程无忧,计算机,软件销售专员,4500,西安,1年及以上,本科,西安臻益信息技术
前程无忧,计算机,嵌入式工程师(车载）,12000,西安,2年及以上,本科,江苏泽景汽车电子
前程无忧,计算机,保密专员,6000,西安,3年及以上,本科,西安大合智能科技
前程无忧,计算机,硬件工程师,20000,西安,3年及以上,本科,深圳市安卫普科技
前程无忧,计算机,销售经理,8000,西安,5年及以上,大专,陕西迪凯机电科技
前程无忧,计算机,物联网技术工程师,12500,西安,1年及以上,本科,西安酩携棚科技
前程无忧,计算机,嵌入式软件工程师,21500,西安,3年及以上,本科,广东曼克维通信科技
前程无忧,计算机,理赔项目运营经理,12500,西安,3年及以上,大专,上海敬之网络科技
前程无忧,计算机,汽车座椅设计工程师-西安,16500,西安,3年及以上,大专,前锦网络信息技术（上海）
前程无忧,计算机,视频剪辑专员,4500,西安,1年及以上,大专,陕西慧澜科技
前程无忧,计算机,机电智能设备教师,400,西安,2年及以上,本科,西安建筑工程技师学院
前程无忧,计算机,（国企）人工智能平台开发（深度学习、机器学习算法）,30000,西安,3年及以上,硕士,前锦网络信息技术（上海）
前程无忧,计算机,计算机信息类教师,6000,西安,2年及以上,硕士,西安科技大学高新学院
前程无忧,计算机,计算机学院教师,6000,西安,无需经验,硕士,西安汽车职业大学
前程无忧,计算机,计算机系统集成工程师,5500,西安,3年及以上,本科,西安九州艾维航空科技
前程无忧,计算机,计算机教师,4000,西安,1年,大专,陕西精工数码技术学校
前程无忧,计算机,计算机专业任课教师,400,西安,1年,本科,西安建筑工程技师学院
前程无忧,计算机,专利代理人（电学/通信/计算机/机械）,7000,西安,3-4年,本科,北京国昊天诚知识产权代理
前程无忧,计算机,Java开发工程师（对公信贷方向）,12500,西安,4年及以上,本科,中数金智（上海）科技
前程无忧,计算机,销售工程师,7000,西安,3年及以上,本科,深圳市骏龙电子
前程无忧,计算机,软件销售专员,4500,西安,1年及以上,本科,西安臻益信息技术
前程无忧,计算机,嵌入式工程师(车载）,12000,西安,2年及以上,本科,江苏泽景汽车电子
前程无忧,计算机,保密专员,6000,西安,3年及以上,本科,西安大合智能科技
前程无忧,计算机,硬件工程师,20000,西安,3年及以上,本科,深圳市安卫普科技
前程无忧,计算机,销售经理,8000,西安,5年及以上,大专,陕西迪凯机电科技
前程无忧,计算机,物联网技术工程师,12500,西安,1年及以上,本科,西安酩携棚科技
前程无忧,计算机,嵌入式软件工程师,21500,西安,3年及以上,本科,广东曼克维通信科技
前程无忧,计算机,理赔项目运营经理,12500,西安,3年及以上,大专,上海敬之网络科技
前程无忧,计算机,汽车座椅设计工程师-西安,16500,西安,3年及以上,大专,前锦网络信息技术（上海）
前程无忧,计算机,视频剪辑专员,4500,西安,1年及以上,大专,陕西慧澜科技
前程无忧,计算机,机电智能设备教师,400,西安,2年及以上,本科,西安建筑工程技师学院
前程无忧,计算机,（国企）人工智能平台开发（深度学习、机器学习算法）,30000,西安,3年及以上,硕士,前锦网络信息技术（上海）
前程无忧,计算机,计算机信息类教师,6000,西安,2年及以上,硕士,西安科技大学高新学院
前程无忧,计算机,计算机学院教师,6000,西安,无需经验,硕士,西安汽车职业大学
前程无忧,计算机,计算机教师,4000,西安,1年,大专,陕西精工数码技术学校
前程无忧,计算机,计算机系统集成工程师,5500,西安,3年及以上,本科,西安九州艾维航空科技
前程无忧,计算机,计算机专业任课教师,400,西安,1年,本科,西安建筑工程技师学院
前程无忧,计算机,专利代理人（电学/通信/计算机/机械）,7000,西安,3-4年,本科,北京国昊天诚知识产权代理
前程无忧,计算机,Java开发工程师（对公信贷方向）,12500,西安,4年及以上,本科,中数金智（上海）科技
前程无忧,计算机,销售工程师,7000,西安,3年及以上,本科,深圳市骏龙电子
前程无忧,计算机,软件销售专员,4500,西安,1年及以上,本科,西安臻益信息技术
前程无忧,计算机,嵌入式工程师(车载）,12000,西安,2年及以上,本科,江苏泽景汽车电子
前程无忧,计算机,保密专员,6000,西安,3年及以上,本科,西安大合智能科技
前程无忧,计算机,硬件工程师,20000,西安,3年及以上,本科,深圳市安卫普科技
前程无忧,计算机,销售经理,8000,西安,5年及以上,大专,陕西迪凯机电科技
前程无忧,计算机,物联网技术工程师,12500,西安,1年及以上,本科,西安酩携棚科技
前程无忧,计算机,嵌入式软件工程师,21500,西安,3年及以上,本科,广东曼克维通信科技
前程无忧,计算机,理赔项目运营经理,12500,西安,3年及以上,大专,上海敬之网络科技
前程无忧,计算机,汽车座椅设计工程师-西安,16500,西安,3年及以上,大专,前锦网络信息技术（上海）
前程无忧,计算机,视频剪辑专员,4500,西安,1年及以上,大专,陕西慧澜科技
前程无忧,计算机,机电智能设备教师,400,西安,2年及以上,本科,西安建筑工程技师学院
前程无忧,计算机,（国企）人工智能平台开发（深度学习、机器学习算法）,30000,西安,3年及以上,硕士,前锦网络信息技术（上海）
前程无忧,计算机,计算机教师,7000,南京,1-3年,硕士,南京视觉艺术职业学院
前程无忧,计算机,计算机 / AI 技术岗,115000,南京,无需经验,本科,江苏苏豪国际集团
前程无忧,计算机,AI Agent开发工程师,30000,南京,3年及以上,本科,江苏鱼跃医疗设备
前程无忧,计算机,CIM工程师（计算机整合制造工程师）,16000,南京,无需经验,硕士,台积电（南京）
前程无忧,计算机,计算生物学/机器学习科学家（蛋白大分子方向）,19000,南京,1-3年,硕士,南京金斯瑞生物科技
前程无忧,计算机,IT技术开发经理（金融国企）,325000,南京,5年及以上,硕士,前锦网络信息技术（上海）
前程无忧,计算机,it运维工程师,7000,南京,1年及以上,大专,上海普炳软件科技
前程无忧,计算机,量子计算工程师,12500,南京,1年,硕士,中通服咨询设计研究院
前程无忧,计算机,数智HSE售前工程师,9000,南京,3年及以上,本科,南京晓帆工业互联网
前程无忧,计算机,售前工程师（JG行业）,22500,南京,3年及以上,本科,江苏致网科技
前程无忧,计算机,算法工程师,20000,南京,3年及以上,本科,江苏致网科技
前程无忧,计算机,AI算法工程师,30000,南京,3年及以上,本科,江苏鱼跃医疗设备
前程无忧,计算机,嵌入式软件工程师,22500,南京,5年及以上,本科,安徽磐璞智能科技
前程无忧,计算机,Java开发工程师（金融信贷方向）,14000,南京,4年及以上,本科,中数金智（上海）科技
前程无忧,计算机,边缘计算工程师,8000,南京,2年及以上,本科,南京环保产业创新中心
前程无忧,计算机,高级计算科学家（蛋白大分子方向）,31500,南京,1-3年,博士,南京金斯瑞生物科技
前程无忧,计算机,AI药物科学家 / 计算化学研究员,26500,南京,3年及以上,硕士,南京至盛为康科技
前程无忧,计算机,存储计算销售经理,6000,南京,1年及以上,大专,南京和兆信息网络
前程无忧,计算机,机器人算法与系统研发实习生,3000,南京,无需经验,硕士,中科南京工业人工智能研究院
前程无忧,计算机,机器学习工程师,13000,南京,2年,本科,南京环保产业创新中心
前程无忧,计算机,计算机教师,7000,南京,1-3年,硕士,南京视觉艺术职业学院
前程无忧,计算机,计算机 / AI 技术岗,115000,南京,无需经验,本科,江苏苏豪国际集团
前程无忧,计算机,AI Agent开发工程师,30000,南京,3年及以上,本科,江苏鱼跃医疗设备
前程无忧,计算机,CIM工程师（计算机整合制造工程师）,16000,南京,无需经验,硕士,台积电（南京）
前程无忧,计算机,计算生物学/机器学习科学家（蛋白大分子方向）,19000,南京,1-3年,硕士,南京金斯瑞生物科技
前程无忧,计算机,IT技术开发经理（金融国企）,325000,南京,5年及以上,硕士,前锦网络信息技术（上海）
前程无忧,计算机,it运维工程师,7000,南京,1年及以上,大专,上海普炳软件科技
前程无忧,计算机,量子计算工程师,12500,南京,1年,硕士,中通服咨询设计研究院
前程无忧,计算机,数智HSE售前工程师,9000,南京,3年及以上,本科,南京晓帆工业互联网
前程无忧,计算机,售前工程师（JG行业）,22500,南京,3年及以上,本科,江苏致网科技
前程无忧,计算机,算法工程师,20000,南京,3年及以上,本科,江苏致网科技
前程无忧,计算机,AI算法工程师,30000,南京,3年及以上,本科,江苏鱼跃医疗设备
前程无忧,计算机,嵌入式软件工程师,22500,南京,5年及以上,本科,安徽磐璞智能科技
前程无忧,计算机,Java开发工程师（金融信贷方向）,14000,南京,4年及以上,本科,中数金智（上海）科技
前程无忧,计算机,边缘计算工程师,8000,南京,2年及以上,本科,南京环保产业创新中心
前程无忧,计算机,高级计算科学家（蛋白大分子方向）,31500,南京,1-3年,博士,南京金斯瑞生物科技
前程无忧,计算机,AI药物科学家 / 计算化学研究员,26500,南京,3年及以上,硕士,南京至盛为康科技
前程无忧,计算机,存储计算销售经理,6000,南京,1年及以上,大专,南京和兆信息网络
前程无忧,计算机,机器人算法与系统研发实习生,3000,南京,无需经验,硕士,中科南京工业人工智能研究院
前程无忧,计算机,机器学习工程师,13000,南京,2年,本科,南京环保产业创新中心
前程无忧,计算机,计算机教师,7000,南京,1-3年,硕士,南京视觉艺术职业学院
前程无忧,计算机,计算机 / AI 技术岗,115000,南京,无需经验,本科,江苏苏豪国际集团
前程无忧,计算机,AI Agent开发工程师,30000,南京,3年及以上,本科,江苏鱼跃医疗设备
前程无忧,计算机,CIM工程师（计算机整合制造工程师）,16000,南京,无需经验,硕士,台积电（南京）
前程无忧,计算机,计算生物学/机器学习科学家（蛋白大分子方向）,19000,南京,1-3年,硕士,南京金斯瑞生物科技
前程无忧,计算机,IT技术开发经理（金融国企）,325000,南京,5年及以上,硕士,前锦网络信息技术（上海）
前程无忧,计算机,it运维工程师,7000,南京,1年及以上,大专,上海普炳软件科技
前程无忧,计算机,量子计算工程师,12500,南京,1年,硕士,中通服咨询设计研究院
前程无忧,计算机,数智HSE售前工程师,9000,南京,3年及以上,本科,南京晓帆工业互联网
前程无忧,计算机,售前工程师（JG行业）,22500,南京,3年及以上,本科,江苏致网科技
前程无忧,计算机,算法工程师,20000,南京,3年及以上,本科,江苏致网科技
前程无忧,计算机,AI算法工程师,30000,南京,3年及以上,本科,江苏鱼跃医疗设备
前程无忧,计算机,嵌入式软件工程师,22500,南京,5年及以上,本科,安徽磐璞智能科技
前程无忧,计算机,Java开发工程师（金融信贷方向）,14000,南京,4年及以上,本科,中数金智（上海）科技
前程无忧,计算机,边缘计算工程师,8000,南京,2年及以上,本科,南京环保产业创新中心
前程无忧,计算机,高级计算科学家（蛋白大分子方向）,31500,南京,1-3年,博士,南京金斯瑞生物科技
前程无忧,计算机,AI药物科学家 / 计算化学研究员,26500,南京,3年及以上,硕士,南京至盛为康科技
前程无忧,计算机,存储计算销售经理,6000,南京,1年及以上,大专,南京和兆信息网络
前程无忧,计算机,机器人算法与系统研发实习生,3000,南京,无需经验,硕士,中科南京工业人工智能研究院
前程无忧,计算机,机器学习工程师,13000,南京,2年,本科,南京环保产业创新中心
前程无忧,计算机,AI Agent开发工程师,30000,南京,3年及以上,本科,江苏鱼跃医疗设备
前程无忧,计算机,计算机教师,7000,南京,1-3年,硕士,南京视觉艺术职业学院
前程无忧,计算机,计算机 / AI 技术岗,115000,南京,无需经验,本科,江苏苏豪国际集团
前程无忧,计算机,CIM工程师（计算机整合制造工程师）,16000,南京,无需经验,硕士,台积电（南京）
前程无忧,计算机,计算生物学/机器学习科学家（蛋白大分子方向）,19000,南京,1-3年,硕士,南京金斯瑞生物科技
前程无忧,计算机,IT技术开发经理（金融国企）,325000,南京,5年及以上,硕士,前锦网络信息技术（上海）
前程无忧,计算机,it运维工程师,7000,南京,1年及以上,大专,上海普炳软件科技
前程无忧,计算机,量子计算工程师,12500,南京,1年,硕士,中通服咨询设计研究院
前程无忧,计算机,数智HSE售前工程师,9000,南京,3年及以上,本科,南京晓帆工业互联网
前程无忧,计算机,售前工程师（JG行业）,22500,南京,3年及以上,本科,江苏致网科技
前程无忧,计算机,算法工程师,20000,南京,3年及以上,本科,江苏致网科技
前程无忧,计算机,AI算法工程师,30000,南京,3年及以上,本科,江苏鱼跃医疗设备
前程无忧,计算机,嵌入式软件工程师,22500,南京,5年及以上,本科,安徽磐璞智能科技
前程无忧,计算机,Java开发工程师（金融信贷方向）,14000,南京,4年及以上,本科,中数金智（上海）科技
前程无忧,计算机,边缘计算工程师,8000,南京,2年及以上,本科,南京环保产业创新中心
前程无忧,计算机,高级计算科学家（蛋白大分子方向）,31500,南京,1-3年,博士,南京金斯瑞生物科技
前程无忧,计算机,AI药物科学家 / 计算化学研究员,26500,南京,3年及以上,硕士,南京至盛为康科技
前程无忧,计算机,存储计算销售经理,6000,南京,1年及以上,大专,南京和兆信息网络
前程无忧,计算机,机器人算法与系统研发实习生,3000,南京,无需经验,硕士,中科南京工业人工智能研究院
前程无忧,计算机,机器学习工程师,13000,南京,2年,本科,南京环保产业创新中心
前程无忧,计算机,AI Agent开发工程师,30000,南京,3年及以上,本科,江苏鱼跃医疗设备
前程无忧,计算机,计算机教师,7000,南京,1-3年,硕士,南京视觉艺术职业学院
前程无忧,计算机,计算机 / AI 技术岗,115000,南京,无需经验,本科,江苏苏豪国际集团
前程无忧,计算机,CIM工程师（计算机整合制造工程师）,16000,南京,无需经验,硕士,台积电（南京）
前程无忧,计算机,计算生物学/机器学习科学家（蛋白大分子方向）,19000,南京,1-3年,硕士,南京金斯瑞生物科技
前程无忧,计算机,IT技术开发经理（金融国企）,325000,南京,5年及以上,硕士,前锦网络信息技术（上海）
前程无忧,计算机,it运维工程师,7000,南京,1年及以上,大专,上海普炳软件科技
前程无忧,计算机,量子计算工程师,12500,南京,1年,硕士,中通服咨询设计研究院
前程无忧,计算机,数智HSE售前工程师,9000,南京,3年及以上,本科,南京晓帆工业互联网
前程无忧,计算机,售前工程师（JG行业）,22500,南京,3年及以上,本科,江苏致网科技
前程无忧,计算机,算法工程师,20000,南京,3年及以上,本科,江苏致网科技
前程无忧,计算机,AI算法工程师,30000,南京,3年及以上,本科,江苏鱼跃医疗设备
前程无忧,计算机,嵌入式软件工程师,22500,南京,5年及以上,本科,安徽磐璞智能科技
前程无忧,计算机,Java开发工程师（金融信贷方向）,14000,南京,4年及以上,本科,中数金智（上海）科技
前程无忧,计算机,边缘计算工程师,8000,南京,2年及以上,本科,南京环保产业创新中心
前程无忧,计算机,高级计算科学家（蛋白大分子方向）,31500,南京,1-3年,博士,南京金斯瑞生物科技
前程无忧,计算机,AI药物科学家 / 计算化学研究员,26500,南京,3年及以上,硕士,南京至盛为康科技
前程无忧,计算机,存储计算销售经理,6000,南京,1年及以上,大专,南京和兆信息网络
前程无忧,计算机,机器人算法与系统研发实习生,3000,南京,无需经验,硕士,中科南京工业人工智能研究院
前程无忧,计算机,机器学习工程师,13000,南京,2年,本科,南京环保产业创新中心
前程无忧,计算机,AI Agent开发工程师,30000,南京,3年及以上,本科,江苏鱼跃医疗设备
前程无忧,计算机,计算机教师,7000,南京,1-3年,硕士,南京视觉艺术职业学院
前程无忧,计算机,计算机 / AI 技术岗,115000,南京,无需经验,本科,江苏苏豪国际集团
前程无忧,计算机,CIM工程师（计算机整合制造工程师）,16000,南京,无需经验,硕士,台积电（南京）
前程无忧,计算机,计算生物学/机器学习科学家（蛋白大分子方向）,19000,南京,1-3年,硕士,南京金斯瑞生物科技
前程无忧,计算机,IT技术开发经理（金融国企）,325000,南京,5年及以上,硕士,前锦网络信息技术（上海）
前程无忧,计算机,it运维工程师,7000,南京,1年及以上,大专,上海普炳软件科技
前程无忧,计算机,量子计算工程师,12500,南京,1年,硕士,中通服咨询设计研究院
前程无忧,计算机,数智HSE售前工程师,9000,南京,3年及以上,本科,南京晓帆工业互联网
前程无忧,计算机,售前工程师（JG行业）,22500,南京,3年及以上,本科,江苏致网科技
前程无忧,计算机,算法工程师,20000,南京,3年及以上,本科,江苏致网科技
前程无忧,计算机,AI算法工程师,30000,南京,3年及以上,本科,江苏鱼跃医疗设备
前程无忧,计算机,嵌入式软件工程师,22500,南京,5年及以上,本科,安徽磐璞智能科技
前程无忧,计算机,Java开发工程师（金融信贷方向）,14000,南京,4年及以上,本科,中数金智（上海）科技
前程无忧,计算机,边缘计算工程师,8000,南京,2年及以上,本科,南京环保产业创新中心
前程无忧,计算机,高级计算科学家（蛋白大分子方向）,31500,南京,1-3年,博士,南京金斯瑞生物科技
前程无忧,计算机,AI药物科学家 / 计算化学研究员,26500,南京,3年及以上,硕士,南京至盛为康科技
前程无忧,计算机,存储计算销售经理,6000,南京,1年及以上,大专,南京和兆信息网络
前程无忧,计算机,机器人算法与系统研发实习生,3000,南京,无需经验,硕士,中科南京工业人工智能研究院
前程无忧,计算机,机器学习工程师,13000,南京,2年,本科,南京环保产业创新中心
前程无忧,计算机,AI Agent开发工程师,30000,南京,3年及以上,本科,江苏鱼跃医疗设备
前程无忧,计算机,计算机 / AI 技术岗,115000,南京,无需经验,本科,江苏苏豪国际集团
前程无忧,计算机,计算机教师,7000,南京,1-3年,硕士,南京视觉艺术职业学院
前程无忧,计算机,CIM工程师（计算机整合制造工程师）,16000,南京,无需经验,硕士,台积电（南京）
前程无忧,计算机,计算生物学/机器学习科学家（蛋白大分子方向）,19000,南京,1-3年,硕士,南京金斯瑞生物科技
前程无忧,计算机,IT技术开发经理（金融国企）,325000,南京,5年及以上,硕士,前锦网络信息技术（上海）
前程无忧,计算机,it运维工程师,7000,南京,1年及以上,大专,上海普炳软件科技
前程无忧,计算机,量子计算工程师,12500,南京,1年,硕士,中通服咨询设计研究院
前程无忧,计算机,数智HSE售前工程师,9000,南京,3年及以上,本科,南京晓帆工业互联网
前程无忧,计算机,售前工程师（JG行业）,22500,南京,3年及以上,本科,江苏致网科技
前程无忧,计算机,算法工程师,20000,南京,3年及以上,本科,江苏致网科技
前程无忧,计算机,AI算法工程师,30000,南京,3年及以上,本科,江苏鱼跃医疗设备
前程无忧,计算机,嵌入式软件工程师,22500,南京,5年及以上,本科,安徽磐璞智能科技
前程无忧,计算机,边缘计算工程师,8000,南京,2年及以上,本科,南京环保产业创新中心
前程无忧,计算机,高级计算科学家（蛋白大分子方向）,31500,南京,1-3年,博士,南京金斯瑞生物科技
前程无忧,计算机,AI药物科学家 / 计算化学研究员,26500,南京,3年及以上,硕士,南京至盛为康科技
前程无忧,计算机,存储计算销售经理,6000,南京,1年及以上,大专,南京和兆信息网络
前程无忧,计算机,机器人算法与系统研发实习生,3000,南京,无需经验,硕士,中科南京工业人工智能研究院
前程无忧,计算机,机器学习工程师,13000,南京,2年,本科,南京环保产业创新中心
前程无忧,计算机,3D 视觉算法工程师（结构光相机方向）,23000,南京,1年及以上,硕士,惠州市德赛西威汽车电子
前程无忧,计算机,AI Agent开发工程师,30000,南京,3年及以上,本科,江苏鱼跃医疗设备
前程无忧,计算机,计算机教师,7000,南京,1-3年,硕士,南京视觉艺术职业学院
前程无忧,计算机,计算机 / AI 技术岗,115000,南京,无需经验,本科,江苏苏豪国际集团
前程无忧,计算机,CIM工程师（计算机整合制造工程师）,16000,南京,无需经验,硕士,台积电（南京）
前程无忧,计算机,计算生物学/机器学习科学家（蛋白大分子方向）,19000,南京,1-3年,硕士,南京金斯瑞生物科技
前程无忧,计算机,IT技术开发经理（金融国企）,325000,南京,5年及以上,硕士,前锦网络信息技术（上海）
前程无忧,计算机,it运维工程师,7000,南京,1年及以上,大专,上海普炳软件科技
前程无忧,计算机,量子计算工程师,12500,南京,1年,硕士,中通服咨询设计研究院
前程无忧,计算机,数智HSE售前工程师,9000,南京,3年及以上,本科,南京晓帆工业互联网
前程无忧,计算机,售前工程师（JG行业）,22500,南京,3年及以上,本科,江苏致网科技
前程无忧,计算机,算法工程师,20000,南京,3年及以上,本科,江苏致网科技
前程无忧,计算机,AI算法工程师,30000,南京,3年及以上,本科,江苏鱼跃医疗设备
前程无忧,计算机,嵌入式软件工程师,22500,南京,5年及以上,本科,安徽磐璞智能科技
前程无忧,计算机,Java开发工程师（金融信贷方向）,14000,南京,4年及以上,本科,中数金智（上海）科技
前程无忧,计算机,边缘计算工程师,8000,南京,2年及以上,本科,南京环保产业创新中心
前程无忧,计算机,高级计算科学家（蛋白大分子方向）,31500,南京,1-3年,博士,南京金斯瑞生物科技
前程无忧,计算机,AI药物科学家 / 计算化学研究员,26500,南京,3年及以上,硕士,南京至盛为康科技
前程无忧,计算机,存储计算销售经理,6000,南京,1年及以上,大专,南京和兆信息网络
前程无忧,计算机,机器人算法与系统研发实习生,3000,南京,无需经验,硕士,中科南京工业人工智能研究院
前程无忧,计算机,机器学习工程师,13000,南京,2年,本科,南京环保产业创新中心
前程无忧,计算机,AI Agent开发工程师,30000,南京,3年及以上,本科,江苏鱼跃医疗设备
前程无忧,计算机,计算机教师,7000,南京,1-3年,硕士,南京视觉艺术职业学院
前程无忧,计算机,计算机 / AI 技术岗,115000,南京,无需经验,本科,江苏苏豪国际集团
前程无忧,计算机,CIM工程师（计算机整合制造工程师）,16000,南京,无需经验,硕士,台积电（南京）
前程无忧,计算机,计算生物学/机器学习科学家（蛋白大分子方向）,19000,南京,1-3年,硕士,南京金斯瑞生物科技
前程无忧,计算机,IT技术开发经理（金融国企）,325000,南京,5年及以上,硕士,前锦网络信息技术（上海）
前程无忧,计算机,it运维工程师,7000,南京,1年及以上,大专,上海普炳软件科技
前程无忧,计算机,量子计算工程师,12500,南京,1年,硕士,中通服咨询设计研究院
前程无忧,计算机,数智HSE售前工程师,9000,南京,3年及以上,本科,南京晓帆工业互联网
前程无忧,计算机,售前工程师（JG行业）,22500,南京,3年及以上,本科,江苏致网科技
前程无忧,计算机,算法工程师,20000,南京,3年及以上,本科,江苏致网科技
前程无忧,计算机,AI算法工程师,30000,南京,3年及以上,本科,江苏鱼跃医疗设备
前程无忧,计算机,嵌入式软件工程师,22500,南京,5年及以上,本科,安徽磐璞智能科技
前程无忧,计算机,Java开发工程师（金融信贷方向）,14000,南京,4年及以上,本科,中数金智（上海）科技
前程无忧,计算机,边缘计算工程师,8000,南京,2年及以上,本科,南京环保产业创新中心
前程无忧,计算机,高级计算科学家（蛋白大分子方向）,31500,南京,1-3年,博士,南京金斯瑞生物科技
前程无忧,计算机,AI药物科学家 / 计算化学研究员,26500,南京,3年及以上,硕士,南京至盛为康科技
前程无忧,计算机,存储计算销售经理,6000,南京,1年及以上,大专,南京和兆信息网络
前程无忧,计算机,机器人算法与系统研发实习生,3000,南京,无需经验,硕士,中科南京工业人工智能研究院
前程无忧,计算机,机器学习工程师,13000,南京,2年,本科,南京环保产业创新中心
前程无忧,计算机,计算机教师,7000,南京,1-3年,硕士,南京视觉艺术职业学院
前程无忧,计算机,计算机 / AI 技术岗,115000,南京,无需经验,本科,江苏苏豪国际集团
前程无忧,计算机,AI Agent开发工程师,30000,南京,3年及以上,本科,江苏鱼跃医疗设备
前程无忧,计算机,CIM工程师（计算机整合制造工程师）,16000,南京,无需经验,硕士,台积电（南京）
前程无忧,计算机,计算生物学/机器学习科学家（蛋白大分子方向）,19000,南京,1-3年,硕士,南京金斯瑞生物科技
前程无忧,计算机,IT技术开发经理（金融国企）,325000,南京,5年及以上,硕士,前锦网络信息技术（上海）
前程无忧,计算机,it运维工程师,7000,南京,1年及以上,大专,上海普炳软件科技
前程无忧,计算机,量子计算工程师,12500,南京,1年,硕士,中通服咨询设计研究院
前程无忧,计算机,数智HSE售前工程师,9000,南京,3年及以上,本科,南京晓帆工业互联网
前程无忧,计算机,售前工程师（JG行业）,22500,南京,3年及以上,本科,江苏致网科技
前程无忧,计算机,算法工程师,20000,南京,3年及以上,本科,江苏致网科技
前程无忧,计算机,AI算法工程师,30000,南京,3年及以上,本科,江苏鱼跃医疗设备
前程无忧,计算机,嵌入式软件工程师,22500,南京,5年及以上,本科,安徽磐璞智能科技
前程无忧,计算机,Java开发工程师（金融信贷方向）,14000,南京,4年及以上,本科,中数金智（上海）科技
前程无忧,计算机,边缘计算工程师,8000,南京,2年及以上,本科,南京环保产业创新中心
前程无忧,计算机,高级计算科学家（蛋白大分子方向）,31500,南京,1-3年,博士,南京金斯瑞生物科技
前程无忧,计算机,AI药物科学家 / 计算化学研究员,26500,南京,3年及以上,硕士,南京至盛为康科技
前程无忧,计算机,存储计算销售经理,6000,南京,1年及以上,大专,南京和兆信息网络
前程无忧,计算机,机器人算法与系统研发实习生,3000,南京,无需经验,硕士,中科南京工业人工智能研究院
前程无忧,计算机,机器学习工程师,13000,南京,2年,本科,南京环保产业创新中心
前程无忧,计算机,计算机教师,7000,南京,1-3年,硕士,南京视觉艺术职业学院
前程无忧,计算机,计算机 / AI 技术岗,115000,南京,无需经验,本科,江苏苏豪国际集团
前程无忧,计算机,AI Agent开发工程师,30000,南京,3年及以上,本科,江苏鱼跃医疗设备
前程无忧,计算机,CIM工程师（计算机整合制造工程师）,16000,南京,无需经验,硕士,台积电（南京）
前程无忧,计算机,计算生物学/机器学习科学家（蛋白大分子方向）,19000,南京,1-3年,硕士,南京金斯瑞生物科技
前程无忧,计算机,IT技术开发经理（金融国企）,325000,南京,5年及以上,硕士,前锦网络信息技术（上海）
前程无忧,计算机,it运维工程师,7000,南京,1年及以上,大专,上海普炳软件科技
前程无忧,计算机,量子计算工程师,12500,南京,1年,硕士,中通服咨询设计研究院
前程无忧,计算机,数智HSE售前工程师,9000,南京,3年及以上,本科,南京晓帆工业互联网
前程无忧,计算机,售前工程师（JG行业）,22500,南京,3年及以上,本科,江苏致网科技
前程无忧,计算机,算法工程师,20000,南京,3年及以上,本科,江苏致网科技
前程无忧,计算机,AI算法工程师,30000,南京,3年及以上,本科,江苏鱼跃医疗设备
前程无忧,计算机,嵌入式软件工程师,22500,南京,5年及以上,本科,安徽磐璞智能科技
前程无忧,计算机,Java开发工程师（金融信贷方向）,14000,南京,4年及以上,本科,中数金智（上海）科技
前程无忧,计算机,边缘计算工程师,8000,南京,2年及以上,本科,南京环保产业创新中心
前程无忧,计算机,高级计算科学家（蛋白大分子方向）,31500,南京,1-3年,博士,南京金斯瑞生物科技
前程无忧,计算机,AI药物科学家 / 计算化学研究员,26500,南京,3年及以上,硕士,南京至盛为康科技
前程无忧,计算机,存储计算销售经理,6000,南京,1年及以上,大专,南京和兆信息网络
前程无忧,计算机,机器人算法与系统研发实习生,3000,南京,无需经验,硕士,中科南京工业人工智能研究院
前程无忧,计算机,机器学习工程师,13000,南京,2年,本科,南京环保产业创新中心
前程无忧,计算机,AI Agent开发工程师,30000,南京,3年及以上,本科,江苏鱼跃医疗设备
前程无忧,计算机,计算机教师,7000,南京,1-3年,硕士,南京视觉艺术职业学院
前程无忧,计算机,计算机 / AI 技术岗,115000,南京,无需经验,本科,江苏苏豪国际集团
前程无忧,计算机,CIM工程师（计算机整合制造工程师）,16000,南京,无需经验,硕士,台积电（南京）
前程无忧,计算机,计算生物学/机器学习科学家（蛋白大分子方向）,19000,南京,1-3年,硕士,南京金斯瑞生物科技
前程无忧,计算机,IT技术开发经理（金融国企）,325000,南京,5年及以上,硕士,前锦网络信息技术（上海）
前程无忧,计算机,it运维工程师,7000,南京,1年及以上,大专,上海普炳软件科技
前程无忧,计算机,量子计算工程师,12500,南京,1年,硕士,中通服咨询设计研究院
前程无忧,计算机,数智HSE售前工程师,9000,南京,3年及以上,本科,南京晓帆工业互联网
前程无忧,计算机,售前工程师（JG行业）,22500,南京,3年及以上,本科,江苏致网科技
前程无忧,计算机,算法工程师,20000,南京,3年及以上,本科,江苏致网科技
前程无忧,计算机,AI算法工程师,30000,南京,3年及以上,本科,江苏鱼跃医疗设备
前程无忧,计算机,嵌入式软件工程师,22500,南京,5年及以上,本科,安徽磐璞智能科技
前程无忧,计算机,Java开发工程师（金融信贷方向）,14000,南京,4年及以上,本科,中数金智（上海）科技
前程无忧,计算机,边缘计算工程师,8000,南京,2年及以上,本科,南京环保产业创新中心
前程无忧,计算机,高级计算科学家（蛋白大分子方向）,31500,南京,1-3年,博士,南京金斯瑞生物科技
前程无忧,计算机,AI药物科学家 / 计算化学研究员,26500,南京,3年及以上,硕士,南京至盛为康科技
前程无忧,计算机,存储计算销售经理,6000,南京,1年及以上,大专,南京和兆信息网络
前程无忧,计算机,机器人算法与系统研发实习生,3000,南京,无需经验,硕士,中科南京工业人工智能研究院
前程无忧,计算机,机器学习工程师,13000,南京,2年,本科,南京环保产业创新中心
前程无忧,计算机,AI Agent开发工程师,30000,南京,3年及以上,本科,江苏鱼跃医疗设备
前程无忧,计算机,计算机教师,7000,南京,1-3年,硕士,南京视觉艺术职业学院
前程无忧,计算机,计算机 / AI 技术岗,115000,南京,无需经验,本科,江苏苏豪国际集团
前程无忧,计算机,CIM工程师（计算机整合制造工程师）,16000,南京,无需经验,硕士,台积电（南京）
前程无忧,计算机,计算生物学/机器学习科学家（蛋白大分子方向）,19000,南京,1-3年,硕士,南京金斯瑞生物科技
前程无忧,计算机,IT技术开发经理（金融国企）,325000,南京,5年及以上,硕士,前锦网络信息技术（上海）
前程无忧,计算机,it运维工程师,7000,南京,1年及以上,大专,上海普炳软件科技
前程无忧,计算机,量子计算工程师,12500,南京,1年,硕士,中通服咨询设计研究院
前程无忧,计算机,数智HSE售前工程师,9000,南京,3年及以上,本科,南京晓帆工业互联网
前程无忧,计算机,售前工程师（JG行业）,22500,南京,3年及以上,本科,江苏致网科技
前程无忧,计算机,算法工程师,20000,南京,3年及以上,本科,江苏致网科技
前程无忧,计算机,AI算法工程师,30000,南京,3年及以上,本科,江苏鱼跃医疗设备
前程无忧,计算机,嵌入式软件工程师,22500,南京,5年及以上,本科,安徽磐璞智能科技
前程无忧,计算机,Java开发工程师（金融信贷方向）,14000,南京,4年及以上,本科,中数金智（上海）科技
前程无忧,计算机,边缘计算工程师,8000,南京,2年及以上,本科,南京环保产业创新中心
前程无忧,计算机,高级计算科学家（蛋白大分子方向）,31500,南京,1-3年,博士,南京金斯瑞生物科技
前程无忧,计算机,AI药物科学家 / 计算化学研究员,26500,南京,3年及以上,硕士,南京至盛为康科技
前程无忧,计算机,存储计算销售经理,6000,南京,1年及以上,大专,南京和兆信息网络
前程无忧,计算机,机器人算法与系统研发实习生,3000,南京,无需经验,硕士,中科南京工业人工智能研究院
前程无忧,计算机,机器学习工程师,13000,南京,2年,本科,南京环保产业创新中心
前程无忧,计算机,AI Agent开发工程师,30000,南京,3年及以上,本科,江苏鱼跃医疗设备
前程无忧,计算机,计算机 / AI 技术岗,115000,南京,无需经验,本科,江苏苏豪国际集团
前程无忧,计算机,计算机教师,7000,南京,1-3年,硕士,南京视觉艺术职业学院
前程无忧,计算机,CIM工程师（计算机整合制造工程师）,16000,南京,无需经验,硕士,台积电（南京）
前程无忧,计算机,计算生物学/机器学习科学家（蛋白大分子方向）,19000,南京,1-3年,硕士,南京金斯瑞生物科技
前程无忧,计算机,IT技术开发经理（金融国企）,325000,南京,5年及以上,硕士,前锦网络信息技术（上海）
前程无忧,计算机,it运维工程师,7000,南京,1年及以上,大专,上海普炳软件科技
前程无忧,计算机,量子计算工程师,12500,南京,1年,硕士,中通服咨询设计研究院
前程无忧,计算机,数智HSE售前工程师,9000,南京,3年及以上,本科,南京晓帆工业互联网
前程无忧,计算机,售前工程师（JG行业）,22500,南京,3年及以上,本科,江苏致网科技
前程无忧,计算机,算法工程师,20000,南京,3年及以上,本科,江苏致网科技
前程无忧,计算机,AI算法工程师,30000,南京,3年及以上,本科,江苏鱼跃医疗设备
前程无忧,计算机,嵌入式软件工程师,22500,南京,5年及以上,本科,安徽磐璞智能科技
前程无忧,计算机,边缘计算工程师,8000,南京,2年及以上,本科,南京环保产业创新中心
前程无忧,计算机,高级计算科学家（蛋白大分子方向）,31500,南京,1-3年,博士,南京金斯瑞生物科技
前程无忧,计算机,AI药物科学家 / 计算化学研究员,26500,南京,3年及以上,硕士,南京至盛为康科技
前程无忧,计算机,存储计算销售经理,6000,南京,1年及以上,大专,南京和兆信息网络
前程无忧,计算机,机器人算法与系统研发实习生,3000,南京,无需经验,硕士,中科南京工业人工智能研究院
前程无忧,计算机,机器学习工程师,13000,南京,2年,本科,南京环保产业创新中心
前程无忧,计算机,3D 视觉算法工程师（结构光相机方向）,23000,南京,1年及以上,硕士,惠州市德赛西威汽车电子
前程无忧,计算机,计算机教师,7000,南京,1-3年,硕士,南京视觉艺术职业学院
前程无忧,计算机,计算机 / AI 技术岗,115000,南京,无需经验,本科,江苏苏豪国际集团
前程无忧,计算机,AI Agent开发工程师,30000,南京,3年及以上,本科,江苏鱼跃医疗设备
前程无忧,计算机,CIM工程师（计算机整合制造工程师）,16000,南京,无需经验,硕士,台积电（南京）
前程无忧,计算机,计算生物学/机器学习科学家（蛋白大分子方向）,19000,南京,1-3年,硕士,南京金斯瑞生物科技
前程无忧,计算机,IT技术开发经理（金融国企）,325000,南京,5年及以上,硕士,前锦网络信息技术（上海）
前程无忧,计算机,it运维工程师,7000,南京,1年及以上,大专,上海普炳软件科技
前程无忧,计算机,量子计算工程师,12500,南京,1年,硕士,中通服咨询设计研究院
前程无忧,计算机,数智HSE售前工程师,9000,南京,3年及以上,本科,南京晓帆工业互联网
前程无忧,计算机,售前工程师（JG行业）,22500,南京,3年及以上,本科,江苏致网科技
前程无忧,计算机,算法工程师,20000,南京,3年及以上,本科,江苏致网科技
前程无忧,计算机,AI算法工程师,30000,南京,3年及以上,本科,江苏鱼跃医疗设备
前程无忧,计算机,嵌入式软件工程师,22500,南京,5年及以上,本科,安徽磐璞智能科技
前程无忧,计算机,Java开发工程师（金融信贷方向）,14000,南京,4年及以上,本科,中数金智（上海）科技
前程无忧,计算机,边缘计算工程师,8000,南京,2年及以上,本科,南京环保产业创新中心
前程无忧,计算机,高级计算科学家（蛋白大分子方向）,31500,南京,1-3年,博士,南京金斯瑞生物科技
前程无忧,计算机,AI药物科学家 / 计算化学研究员,26500,南京,3年及以上,硕士,南京至盛为康科技
前程无忧,计算机,存储计算销售经理,6000,南京,1年及以上,大专,南京和兆信息网络
前程无忧,计算机,机器人算法与系统研发实习生,3000,南京,无需经验,硕士,中科南京工业人工智能研究院
前程无忧,计算机,机器学习工程师,13000,南京,2年,本科,南京环保产业创新中心
前程无忧,计算机,AI Agent开发工程师,30000,南京,3年及以上,本科,江苏鱼跃医疗设备
前程无忧,计算机,计算机教师,7000,南京,1-3年,硕士,南京视觉艺术职业学院
前程无忧,计算机,计算机 / AI 技术岗,115000,南京,无需经验,本科,江苏苏豪国际集团
前程无忧,计算机,CIM工程师（计算机整合制造工程师）,16000,南京,无需经验,硕士,台积电（南京）
前程无忧,计算机,计算生物学/机器学习科学家（蛋白大分子方向）,19000,南京,1-3年,硕士,南京金斯瑞生物科技
前程无忧,计算机,IT技术开发经理（金融国企）,325000,南京,5年及以上,硕士,前锦网络信息技术（上海）
前程无忧,计算机,it运维工程师,7000,南京,1年及以上,大专,上海普炳软件科技
前程无忧,计算机,量子计算工程师,12500,南京,1年,硕士,中通服咨询设计研究院
前程无忧,计算机,数智HSE售前工程师,9000,南京,3年及以上,本科,南京晓帆工业互联网
前程无忧,计算机,售前工程师（JG行业）,22500,南京,3年及以上,本科,江苏致网科技
前程无忧,计算机,算法工程师,20000,南京,3年及以上,本科,江苏致网科技
前程无忧,计算机,AI算法工程师,30000,南京,3年及以上,本科,江苏鱼跃医疗设备
前程无忧,计算机,嵌入式软件工程师,22500,南京,5年及以上,本科,安徽磐璞智能科技
前程无忧,计算机,Java开发工程师（金融信贷方向）,14000,南京,4年及以上,本科,中数金智（上海）科技
前程无忧,计算机,边缘计算工程师,8000,南京,2年及以上,本科,南京环保产业创新中心
前程无忧,计算机,高级计算科学家（蛋白大分子方向）,31500,南京,1-3年,博士,南京金斯瑞生物科技
前程无忧,计算机,AI药物科学家 / 计算化学研究员,26500,南京,3年及以上,硕士,南京至盛为康科技
前程无忧,计算机,存储计算销售经理,6000,南京,1年及以上,大专,南京和兆信息网络
前程无忧,计算机,机器人算法与系统研发实习生,3000,南京,无需经验,硕士,中科南京工业人工智能研究院
前程无忧,计算机,机器学习工程师,13000,南京,2年,本科,南京环保产业创新中心
前程无忧,计算机,算法工程师,20000,南京,3年及以上,本科,江苏致网科技
前程无忧,计算机,嵌入式软件工程师,22500,南京,5年及以上,本科,安徽磐璞智能科技
前程无忧,计算机,AI药物科学家 / 计算化学研究员,26500,南京,3年及以上,硕士,南京至盛为康科技
前程无忧,计算机,AI应用研发工程师,8000,南京,1-3年,本科,南京轻遇星品牌管理
前程无忧,计算机,AI开发工程师（应届生）,8000,南京,无需经验,本科,江苏欣网视讯软件技术
前程无忧,计算机,AI深度学习工程师,13000,南京,3年及以上,本科,中海建筑有限公司南京
前程无忧,计算机,AI大模型应用工程师,20000,南京,3年及以上,本科,亚信科技（中国）
前程无忧,计算机,软件设计师,300000,南京,3年及以上,硕士,南京科瑞达电子装备
前程无忧,计算机,数据治理工程师,17000,南京,4年及以上,本科,华新（中国）投资
前程无忧,计算机,手术机器人-嵌入式软件工程师,15000,南京,3年及以上,本科,生原微创医疗器械（南京）
前程无忧,计算机,复印机维修员,5500,南京,1年及以上,中技/中专,江苏安华数码科技
前程无忧,计算机,临床统计编程工程师(J15836),20000,南京,5年及以上,本科,正大天晴药业集团
前程无忧,计算机,图像算法工程师,17500,南京,2年及以上,硕士,上海恒意得信息科技
前程无忧,计算机,后端开发工程师,175000,南京,2年及以上,本科,南京瑞迪水利信息科技
前程无忧,计算机,软件开发经理,22500,南京,8年及以上,本科,南京日神服装
前程无忧,计算机,初级网络工程师,7000,南京,无需经验,本科,南京仁晶信息科技
前程无忧,计算机,测试开发,8000,南京,1年及以上,大专,南京绛门信息科技
前程无忧,计算机,行业AI咨询顾问,21500,南京,6年及以上,本科,南京拾柴信息科技
前程无忧,计算机,嵌入式Linux系统软件工程师,17000,南京,1-3年,本科,南京磐能电力科技
前程无忧,计算机,流程信息化经理,20000,南京,5年及以上,本科,南京寒锐钴业
前程无忧,计算机,计算机教师,7000,南京,1-3年,硕士,南京视觉艺术职业学院
前程无忧,计算机,计算机 / AI 技术岗,115000,南京,无需经验,本科,江苏苏豪国际集团
前程无忧,计算机,AI Agent开发工程师,30000,南京,3年及以上,本科,江苏鱼跃医疗设备
前程无忧,计算机,CIM工程师（计算机整合制造工程师）,16000,南京,无需经验,硕士,台积电（南京）
前程无忧,计算机,计算生物学/机器学习科学家（蛋白大分子方向）,19000,南京,1-3年,硕士,南京金斯瑞生物科技
前程无忧,计算机,IT技术开发经理（金融国企）,325000,南京,5年及以上,硕士,前锦网络信息技术（上海）
前程无忧,计算机,it运维工程师,7000,南京,1年及以上,大专,上海普炳软件科技
前程无忧,计算机,量子计算工程师,12500,南京,1年,硕士,中通服咨询设计研究院
前程无忧,计算机,数智HSE售前工程师,9000,南京,3年及以上,本科,南京晓帆工业互联网
前程无忧,计算机,售前工程师（JG行业）,22500,南京,3年及以上,本科,江苏致网科技
前程无忧,计算机,算法工程师,20000,南京,3年及以上,本科,江苏致网科技
前程无忧,计算机,AI算法工程师,30000,南京,3年及以上,本科,江苏鱼跃医疗设备
前程无忧,计算机,嵌入式软件工程师,22500,南京,5年及以上,本科,安徽磐璞智能科技
前程无忧,计算机,Java开发工程师（金融信贷方向）,14000,南京,4年及以上,本科,中数金智（上海）科技
前程无忧,计算机,边缘计算工程师,8000,南京,2年及以上,本科,南京环保产业创新中心
前程无忧,计算机,高级计算科学家（蛋白大分子方向）,31500,南京,1-3年,博士,南京金斯瑞生物科技
前程无忧,计算机,AI药物科学家 / 计算化学研究员,26500,南京,3年及以上,硕士,南京至盛为康科技
前程无忧,计算机,存储计算销售经理,6000,南京,1年及以上,大专,南京和兆信息网络
前程无忧,计算机,机器人算法与系统研发实习生,3000,南京,无需经验,硕士,中科南京工业人工智能研究院
前程无忧,计算机,机器学习工程师,13000,南京,2年,本科,南京环保产业创新中心
前程无忧,计算机,计算机教师,7000,南京,1-3年,硕士,南京视觉艺术职业学院
前程无忧,计算机,计算机 / AI 技术岗,115000,南京,无需经验,本科,江苏苏豪国际集团
前程无忧,计算机,AI Agent开发工程师,30000,南京,3年及以上,本科,江苏鱼跃医疗设备
前程无忧,计算机,CIM工程师（计算机整合制造工程师）,16000,南京,无需经验,硕士,台积电（南京）
前程无忧,计算机,计算生物学/机器学习科学家（蛋白大分子方向）,19000,南京,1-3年,硕士,南京金斯瑞生物科技
前程无忧,计算机,IT技术开发经理（金融国企）,325000,南京,5年及以上,硕士,前锦网络信息技术（上海）
前程无忧,计算机,it运维工程师,7000,南京,1年及以上,大专,上海普炳软件科技
前程无忧,计算机,量子计算工程师,12500,南京,1年,硕士,中通服咨询设计研究院
前程无忧,计算机,数智HSE售前工程师,9000,南京,3年及以上,本科,南京晓帆工业互联网
前程无忧,计算机,售前工程师（JG行业）,22500,南京,3年及以上,本科,江苏致网科技
前程无忧,计算机,算法工程师,20000,南京,3年及以上,本科,江苏致网科技
前程无忧,计算机,AI算法工程师,30000,南京,3年及以上,本科,江苏鱼跃医疗设备
前程无忧,计算机,嵌入式软件工程师,22500,南京,5年及以上,本科,安徽磐璞智能科技
前程无忧,计算机,Java开发工程师（金融信贷方向）,14000,南京,4年及以上,本科,中数金智（上海）科技
前程无忧,计算机,边缘计算工程师,8000,南京,2年及以上,本科,南京环保产业创新中心
前程无忧,计算机,高级计算科学家（蛋白大分子方向）,31500,南京,1-3年,博士,南京金斯瑞生物科技
前程无忧,计算机,AI药物科学家 / 计算化学研究员,26500,南京,3年及以上,硕士,南京至盛为康科技
前程无忧,计算机,存储计算销售经理,6000,南京,1年及以上,大专,南京和兆信息网络
前程无忧,计算机,机器人算法与系统研发实习生,3000,南京,无需经验,硕士,中科南京工业人工智能研究院
前程无忧,计算机,机器学习工程师,13000,南京,2年,本科,南京环保产业创新中心
前程无忧,计算机,计算机教师,7000,南京,1-3年,硕士,南京视觉艺术职业学院
前程无忧,计算机,计算机 / AI 技术岗,115000,南京,无需经验,本科,江苏苏豪国际集团
前程无忧,计算机,AI Agent开发工程师,30000,南京,3年及以上,本科,江苏鱼跃医疗设备
前程无忧,计算机,CIM工程师（计算机整合制造工程师）,16000,南京,无需经验,硕士,台积电（南京）
前程无忧,计算机,计算生物学/机器学习科学家（蛋白大分子方向）,19000,南京,1-3年,硕士,南京金斯瑞生物科技
前程无忧,计算机,IT技术开发经理（金融国企）,325000,南京,5年及以上,硕士,前锦网络信息技术（上海）
前程无忧,计算机,it运维工程师,7000,南京,1年及以上,大专,上海普炳软件科技
前程无忧,计算机,量子计算工程师,12500,南京,1年,硕士,中通服咨询设计研究院
前程无忧,计算机,数智HSE售前工程师,9000,南京,3年及以上,本科,南京晓帆工业互联网
前程无忧,计算机,售前工程师（JG行业）,22500,南京,3年及以上,本科,江苏致网科技
前程无忧,计算机,算法工程师,20000,南京,3年及以上,本科,江苏致网科技
前程无忧,计算机,AI算法工程师,30000,南京,3年及以上,本科,江苏鱼跃医疗设备
前程无忧,计算机,嵌入式软件工程师,22500,南京,5年及以上,本科,安徽磐璞智能科技
前程无忧,计算机,Java开发工程师（金融信贷方向）,14000,南京,4年及以上,本科,中数金智（上海）科技
前程无忧,计算机,边缘计算工程师,8000,南京,2年及以上,本科,南京环保产业创新中心
前程无忧,计算机,高级计算科学家（蛋白大分子方向）,31500,南京,1-3年,博士,南京金斯瑞生物科技
前程无忧,计算机,AI药物科学家 / 计算化学研究员,26500,南京,3年及以上,硕士,南京至盛为康科技
前程无忧,计算机,存储计算销售经理,6000,南京,1年及以上,大专,南京和兆信息网络
前程无忧,计算机,机器人算法与系统研发实习生,3000,南京,无需经验,硕士,中科南京工业人工智能研究院
前程无忧,计算机,机器学习工程师,13000,南京,2年,本科,南京环保产业创新中心
前程无忧,计算机,AI Agent开发工程师,30000,南京,3年及以上,本科,江苏鱼跃医疗设备
前程无忧,计算机,计算机 / AI 技术岗,115000,南京,无需经验,本科,江苏苏豪国际集团
前程无忧,计算机,计算机教师,7000,南京,1-3年,硕士,南京视觉艺术职业学院
前程无忧,计算机,CIM工程师（计算机整合制造工程师）,16000,南京,无需经验,硕士,台积电（南京）
前程无忧,计算机,计算生物学/机器学习科学家（蛋白大分子方向）,19000,南京,1-3年,硕士,南京金斯瑞生物科技
前程无忧,计算机,IT技术开发经理（金融国企）,325000,南京,5年及以上,硕士,前锦网络信息技术（上海）
前程无忧,计算机,it运维工程师,7000,南京,1年及以上,大专,上海普炳软件科技
前程无忧,计算机,量子计算工程师,12500,南京,1年,硕士,中通服咨询设计研究院
前程无忧,计算机,数智HSE售前工程师,9000,南京,3年及以上,本科,南京晓帆工业互联网
前程无忧,计算机,售前工程师（JG行业）,22500,南京,3年及以上,本科,江苏致网科技
前程无忧,计算机,算法工程师,20000,南京,3年及以上,本科,江苏致网科技
前程无忧,计算机,AI算法工程师,30000,南京,3年及以上,本科,江苏鱼跃医疗设备
前程无忧,计算机,嵌入式软件工程师,22500,南京,5年及以上,本科,安徽磐璞智能科技
前程无忧,计算机,边缘计算工程师,8000,南京,2年及以上,本科,南京环保产业创新中心
前程无忧,计算机,高级计算科学家（蛋白大分子方向）,31500,南京,1-3年,博士,南京金斯瑞生物科技
前程无忧,计算机,AI药物科学家 / 计算化学研究员,26500,南京,3年及以上,硕士,南京至盛为康科技
前程无忧,计算机,存储计算销售经理,6000,南京,1年及以上,大专,南京和兆信息网络
前程无忧,计算机,机器人算法与系统研发实习生,3000,南京,无需经验,硕士,中科南京工业人工智能研究院
前程无忧,计算机,机器学习工程师,13000,南京,2年,本科,南京环保产业创新中心
前程无忧,计算机,3D 视觉算法工程师（结构光相机方向）,23000,南京,1年及以上,硕士,惠州市德赛西威汽车电子
前程无忧,计算机,计算机教师,7000,南京,1-3年,硕士,南京视觉艺术职业学院
前程无忧,计算机,计算机 / AI 技术岗,115000,南京,无需经验,本科,江苏苏豪国际集团
前程无忧,计算机,AI Agent开发工程师,30000,南京,3年及以上,本科,江苏鱼跃医疗设备
前程无忧,计算机,CIM工程师（计算机整合制造工程师）,16000,南京,无需经验,硕士,台积电（南京）
前程无忧,计算机,计算生物学/机器学习科学家（蛋白大分子方向）,19000,南京,1-3年,硕士,南京金斯瑞生物科技
前程无忧,计算机,IT技术开发经理（金融国企）,325000,南京,5年及以上,硕士,前锦网络信息技术（上海）
前程无忧,计算机,it运维工程师,7000,南京,1年及以上,大专,上海普炳软件科技
前程无忧,计算机,量子计算工程师,12500,南京,1年,硕士,中通服咨询设计研究院
前程无忧,计算机,数智HSE售前工程师,9000,南京,3年及以上,本科,南京晓帆工业互联网
前程无忧,计算机,售前工程师（JG行业）,22500,南京,3年及以上,本科,江苏致网科技
前程无忧,计算机,算法工程师,20000,南京,3年及以上,本科,江苏致网科技
前程无忧,计算机,AI算法工程师,30000,南京,3年及以上,本科,江苏鱼跃医疗设备
前程无忧,计算机,嵌入式软件工程师,22500,南京,5年及以上,本科,安徽磐璞智能科技
前程无忧,计算机,Java开发工程师（金融信贷方向）,14000,南京,4年及以上,本科,中数金智（上海）科技
前程无忧,计算机,边缘计算工程师,8000,南京,2年及以上,本科,南京环保产业创新中心
前程无忧,计算机,高级计算科学家（蛋白大分子方向）,31500,南京,1-3年,博士,南京金斯瑞生物科技
前程无忧,计算机,AI药物科学家 / 计算化学研究员,26500,南京,3年及以上,硕士,南京至盛为康科技
前程无忧,计算机,存储计算销售经理,6000,南京,1年及以上,大专,南京和兆信息网络
前程无忧,计算机,机器人算法与系统研发实习生,3000,南京,无需经验,硕士,中科南京工业人工智能研究院
前程无忧,计算机,机器学习工程师,13000,南京,2年,本科,南京环保产业创新中心
前程无忧,计算机,计算机教师,7000,南京,1-3年,硕士,南京视觉艺术职业学院
前程无忧,计算机,计算机 / AI 技术岗,115000,南京,无需经验,本科,江苏苏豪国际集团
前程无忧,计算机,AI Agent开发工程师,30000,南京,3年及以上,本科,江苏鱼跃医疗设备
前程无忧,计算机,CIM工程师（计算机整合制造工程师）,16000,南京,无需经验,硕士,台积电（南京）
前程无忧,计算机,计算生物学/机器学习科学家（蛋白大分子方向）,19000,南京,1-3年,硕士,南京金斯瑞生物科技
前程无忧,计算机,IT技术开发经理（金融国企）,325000,南京,5年及以上,硕士,前锦网络信息技术（上海）
前程无忧,计算机,it运维工程师,7000,南京,1年及以上,大专,上海普炳软件科技
前程无忧,计算机,量子计算工程师,12500,南京,1年,硕士,中通服咨询设计研究院
前程无忧,计算机,数智HSE售前工程师,9000,南京,3年及以上,本科,南京晓帆工业互联网
前程无忧,计算机,售前工程师（JG行业）,22500,南京,3年及以上,本科,江苏致网科技
前程无忧,计算机,算法工程师,20000,南京,3年及以上,本科,江苏致网科技
前程无忧,计算机,AI算法工程师,30000,南京,3年及以上,本科,江苏鱼跃医疗设备
前程无忧,计算机,嵌入式软件工程师,22500,南京,5年及以上,本科,安徽磐璞智能科技
前程无忧,计算机,Java开发工程师（金融信贷方向）,14000,南京,4年及以上,本科,中数金智（上海）科技
前程无忧,计算机,边缘计算工程师,8000,南京,2年及以上,本科,南京环保产业创新中心
前程无忧,计算机,高级计算科学家（蛋白大分子方向）,31500,南京,1-3年,博士,南京金斯瑞生物科技
前程无忧,计算机,AI药物科学家 / 计算化学研究员,26500,南京,3年及以上,硕士,南京至盛为康科技
前程无忧,计算机,存储计算销售经理,6000,南京,1年及以上,大专,南京和兆信息网络
前程无忧,计算机,机器人算法与系统研发实习生,3000,南京,无需经验,硕士,中科南京工业人工智能研究院
前程无忧,计算机,机器学习工程师,13000,南京,2年,本科,南京环保产业创新中心
前程无忧,计算机,AI Agent开发工程师,30000,南京,3年及以上,本科,江苏鱼跃医疗设备
前程无忧,计算机,计算机 / AI 技术岗,115000,南京,无需经验,本科,江苏苏豪国际集团
前程无忧,计算机,计算机教师,7000,南京,1-3年,硕士,南京视觉艺术职业学院
前程无忧,计算机,CIM工程师（计算机整合制造工程师）,16000,南京,无需经验,硕士,台积电（南京）
前程无忧,计算机,计算生物学/机器学习科学家（蛋白大分子方向）,19000,南京,1-3年,硕士,南京金斯瑞生物科技
前程无忧,计算机,IT技术开发经理（金融国企）,325000,南京,5年及以上,硕士,前锦网络信息技术（上海）
前程无忧,计算机,it运维工程师,7000,南京,1年及以上,大专,上海普炳软件科技
前程无忧,计算机,量子计算工程师,12500,南京,1年,硕士,中通服咨询设计研究院
前程无忧,计算机,数智HSE售前工程师,9000,南京,3年及以上,本科,南京晓帆工业互联网
前程无忧,计算机,售前工程师（JG行业）,22500,南京,3年及以上,本科,江苏致网科技
前程无忧,计算机,算法工程师,20000,南京,3年及以上,本科,江苏致网科技
前程无忧,计算机,AI算法工程师,30000,南京,3年及以上,本科,江苏鱼跃医疗设备
前程无忧,计算机,嵌入式软件工程师,22500,南京,5年及以上,本科,安徽磐璞智能科技
前程无忧,计算机,边缘计算工程师,8000,南京,2年及以上,本科,南京环保产业创新中心
前程无忧,计算机,高级计算科学家（蛋白大分子方向）,31500,南京,1-3年,博士,南京金斯瑞生物科技
前程无忧,计算机,AI药物科学家 / 计算化学研究员,26500,南京,3年及以上,硕士,南京至盛为康科技
前程无忧,计算机,存储计算销售经理,6000,南京,1年及以上,大专,南京和兆信息网络
前程无忧,计算机,机器人算法与系统研发实习生,3000,南京,无需经验,硕士,中科南京工业人工智能研究院
前程无忧,计算机,机器学习工程师,13000,南京,2年,本科,南京环保产业创新中心
前程无忧,计算机,3D 视觉算法工程师（结构光相机方向）,23000,南京,1年及以上,硕士,惠州市德赛西威汽车电子
前程无忧,计算机,计算机教师,7000,南京,1-3年,硕士,南京视觉艺术职业学院
前程无忧,计算机,计算机 / AI 技术岗,115000,南京,无需经验,本科,江苏苏豪国际集团
前程无忧,计算机,AI Agent开发工程师,30000,南京,3年及以上,本科,江苏鱼跃医疗设备
前程无忧,计算机,CIM工程师（计算机整合制造工程师）,16000,南京,无需经验,硕士,台积电（南京）
前程无忧,计算机,计算生物学/机器学习科学家（蛋白大分子方向）,19000,南京,1-3年,硕士,南京金斯瑞生物科技
前程无忧,计算机,IT技术开发经理（金融国企）,325000,南京,5年及以上,硕士,前锦网络信息技术（上海）
前程无忧,计算机,it运维工程师,7000,南京,1年及以上,大专,上海普炳软件科技
前程无忧,计算机,量子计算工程师,12500,南京,1年,硕士,中通服咨询设计研究院
前程无忧,计算机,数智HSE售前工程师,9000,南京,3年及以上,本科,南京晓帆工业互联网
前程无忧,计算机,售前工程师（JG行业）,22500,南京,3年及以上,本科,江苏致网科技
前程无忧,计算机,算法工程师,20000,南京,3年及以上,本科,江苏致网科技
前程无忧,计算机,AI算法工程师,30000,南京,3年及以上,本科,江苏鱼跃医疗设备
前程无忧,计算机,嵌入式软件工程师,22500,南京,5年及以上,本科,安徽磐璞智能科技
前程无忧,计算机,Java开发工程师（金融信贷方向）,14000,南京,4年及以上,本科,中数金智（上海）科技
前程无忧,计算机,边缘计算工程师,8000,南京,2年及以上,本科,南京环保产业创新中心
前程无忧,计算机,高级计算科学家（蛋白大分子方向）,31500,南京,1-3年,博士,南京金斯瑞生物科技
前程无忧,计算机,AI药物科学家 / 计算化学研究员,26500,南京,3年及以上,硕士,南京至盛为康科技
前程无忧,计算机,存储计算销售经理,6000,南京,1年及以上,大专,南京和兆信息网络
前程无忧,计算机,机器人算法与系统研发实习生,3000,南京,无需经验,硕士,中科南京工业人工智能研究院
前程无忧,计算机,机器学习工程师,13000,南京,2年,本科,南京环保产业创新中心
前程无忧,计算机,AI Agent开发工程师,30000,南京,3年及以上,本科,江苏鱼跃医疗设备
前程无忧,计算机,计算机 / AI 技术岗,115000,南京,无需经验,本科,江苏苏豪国际集团
前程无忧,计算机,计算机教师,7000,南京,1-3年,硕士,南京视觉艺术职业学院
前程无忧,计算机,CIM工程师（计算机整合制造工程师）,16000,南京,无需经验,硕士,台积电（南京）
前程无忧,计算机,计算生物学/机器学习科学家（蛋白大分子方向）,19000,南京,1-3年,硕士,南京金斯瑞生物科技
前程无忧,计算机,IT技术开发经理（金融国企）,325000,南京,5年及以上,硕士,前锦网络信息技术（上海）
前程无忧,计算机,it运维工程师,7000,南京,1年及以上,大专,上海普炳软件科技
前程无忧,计算机,量子计算工程师,12500,南京,1年,硕士,中通服咨询设计研究院
前程无忧,计算机,数智HSE售前工程师,9000,南京,3年及以上,本科,南京晓帆工业互联网
前程无忧,计算机,售前工程师（JG行业）,22500,南京,3年及以上,本科,江苏致网科技
前程无忧,计算机,算法工程师,20000,南京,3年及以上,本科,江苏致网科技
前程无忧,计算机,AI算法工程师,30000,南京,3年及以上,本科,江苏鱼跃医疗设备
前程无忧,计算机,嵌入式软件工程师,22500,南京,5年及以上,本科,安徽磐璞智能科技
前程无忧,计算机,边缘计算工程师,8000,南京,2年及以上,本科,南京环保产业创新中心
前程无忧,计算机,高级计算科学家（蛋白大分子方向）,31500,南京,1-3年,博士,南京金斯瑞生物科技
前程无忧,计算机,AI药物科学家 / 计算化学研究员,26500,南京,3年及以上,硕士,南京至盛为康科技
前程无忧,计算机,存储计算销售经理,6000,南京,1年及以上,大专,南京和兆信息网络
前程无忧,计算机,机器人算法与系统研发实习生,3000,南京,无需经验,硕士,中科南京工业人工智能研究院
前程无忧,计算机,机器学习工程师,13000,南京,2年,本科,南京环保产业创新中心
前程无忧,计算机,3D 视觉算法工程师（结构光相机方向）,23000,南京,1年及以上,硕士,惠州市德赛西威汽车电子
前程无忧,计算机,AI Agent开发工程师,30000,南京,3年及以上,本科,江苏鱼跃医疗设备
前程无忧,计算机,计算机 / AI 技术岗,115000,南京,无需经验,本科,江苏苏豪国际集团
前程无忧,计算机,计算机教师,7000,南京,1-3年,硕士,南京视觉艺术职业学院
前程无忧,计算机,CIM工程师（计算机整合制造工程师）,16000,南京,无需经验,硕士,台积电（南京）
前程无忧,计算机,计算生物学/机器学习科学家（蛋白大分子方向）,19000,南京,1-3年,硕士,南京金斯瑞生物科技
前程无忧,计算机,IT技术开发经理（金融国企）,325000,南京,5年及以上,硕士,前锦网络信息技术（上海）
前程无忧,计算机,it运维工程师,7000,南京,1年及以上,大专,上海普炳软件科技
前程无忧,计算机,量子计算工程师,12500,南京,1年,硕士,中通服咨询设计研究院
前程无忧,计算机,数智HSE售前工程师,9000,南京,3年及以上,本科,南京晓帆工业互联网
前程无忧,计算机,售前工程师（JG行业）,22500,南京,3年及以上,本科,江苏致网科技
前程无忧,计算机,算法工程师,20000,南京,3年及以上,本科,江苏致网科技
前程无忧,计算机,AI算法工程师,30000,南京,3年及以上,本科,江苏鱼跃医疗设备
前程无忧,计算机,嵌入式软件工程师,22500,南京,5年及以上,本科,安徽磐璞智能科技
前程无忧,计算机,边缘计算工程师,8000,南京,2年及以上,本科,南京环保产业创新中心
前程无忧,计算机,高级计算科学家（蛋白大分子方向）,31500,南京,1-3年,博士,南京金斯瑞生物科技
前程无忧,计算机,AI药物科学家 / 计算化学研究员,26500,南京,3年及以上,硕士,南京至盛为康科技
前程无忧,计算机,存储计算销售经理,6000,南京,1年及以上,大专,南京和兆信息网络
前程无忧,计算机,机器人算法与系统研发实习生,3000,南京,无需经验,硕士,中科南京工业人工智能研究院
前程无忧,计算机,机器学习工程师,13000,南京,2年,本科,南京环保产业创新中心
前程无忧,计算机,3D 视觉算法工程师（结构光相机方向）,23000,南京,1年及以上,硕士,惠州市德赛西威汽车电子
前程无忧,计算机,计算机教师,7000,南京,1-3年,硕士,南京视觉艺术职业学院
前程无忧,计算机,计算机 / AI 技术岗,115000,南京,无需经验,本科,江苏苏豪国际集团
前程无忧,计算机,AI Agent开发工程师,30000,南京,3年及以上,本科,江苏鱼跃医疗设备
前程无忧,计算机,CIM工程师（计算机整合制造工程师）,16000,南京,无需经验,硕士,台积电（南京）
前程无忧,计算机,计算生物学/机器学习科学家（蛋白大分子方向）,19000,南京,1-3年,硕士,南京金斯瑞生物科技
前程无忧,计算机,IT技术开发经理（金融国企）,325000,南京,5年及以上,硕士,前锦网络信息技术（上海）
前程无忧,计算机,it运维工程师,7000,南京,1年及以上,大专,上海普炳软件科技
前程无忧,计算机,量子计算工程师,12500,南京,1年,硕士,中通服咨询设计研究院
前程无忧,计算机,数智HSE售前工程师,9000,南京,3年及以上,本科,南京晓帆工业互联网
前程无忧,计算机,售前工程师（JG行业）,22500,南京,3年及以上,本科,江苏致网科技
前程无忧,计算机,算法工程师,20000,南京,3年及以上,本科,江苏致网科技
前程无忧,计算机,AI算法工程师,30000,南京,3年及以上,本科,江苏鱼跃医疗设备
前程无忧,计算机,嵌入式软件工程师,22500,南京,5年及以上,本科,安徽磐璞智能科技
前程无忧,计算机,Java开发工程师（金融信贷方向）,14000,南京,4年及以上,本科,中数金智（上海）科技
前程无忧,计算机,边缘计算工程师,8000,南京,2年及以上,本科,南京环保产业创新中心
前程无忧,计算机,高级计算科学家（蛋白大分子方向）,31500,南京,1-3年,博士,南京金斯瑞生物科技
前程无忧,计算机,AI药物科学家 / 计算化学研究员,26500,南京,3年及以上,硕士,南京至盛为康科技
前程无忧,计算机,存储计算销售经理,6000,南京,1年及以上,大专,南京和兆信息网络
前程无忧,计算机,机器人算法与系统研发实习生,3000,南京,无需经验,硕士,中科南京工业人工智能研究院
前程无忧,计算机,机器学习工程师,13000,南京,2年,本科,南京环保产业创新中心
前程无忧,计算机,计算机教师,7000,南京,1-3年,硕士,南京视觉艺术职业学院
前程无忧,计算机,计算机 / AI 技术岗,115000,南京,无需经验,本科,江苏苏豪国际集团
前程无忧,计算机,AI Agent开发工程师,30000,南京,3年及以上,本科,江苏鱼跃医疗设备
前程无忧,计算机,CIM工程师（计算机整合制造工程师）,16000,南京,无需经验,硕士,台积电（南京）
前程无忧,计算机,计算生物学/机器学习科学家（蛋白大分子方向）,19000,南京,1-3年,硕士,南京金斯瑞生物科技
前程无忧,计算机,IT技术开发经理（金融国企）,325000,南京,5年及以上,硕士,前锦网络信息技术（上海）
前程无忧,计算机,it运维工程师,7000,南京,1年及以上,大专,上海普炳软件科技
前程无忧,计算机,量子计算工程师,12500,南京,1年,硕士,中通服咨询设计研究院
前程无忧,计算机,数智HSE售前工程师,9000,南京,3年及以上,本科,南京晓帆工业互联网
前程无忧,计算机,售前工程师（JG行业）,22500,南京,3年及以上,本科,江苏致网科技
前程无忧,计算机,算法工程师,20000,南京,3年及以上,本科,江苏致网科技
前程无忧,计算机,AI算法工程师,30000,南京,3年及以上,本科,江苏鱼跃医疗设备
前程无忧,计算机,嵌入式软件工程师,22500,南京,5年及以上,本科,安徽磐璞智能科技
前程无忧,计算机,Java开发工程师（金融信贷方向）,14000,南京,4年及以上,本科,中数金智（上海）科技
前程无忧,计算机,边缘计算工程师,8000,南京,2年及以上,本科,南京环保产业创新中心
前程无忧,计算机,高级计算科学家（蛋白大分子方向）,31500,南京,1-3年,博士,南京金斯瑞生物科技
前程无忧,计算机,AI药物科学家 / 计算化学研究员,26500,南京,3年及以上,硕士,南京至盛为康科技
前程无忧,计算机,存储计算销售经理,6000,南京,1年及以上,大专,南京和兆信息网络
前程无忧,计算机,机器人算法与系统研发实习生,3000,南京,无需经验,硕士,中科南京工业人工智能研究院
前程无忧,计算机,机器学习工程师,13000,南京,2年,本科,南京环保产业创新中心
前程无忧,计算机,AI Agent开发工程师,30000,南京,3年及以上,本科,江苏鱼跃医疗设备
前程无忧,计算机,计算机教师,7000,南京,1-3年,硕士,南京视觉艺术职业学院
前程无忧,计算机,计算机 / AI 技术岗,115000,南京,无需经验,本科,江苏苏豪国际集团
前程无忧,计算机,CIM工程师（计算机整合制造工程师）,16000,南京,无需经验,硕士,台积电（南京）
前程无忧,计算机,计算生物学/机器学习科学家（蛋白大分子方向）,19000,南京,1-3年,硕士,南京金斯瑞生物科技
前程无忧,计算机,IT技术开发经理（金融国企）,325000,南京,5年及以上,硕士,前锦网络信息技术（上海）
前程无忧,计算机,it运维工程师,7000,南京,1年及以上,大专,上海普炳软件科技
前程无忧,计算机,量子计算工程师,12500,南京,1年,硕士,中通服咨询设计研究院
前程无忧,计算机,数智HSE售前工程师,9000,南京,3年及以上,本科,南京晓帆工业互联网
前程无忧,计算机,售前工程师（JG行业）,22500,南京,3年及以上,本科,江苏致网科技
前程无忧,计算机,算法工程师,20000,南京,3年及以上,本科,江苏致网科技
前程无忧,计算机,AI算法工程师,30000,南京,3年及以上,本科,江苏鱼跃医疗设备
前程无忧,计算机,嵌入式软件工程师,22500,南京,5年及以上,本科,安徽磐璞智能科技
前程无忧,计算机,Java开发工程师（金融信贷方向）,14000,南京,4年及以上,本科,中数金智（上海）科技
前程无忧,计算机,边缘计算工程师,8000,南京,2年及以上,本科,南京环保产业创新中心
前程无忧,计算机,高级计算科学家（蛋白大分子方向）,31500,南京,1-3年,博士,南京金斯瑞生物科技
前程无忧,计算机,AI药物科学家 / 计算化学研究员,26500,南京,3年及以上,硕士,南京至盛为康科技
前程无忧,计算机,存储计算销售经理,6000,南京,1年及以上,大专,南京和兆信息网络
前程无忧,计算机,机器人算法与系统研发实习生,3000,南京,无需经验,硕士,中科南京工业人工智能研究院
前程无忧,计算机,机器学习工程师,13000,南京,2年,本科,南京环保产业创新中心
前程无忧,计算机,计算机教师,7000,南京,1-3年,硕士,南京视觉艺术职业学院
前程无忧,计算机,计算机 / AI 技术岗,115000,南京,无需经验,本科,江苏苏豪国际集团
前程无忧,计算机,AI Agent开发工程师,30000,南京,3年及以上,本科,江苏鱼跃医疗设备
前程无忧,计算机,CIM工程师（计算机整合制造工程师）,16000,南京,无需经验,硕士,台积电（南京）
前程无忧,计算机,计算生物学/机器学习科学家（蛋白大分子方向）,19000,南京,1-3年,硕士,南京金斯瑞生物科技
前程无忧,计算机,IT技术开发经理（金融国企）,325000,南京,5年及以上,硕士,前锦网络信息技术（上海）
前程无忧,计算机,it运维工程师,7000,南京,1年及以上,大专,上海普炳软件科技
前程无忧,计算机,量子计算工程师,12500,南京,1年,硕士,中通服咨询设计研究院
前程无忧,计算机,数智HSE售前工程师,9000,南京,3年及以上,本科,南京晓帆工业互联网
前程无忧,计算机,售前工程师（JG行业）,22500,南京,3年及以上,本科,江苏致网科技
前程无忧,计算机,算法工程师,20000,南京,3年及以上,本科,江苏致网科技
前程无忧,计算机,AI算法工程师,30000,南京,3年及以上,本科,江苏鱼跃医疗设备
前程无忧,计算机,嵌入式软件工程师,22500,南京,5年及以上,本科,安徽磐璞智能科技
前程无忧,计算机,Java开发工程师（金融信贷方向）,14000,南京,4年及以上,本科,中数金智（上海）科技
前程无忧,计算机,边缘计算工程师,8000,南京,2年及以上,本科,南京环保产业创新中心
前程无忧,计算机,高级计算科学家（蛋白大分子方向）,31500,南京,1-3年,博士,南京金斯瑞生物科技
前程无忧,计算机,AI药物科学家 / 计算化学研究员,26500,南京,3年及以上,硕士,南京至盛为康科技
前程无忧,计算机,存储计算销售经理,6000,南京,1年及以上,大专,南京和兆信息网络
前程无忧,计算机,机器人算法与系统研发实习生,3000,南京,无需经验,硕士,中科南京工业人工智能研究院
前程无忧,计算机,机器学习工程师,13000,南京,2年,本科,南京环保产业创新中心
前程无忧,计算机,AI Agent开发工程师,30000,南京,3年及以上,本科,江苏鱼跃医疗设备
前程无忧,计算机,计算机 / AI 技术岗,115000,南京,无需经验,本科,江苏苏豪国际集团
前程无忧,计算机,计算机教师,7000,南京,1-3年,硕士,南京视觉艺术职业学院
前程无忧,计算机,CIM工程师（计算机整合制造工程师）,16000,南京,无需经验,硕士,台积电（南京）
前程无忧,计算机,计算生物学/机器学习科学家（蛋白大分子方向）,19000,南京,1-3年,硕士,南京金斯瑞生物科技
前程无忧,计算机,IT技术开发经理（金融国企）,325000,南京,5年及以上,硕士,前锦网络信息技术（上海）
前程无忧,计算机,it运维工程师,7000,南京,1年及以上,大专,上海普炳软件科技
前程无忧,计算机,量子计算工程师,12500,南京,1年,硕士,中通服咨询设计研究院
前程无忧,计算机,数智HSE售前工程师,9000,南京,3年及以上,本科,南京晓帆工业互联网
前程无忧,计算机,售前工程师（JG行业）,22500,南京,3年及以上,本科,江苏致网科技
前程无忧,计算机,算法工程师,20000,南京,3年及以上,本科,江苏致网科技
前程无忧,计算机,AI算法工程师,30000,南京,3年及以上,本科,江苏鱼跃医疗设备
前程无忧,计算机,嵌入式软件工程师,22500,南京,5年及以上,本科,安徽磐璞智能科技
前程无忧,计算机,边缘计算工程师,8000,南京,2年及以上,本科,南京环保产业创新中心
前程无忧,计算机,高级计算科学家（蛋白大分子方向）,31500,南京,1-3年,博士,南京金斯瑞生物科技
前程无忧,计算机,AI药物科学家 / 计算化学研究员,26500,南京,3年及以上,硕士,南京至盛为康科技
前程无忧,计算机,存储计算销售经理,6000,南京,1年及以上,大专,南京和兆信息网络
前程无忧,计算机,机器人算法与系统研发实习生,3000,南京,无需经验,硕士,中科南京工业人工智能研究院
前程无忧,计算机,机器学习工程师,13000,南京,2年,本科,南京环保产业创新中心
前程无忧,计算机,3D 视觉算法工程师（结构光相机方向）,23000,南京,1年及以上,硕士,惠州市德赛西威汽车电子
前程无忧,计算机,计算机教师,7000,南京,1-3年,硕士,南京视觉艺术职业学院
前程无忧,计算机,计算机 / AI 技术岗,115000,南京,无需经验,本科,江苏苏豪国际集团
前程无忧,计算机,AI Agent开发工程师,30000,南京,3年及以上,本科,江苏鱼跃医疗设备
前程无忧,计算机,CIM工程师（计算机整合制造工程师）,16000,南京,无需经验,硕士,台积电（南京）
前程无忧,计算机,计算生物学/机器学习科学家（蛋白大分子方向）,19000,南京,1-3年,硕士,南京金斯瑞生物科技
前程无忧,计算机,IT技术开发经理（金融国企）,325000,南京,5年及以上,硕士,前锦网络信息技术（上海）
前程无忧,计算机,it运维工程师,7000,南京,1年及以上,大专,上海普炳软件科技
前程无忧,计算机,量子计算工程师,12500,南京,1年,硕士,中通服咨询设计研究院
前程无忧,计算机,数智HSE售前工程师,9000,南京,3年及以上,本科,南京晓帆工业互联网
前程无忧,计算机,售前工程师（JG行业）,22500,南京,3年及以上,本科,江苏致网科技
前程无忧,计算机,算法工程师,20000,南京,3年及以上,本科,江苏致网科技
前程无忧,计算机,AI算法工程师,30000,南京,3年及以上,本科,江苏鱼跃医疗设备
前程无忧,计算机,嵌入式软件工程师,22500,南京,5年及以上,本科,安徽磐璞智能科技
前程无忧,计算机,Java开发工程师（金融信贷方向）,14000,南京,4年及以上,本科,中数金智（上海）科技
前程无忧,计算机,边缘计算工程师,8000,南京,2年及以上,本科,南京环保产业创新中心
前程无忧,计算机,高级计算科学家（蛋白大分子方向）,31500,南京,1-3年,博士,南京金斯瑞生物科技
前程无忧,计算机,AI药物科学家 / 计算化学研究员,26500,南京,3年及以上,硕士,南京至盛为康科技
前程无忧,计算机,存储计算销售经理,6000,南京,1年及以上,大专,南京和兆信息网络
前程无忧,计算机,机器人算法与系统研发实习生,3000,南京,无需经验,硕士,中科南京工业人工智能研究院
前程无忧,计算机,机器学习工程师,13000,南京,2年,本科,南京环保产业创新中心
前程无忧,计算机,AI Agent开发工程师,30000,南京,3年及以上,本科,江苏鱼跃医疗设备
前程无忧,计算机,计算机教师,7000,南京,1-3年,硕士,南京视觉艺术职业学院
前程无忧,计算机,计算机 / AI 技术岗,115000,南京,无需经验,本科,江苏苏豪国际集团
前程无忧,计算机,CIM工程师（计算机整合制造工程师）,16000,南京,无需经验,硕士,台积电（南京）
前程无忧,计算机,计算生物学/机器学习科学家（蛋白大分子方向）,19000,南京,1-3年,硕士,南京金斯瑞生物科技
前程无忧,计算机,IT技术开发经理（金融国企）,325000,南京,5年及以上,硕士,前锦网络信息技术（上海）
前程无忧,计算机,it运维工程师,7000,南京,1年及以上,大专,上海普炳软件科技
前程无忧,计算机,量子计算工程师,12500,南京,1年,硕士,中通服咨询设计研究院
前程无忧,计算机,数智HSE售前工程师,9000,南京,3年及以上,本科,南京晓帆工业互联网
前程无忧,计算机,售前工程师（JG行业）,22500,南京,3年及以上,本科,江苏致网科技
前程无忧,计算机,算法工程师,20000,南京,3年及以上,本科,江苏致网科技
前程无忧,计算机,AI算法工程师,30000,南京,3年及以上,本科,江苏鱼跃医疗设备
前程无忧,计算机,嵌入式软件工程师,22500,南京,5年及以上,本科,安徽磐璞智能科技
前程无忧,计算机,Java开发工程师（金融信贷方向）,14000,南京,4年及以上,本科,中数金智（上海）科技
前程无忧,计算机,边缘计算工程师,8000,南京,2年及以上,本科,南京环保产业创新中心
前程无忧,计算机,高级计算科学家（蛋白大分子方向）,31500,南京,1-3年,博士,南京金斯瑞生物科技
前程无忧,计算机,AI药物科学家 / 计算化学研究员,26500,南京,3年及以上,硕士,南京至盛为康科技
前程无忧,计算机,存储计算销售经理,6000,南京,1年及以上,大专,南京和兆信息网络
前程无忧,计算机,机器人算法与系统研发实习生,3000,南京,无需经验,硕士,中科南京工业人工智能研究院
前程无忧,计算机,机器学习工程师,13000,南京,2年,本科,南京环保产业创新中心
前程无忧,计算机,AI Agent开发工程师,30000,南京,3年及以上,本科,江苏鱼跃医疗设备
前程无忧,计算机,计算机 / AI 技术岗,115000,南京,无需经验,本科,江苏苏豪国际集团
前程无忧,计算机,计算机教师,7000,南京,1-3年,硕士,南京视觉艺术职业学院
前程无忧,计算机,CIM工程师（计算机整合制造工程师）,16000,南京,无需经验,硕士,台积电（南京）
前程无忧,计算机,计算生物学/机器学习科学家（蛋白大分子方向）,19000,南京,1-3年,硕士,南京金斯瑞生物科技
前程无忧,计算机,IT技术开发经理（金融国企）,325000,南京,5年及以上,硕士,前锦网络信息技术（上海）
前程无忧,计算机,it运维工程师,7000,南京,1年及以上,大专,上海普炳软件科技
前程无忧,计算机,量子计算工程师,12500,南京,1年,硕士,中通服咨询设计研究院
前程无忧,计算机,数智HSE售前工程师,9000,南京,3年及以上,本科,南京晓帆工业互联网
前程无忧,计算机,售前工程师（JG行业）,22500,南京,3年及以上,本科,江苏致网科技
前程无忧,计算机,算法工程师,20000,南京,3年及以上,本科,江苏致网科技
前程无忧,计算机,AI算法工程师,30000,南京,3年及以上,本科,江苏鱼跃医疗设备
前程无忧,计算机,嵌入式软件工程师,22500,南京,5年及以上,本科,安徽磐璞智能科技
前程无忧,计算机,边缘计算工程师,8000,南京,2年及以上,本科,南京环保产业创新中心
前程无忧,计算机,高级计算科学家（蛋白大分子方向）,31500,南京,1-3年,博士,南京金斯瑞生物科技
前程无忧,计算机,AI药物科学家 / 计算化学研究员,26500,南京,3年及以上,硕士,南京至盛为康科技
前程无忧,计算机,存储计算销售经理,6000,南京,1年及以上,大专,南京和兆信息网络
前程无忧,计算机,机器人算法与系统研发实习生,3000,南京,无需经验,硕士,中科南京工业人工智能研究院
前程无忧,计算机,机器学习工程师,13000,南京,2年,本科,南京环保产业创新中心
前程无忧,计算机,3D 视觉算法工程师（结构光相机方向）,23000,南京,1年及以上,硕士,惠州市德赛西威汽车电子
前程无忧,计算机,计算机教师,7000,南京,1-3年,硕士,南京视觉艺术职业学院
前程无忧,计算机,计算机 / AI 技术岗,115000,南京,无需经验,本科,江苏苏豪国际集团
前程无忧,计算机,AI Agent开发工程师,30000,南京,3年及以上,本科,江苏鱼跃医疗设备
前程无忧,计算机,CIM工程师（计算机整合制造工程师）,16000,南京,无需经验,硕士,台积电（南京）
前程无忧,计算机,计算生物学/机器学习科学家（蛋白大分子方向）,19000,南京,1-3年,硕士,南京金斯瑞生物科技
前程无忧,计算机,IT技术开发经理（金融国企）,325000,南京,5年及以上,硕士,前锦网络信息技术（上海）
前程无忧,计算机,it运维工程师,7000,南京,1年及以上,大专,上海普炳软件科技
前程无忧,计算机,量子计算工程师,12500,南京,1年,硕士,中通服咨询设计研究院
前程无忧,计算机,数智HSE售前工程师,9000,南京,3年及以上,本科,南京晓帆工业互联网
前程无忧,计算机,售前工程师（JG行业）,22500,南京,3年及以上,本科,江苏致网科技
前程无忧,计算机,算法工程师,20000,南京,3年及以上,本科,江苏致网科技
前程无忧,计算机,AI算法工程师,30000,南京,3年及以上,本科,江苏鱼跃医疗设备
前程无忧,计算机,嵌入式软件工程师,22500,南京,5年及以上,本科,安徽磐璞智能科技
前程无忧,计算机,Java开发工程师（金融信贷方向）,14000,南京,4年及以上,本科,中数金智（上海）科技
前程无忧,计算机,边缘计算工程师,8000,南京,2年及以上,本科,南京环保产业创新中心
前程无忧,计算机,高级计算科学家（蛋白大分子方向）,31500,南京,1-3年,博士,南京金斯瑞生物科技
前程无忧,计算机,AI药物科学家 / 计算化学研究员,26500,南京,3年及以上,硕士,南京至盛为康科技
前程无忧,计算机,存储计算销售经理,6000,南京,1年及以上,大专,南京和兆信息网络
前程无忧,计算机,机器人算法与系统研发实习生,3000,南京,无需经验,硕士,中科南京工业人工智能研究院
前程无忧,计算机,机器学习工程师,13000,南京,2年,本科,南京环保产业创新中心
前程无忧,计算机,AI Agent开发工程师,30000,南京,3年及以上,本科,江苏鱼跃医疗设备
前程无忧,计算机,计算机 / AI 技术岗,115000,南京,无需经验,本科,江苏苏豪国际集团
前程无忧,计算机,计算机教师,7000,南京,1-3年,硕士,南京视觉艺术职业学院
前程无忧,计算机,CIM工程师（计算机整合制造工程师）,16000,南京,无需经验,硕士,台积电（南京）
前程无忧,计算机,计算生物学/机器学习科学家（蛋白大分子方向）,19000,南京,1-3年,硕士,南京金斯瑞生物科技
前程无忧,计算机,IT技术开发经理（金融国企）,325000,南京,5年及以上,硕士,前锦网络信息技术（上海）
前程无忧,计算机,it运维工程师,7000,南京,1年及以上,大专,上海普炳软件科技
前程无忧,计算机,量子计算工程师,12500,南京,1年,硕士,中通服咨询设计研究院
前程无忧,计算机,数智HSE售前工程师,9000,南京,3年及以上,本科,南京晓帆工业互联网
前程无忧,计算机,售前工程师（JG行业）,22500,南京,3年及以上,本科,江苏致网科技
前程无忧,计算机,算法工程师,20000,南京,3年及以上,本科,江苏致网科技
前程无忧,计算机,AI算法工程师,30000,南京,3年及以上,本科,江苏鱼跃医疗设备
前程无忧,计算机,嵌入式软件工程师,22500,南京,5年及以上,本科,安徽磐璞智能科技
前程无忧,计算机,边缘计算工程师,8000,南京,2年及以上,本科,南京环保产业创新中心
前程无忧,计算机,高级计算科学家（蛋白大分子方向）,31500,南京,1-3年,博士,南京金斯瑞生物科技
前程无忧,计算机,AI药物科学家 / 计算化学研究员,26500,南京,3年及以上,硕士,南京至盛为康科技
前程无忧,计算机,存储计算销售经理,6000,南京,1年及以上,大专,南京和兆信息网络
前程无忧,计算机,机器人算法与系统研发实习生,3000,南京,无需经验,硕士,中科南京工业人工智能研究院
前程无忧,计算机,机器学习工程师,13000,南京,2年,本科,南京环保产业创新中心
前程无忧,计算机,3D 视觉算法工程师（结构光相机方向）,23000,南京,1年及以上,硕士,惠州市德赛西威汽车电子
前程无忧,计算机,AI Agent开发工程师,30000,南京,3年及以上,本科,江苏鱼跃医疗设备
前程无忧,计算机,计算机 / AI 技术岗,115000,南京,无需经验,本科,江苏苏豪国际集团
前程无忧,计算机,计算机教师,7000,南京,1-3年,硕士,南京视觉艺术职业学院
前程无忧,计算机,CIM工程师（计算机整合制造工程师）,16000,南京,无需经验,硕士,台积电（南京）
前程无忧,计算机,计算生物学/机器学习科学家（蛋白大分子方向）,19000,南京,1-3年,硕士,南京金斯瑞生物科技
前程无忧,计算机,IT技术开发经理（金融国企）,325000,南京,5年及以上,硕士,前锦网络信息技术（上海）
前程无忧,计算机,it运维工程师,7000,南京,1年及以上,大专,上海普炳软件科技
前程无忧,计算机,量子计算工程师,12500,南京,1年,硕士,中通服咨询设计研究院
前程无忧,计算机,数智HSE售前工程师,9000,南京,3年及以上,本科,南京晓帆工业互联网
前程无忧,计算机,售前工程师（JG行业）,22500,南京,3年及以上,本科,江苏致网科技
前程无忧,计算机,算法工程师,20000,南京,3年及以上,本科,江苏致网科技
前程无忧,计算机,AI算法工程师,30000,南京,3年及以上,本科,江苏鱼跃医疗设备
前程无忧,计算机,嵌入式软件工程师,22500,南京,5年及以上,本科,安徽磐璞智能科技
前程无忧,计算机,边缘计算工程师,8000,南京,2年及以上,本科,南京环保产业创新中心
前程无忧,计算机,高级计算科学家（蛋白大分子方向）,31500,南京,1-3年,博士,南京金斯瑞生物科技
前程无忧,计算机,AI药物科学家 / 计算化学研究员,26500,南京,3年及以上,硕士,南京至盛为康科技
前程无忧,计算机,存储计算销售经理,6000,南京,1年及以上,大专,南京和兆信息网络
前程无忧,计算机,机器人算法与系统研发实习生,3000,南京,无需经验,硕士,中科南京工业人工智能研究院
前程无忧,计算机,机器学习工程师,13000,南京,2年,本科,南京环保产业创新中心
前程无忧,计算机,3D 视觉算法工程师（结构光相机方向）,23000,南京,1年及以上,硕士,惠州市德赛西威汽车电子
前程无忧,计算机,AI Agent开发工程师,30000,南京,3年及以上,本科,江苏鱼跃医疗设备
前程无忧,计算机,计算机教师,7000,南京,1-3年,硕士,南京视觉艺术职业学院
前程无忧,计算机,计算机 / AI 技术岗,115000,南京,无需经验,本科,江苏苏豪国际集团
前程无忧,计算机,CIM工程师（计算机整合制造工程师）,16000,南京,无需经验,硕士,台积电（南京）
前程无忧,计算机,计算生物学/机器学习科学家（蛋白大分子方向）,19000,南京,1-3年,硕士,南京金斯瑞生物科技
前程无忧,计算机,IT技术开发经理（金融国企）,325000,南京,5年及以上,硕士,前锦网络信息技术（上海）
前程无忧,计算机,it运维工程师,7000,南京,1年及以上,大专,上海普炳软件科技
前程无忧,计算机,量子计算工程师,12500,南京,1年,硕士,中通服咨询设计研究院
前程无忧,计算机,数智HSE售前工程师,9000,南京,3年及以上,本科,南京晓帆工业互联网
前程无忧,计算机,售前工程师（JG行业）,22500,南京,3年及以上,本科,江苏致网科技
前程无忧,计算机,算法工程师,20000,南京,3年及以上,本科,江苏致网科技
前程无忧,计算机,AI算法工程师,30000,南京,3年及以上,本科,江苏鱼跃医疗设备
前程无忧,计算机,嵌入式软件工程师,22500,南京,5年及以上,本科,安徽磐璞智能科技
前程无忧,计算机,Java开发工程师（金融信贷方向）,14000,南京,4年及以上,本科,中数金智（上海）科技
前程无忧,计算机,边缘计算工程师,8000,南京,2年及以上,本科,南京环保产业创新中心
前程无忧,计算机,高级计算科学家（蛋白大分子方向）,31500,南京,1-3年,博士,南京金斯瑞生物科技
前程无忧,计算机,AI药物科学家 / 计算化学研究员,26500,南京,3年及以上,硕士,南京至盛为康科技
前程无忧,计算机,存储计算销售经理,6000,南京,1年及以上,大专,南京和兆信息网络
前程无忧,计算机,机器人算法与系统研发实习生,3000,南京,无需经验,硕士,中科南京工业人工智能研究院
前程无忧,计算机,机器学习工程师,13000,南京,2年,本科,南京环保产业创新中心
前程无忧,计算机,计算机教师,7000,南京,1-3年,硕士,南京视觉艺术职业学院
前程无忧,计算机,计算机 / AI 技术岗,115000,南京,无需经验,本科,江苏苏豪国际集团
前程无忧,计算机,AI Agent开发工程师,30000,南京,3年及以上,本科,江苏鱼跃医疗设备
前程无忧,计算机,CIM工程师（计算机整合制造工程师）,16000,南京,无需经验,硕士,台积电（南京）
前程无忧,计算机,计算生物学/机器学习科学家（蛋白大分子方向）,19000,南京,1-3年,硕士,南京金斯瑞生物科技
前程无忧,计算机,IT技术开发经理（金融国企）,325000,南京,5年及以上,硕士,前锦网络信息技术（上海）
前程无忧,计算机,it运维工程师,7000,南京,1年及以上,大专,上海普炳软件科技
前程无忧,计算机,量子计算工程师,12500,南京,1年,硕士,中通服咨询设计研究院
前程无忧,计算机,数智HSE售前工程师,9000,南京,3年及以上,本科,南京晓帆工业互联网
前程无忧,计算机,售前工程师（JG行业）,22500,南京,3年及以上,本科,江苏致网科技
前程无忧,计算机,算法工程师,20000,南京,3年及以上,本科,江苏致网科技
前程无忧,计算机,AI算法工程师,30000,南京,3年及以上,本科,江苏鱼跃医疗设备
前程无忧,计算机,嵌入式软件工程师,22500,南京,5年及以上,本科,安徽磐璞智能科技
前程无忧,计算机,Java开发工程师（金融信贷方向）,14000,南京,4年及以上,本科,中数金智（上海）科技
前程无忧,计算机,边缘计算工程师,8000,南京,2年及以上,本科,南京环保产业创新中心
前程无忧,计算机,高级计算科学家（蛋白大分子方向）,31500,南京,1-3年,博士,南京金斯瑞生物科技
前程无忧,计算机,AI药物科学家 / 计算化学研究员,26500,南京,3年及以上,硕士,南京至盛为康科技
前程无忧,计算机,存储计算销售经理,6000,南京,1年及以上,大专,南京和兆信息网络
前程无忧,计算机,机器人算法与系统研发实习生,3000,南京,无需经验,硕士,中科南京工业人工智能研究院
前程无忧,计算机,机器学习工程师,13000,南京,2年,本科,南京环保产业创新中心
前程无忧,计算机,计算机教师,7000,南京,1-3年,硕士,南京视觉艺术职业学院
前程无忧,计算机,计算机 / AI 技术岗,115000,南京,无需经验,本科,江苏苏豪国际集团
前程无忧,计算机,AI Agent开发工程师,30000,南京,3年及以上,本科,江苏鱼跃医疗设备
前程无忧,计算机,CIM工程师（计算机整合制造工程师）,16000,南京,无需经验,硕士,台积电（南京）
前程无忧,计算机,计算生物学/机器学习科学家（蛋白大分子方向）,19000,南京,1-3年,硕士,南京金斯瑞生物科技
前程无忧,计算机,IT技术开发经理（金融国企）,325000,南京,5年及以上,硕士,前锦网络信息技术（上海）
前程无忧,计算机,it运维工程师,7000,南京,1年及以上,大专,上海普炳软件科技
前程无忧,计算机,量子计算工程师,12500,南京,1年,硕士,中通服咨询设计研究院
前程无忧,计算机,数智HSE售前工程师,9000,南京,3年及以上,本科,南京晓帆工业互联网
前程无忧,计算机,售前工程师（JG行业）,22500,南京,3年及以上,本科,江苏致网科技
前程无忧,计算机,算法工程师,20000,南京,3年及以上,本科,江苏致网科技
前程无忧,计算机,AI算法工程师,30000,南京,3年及以上,本科,江苏鱼跃医疗设备
前程无忧,计算机,嵌入式软件工程师,22500,南京,5年及以上,本科,安徽磐璞智能科技
前程无忧,计算机,Java开发工程师（金融信贷方向）,14000,南京,4年及以上,本科,中数金智（上海）科技
前程无忧,计算机,边缘计算工程师,8000,南京,2年及以上,本科,南京环保产业创新中心
前程无忧,计算机,高级计算科学家（蛋白大分子方向）,31500,南京,1-3年,博士,南京金斯瑞生物科技
前程无忧,计算机,AI药物科学家 / 计算化学研究员,26500,南京,3年及以上,硕士,南京至盛为康科技
前程无忧,计算机,存储计算销售经理,6000,南京,1年及以上,大专,南京和兆信息网络
前程无忧,计算机,机器人算法与系统研发实习生,3000,南京,无需经验,硕士,中科南京工业人工智能研究院
前程无忧,计算机,机器学习工程师,13000,南京,2年,本科,南京环保产业创新中心
前程无忧,计算机,AI Agent开发工程师,30000,南京,3年及以上,本科,江苏鱼跃医疗设备
前程无忧,计算机,计算机教师,7000,南京,1-3年,硕士,南京视觉艺术职业学院
前程无忧,计算机,计算机 / AI 技术岗,115000,南京,无需经验,本科,江苏苏豪国际集团
前程无忧,计算机,CIM工程师（计算机整合制造工程师）,16000,南京,无需经验,硕士,台积电（南京）
前程无忧,计算机,计算生物学/机器学习科学家（蛋白大分子方向）,19000,南京,1-3年,硕士,南京金斯瑞生物科技
前程无忧,计算机,IT技术开发经理（金融国企）,325000,南京,5年及以上,硕士,前锦网络信息技术（上海）
前程无忧,计算机,it运维工程师,7000,南京,1年及以上,大专,上海普炳软件科技
前程无忧,计算机,量子计算工程师,12500,南京,1年,硕士,中通服咨询设计研究院
前程无忧,计算机,数智HSE售前工程师,9000,南京,3年及以上,本科,南京晓帆工业互联网
前程无忧,计算机,售前工程师（JG行业）,22500,南京,3年及以上,本科,江苏致网科技
前程无忧,计算机,算法工程师,20000,南京,3年及以上,本科,江苏致网科技
前程无忧,计算机,AI算法工程师,30000,南京,3年及以上,本科,江苏鱼跃医疗设备
前程无忧,计算机,嵌入式软件工程师,22500,南京,5年及以上,本科,安徽磐璞智能科技
前程无忧,计算机,Java开发工程师（金融信贷方向）,14000,南京,4年及以上,本科,中数金智（上海）科技
前程无忧,计算机,边缘计算工程师,8000,南京,2年及以上,本科,南京环保产业创新中心
前程无忧,计算机,高级计算科学家（蛋白大分子方向）,31500,南京,1-3年,博士,南京金斯瑞生物科技
前程无忧,计算机,AI药物科学家 / 计算化学研究员,26500,南京,3年及以上,硕士,南京至盛为康科技
前程无忧,计算机,存储计算销售经理,6000,南京,1年及以上,大专,南京和兆信息网络
前程无忧,计算机,机器人算法与系统研发实习生,3000,南京,无需经验,硕士,中科南京工业人工智能研究院
前程无忧,计算机,机器学习工程师,13000,南京,2年,本科,南京环保产业创新中心
前程无忧,计算机,计算机教师,7000,南京,1-3年,硕士,南京视觉艺术职业学院
前程无忧,计算机,计算机 / AI 技术岗,115000,南京,无需经验,本科,江苏苏豪国际集团
前程无忧,计算机,AI Agent开发工程师,30000,南京,3年及以上,本科,江苏鱼跃医疗设备
前程无忧,计算机,CIM工程师（计算机整合制造工程师）,16000,南京,无需经验,硕士,台积电（南京）
前程无忧,计算机,计算生物学/机器学习科学家（蛋白大分子方向）,19000,南京,1-3年,硕士,南京金斯瑞生物科技
前程无忧,计算机,IT技术开发经理（金融国企）,325000,南京,5年及以上,硕士,前锦网络信息技术（上海）
前程无忧,计算机,it运维工程师,7000,南京,1年及以上,大专,上海普炳软件科技
前程无忧,计算机,量子计算工程师,12500,南京,1年,硕士,中通服咨询设计研究院
前程无忧,计算机,数智HSE售前工程师,9000,南京,3年及以上,本科,南京晓帆工业互联网
前程无忧,计算机,售前工程师（JG行业）,22500,南京,3年及以上,本科,江苏致网科技
前程无忧,计算机,算法工程师,20000,南京,3年及以上,本科,江苏致网科技
前程无忧,计算机,AI算法工程师,30000,南京,3年及以上,本科,江苏鱼跃医疗设备
前程无忧,计算机,嵌入式软件工程师,22500,南京,5年及以上,本科,安徽磐璞智能科技
前程无忧,计算机,Java开发工程师（金融信贷方向）,14000,南京,4年及以上,本科,中数金智（上海）科技
前程无忧,计算机,边缘计算工程师,8000,南京,2年及以上,本科,南京环保产业创新中心
前程无忧,计算机,高级计算科学家（蛋白大分子方向）,31500,南京,1-3年,博士,南京金斯瑞生物科技
前程无忧,计算机,AI药物科学家 / 计算化学研究员,26500,南京,3年及以上,硕士,南京至盛为康科技
前程无忧,计算机,存储计算销售经理,6000,南京,1年及以上,大专,南京和兆信息网络
前程无忧,计算机,机器人算法与系统研发实习生,3000,南京,无需经验,硕士,中科南京工业人工智能研究院
前程无忧,计算机,机器学习工程师,13000,南京,2年,本科,南京环保产业创新中心
前程无忧,计算机,计算机教师,7000,南京,1-3年,硕士,南京视觉艺术职业学院
前程无忧,计算机,计算机 / AI 技术岗,115000,南京,无需经验,本科,江苏苏豪国际集团
前程无忧,计算机,AI Agent开发工程师,30000,南京,3年及以上,本科,江苏鱼跃医疗设备
前程无忧,计算机,CIM工程师（计算机整合制造工程师）,16000,南京,无需经验,硕士,台积电（南京）
前程无忧,计算机,计算生物学/机器学习科学家（蛋白大分子方向）,19000,南京,1-3年,硕士,南京金斯瑞生物科技
前程无忧,计算机,IT技术开发经理（金融国企）,325000,南京,5年及以上,硕士,前锦网络信息技术（上海）
前程无忧,计算机,it运维工程师,7000,南京,1年及以上,大专,上海普炳软件科技
前程无忧,计算机,量子计算工程师,12500,南京,1年,硕士,中通服咨询设计研究院
前程无忧,计算机,数智HSE售前工程师,9000,南京,3年及以上,本科,南京晓帆工业互联网
前程无忧,计算机,售前工程师（JG行业）,22500,南京,3年及以上,本科,江苏致网科技
前程无忧,计算机,算法工程师,20000,南京,3年及以上,本科,江苏致网科技
前程无忧,计算机,AI算法工程师,30000,南京,3年及以上,本科,江苏鱼跃医疗设备
前程无忧,计算机,嵌入式软件工程师,22500,南京,5年及以上,本科,安徽磐璞智能科技
前程无忧,计算机,Java开发工程师（金融信贷方向）,14000,南京,4年及以上,本科,中数金智（上海）科技
前程无忧,计算机,边缘计算工程师,8000,南京,2年及以上,本科,南京环保产业创新中心
前程无忧,计算机,高级计算科学家（蛋白大分子方向）,31500,南京,1-3年,博士,南京金斯瑞生物科技
前程无忧,计算机,AI药物科学家 / 计算化学研究员,26500,南京,3年及以上,硕士,南京至盛为康科技
前程无忧,计算机,存储计算销售经理,6000,南京,1年及以上,大专,南京和兆信息网络
前程无忧,计算机,机器人算法与系统研发实习生,3000,南京,无需经验,硕士,中科南京工业人工智能研究院
前程无忧,计算机,机器学习工程师,13000,南京,2年,本科,南京环保产业创新中心
前程无忧,计算机,AI Agent开发工程师,30000,南京,3年及以上,本科,江苏鱼跃医疗设备
前程无忧,计算机,计算机教师,7000,南京,1-3年,硕士,南京视觉艺术职业学院
前程无忧,计算机,计算机 / AI 技术岗,115000,南京,无需经验,本科,江苏苏豪国际集团
前程无忧,计算机,CIM工程师（计算机整合制造工程师）,16000,南京,无需经验,硕士,台积电（南京）
前程无忧,计算机,计算生物学/机器学习科学家（蛋白大分子方向）,19000,南京,1-3年,硕士,南京金斯瑞生物科技
前程无忧,计算机,IT技术开发经理（金融国企）,325000,南京,5年及以上,硕士,前锦网络信息技术（上海）
前程无忧,计算机,it运维工程师,7000,南京,1年及以上,大专,上海普炳软件科技
前程无忧,计算机,量子计算工程师,12500,南京,1年,硕士,中通服咨询设计研究院
前程无忧,计算机,数智HSE售前工程师,9000,南京,3年及以上,本科,南京晓帆工业互联网
前程无忧,计算机,售前工程师（JG行业）,22500,南京,3年及以上,本科,江苏致网科技
前程无忧,计算机,算法工程师,20000,南京,3年及以上,本科,江苏致网科技
前程无忧,计算机,AI算法工程师,30000,南京,3年及以上,本科,江苏鱼跃医疗设备
前程无忧,计算机,嵌入式软件工程师,22500,南京,5年及以上,本科,安徽磐璞智能科技
前程无忧,计算机,Java开发工程师（金融信贷方向）,14000,南京,4年及以上,本科,中数金智（上海）科技
前程无忧,计算机,边缘计算工程师,8000,南京,2年及以上,本科,南京环保产业创新中心
前程无忧,计算机,高级计算科学家（蛋白大分子方向）,31500,南京,1-3年,博士,南京金斯瑞生物科技
前程无忧,计算机,AI药物科学家 / 计算化学研究员,26500,南京,3年及以上,硕士,南京至盛为康科技
前程无忧,计算机,存储计算销售经理,6000,南京,1年及以上,大专,南京和兆信息网络
前程无忧,计算机,机器人算法与系统研发实习生,3000,南京,无需经验,硕士,中科南京工业人工智能研究院
前程无忧,计算机,机器学习工程师,13000,南京,2年,本科,南京环保产业创新中心
前程无忧,计算机,AI Agent开发工程师,30000,南京,3年及以上,本科,江苏鱼跃医疗设备
前程无忧,计算机,计算机 / AI 技术岗,115000,南京,无需经验,本科,江苏苏豪国际集团
前程无忧,计算机,计算机教师,7000,南京,1-3年,硕士,南京视觉艺术职业学院
前程无忧,计算机,CIM工程师（计算机整合制造工程师）,16000,南京,无需经验,硕士,台积电（南京）
前程无忧,计算机,计算生物学/机器学习科学家（蛋白大分子方向）,19000,南京,1-3年,硕士,南京金斯瑞生物科技
前程无忧,计算机,IT技术开发经理（金融国企）,325000,南京,5年及以上,硕士,前锦网络信息技术（上海）
前程无忧,计算机,it运维工程师,7000,南京,1年及以上,大专,上海普炳软件科技
前程无忧,计算机,量子计算工程师,12500,南京,1年,硕士,中通服咨询设计研究院
前程无忧,计算机,数智HSE售前工程师,9000,南京,3年及以上,本科,南京晓帆工业互联网
前程无忧,计算机,售前工程师（JG行业）,22500,南京,3年及以上,本科,江苏致网科技
前程无忧,计算机,算法工程师,20000,南京,3年及以上,本科,江苏致网科技
前程无忧,计算机,AI算法工程师,30000,南京,3年及以上,本科,江苏鱼跃医疗设备
前程无忧,计算机,嵌入式软件工程师,22500,南京,5年及以上,本科,安徽磐璞智能科技
前程无忧,计算机,边缘计算工程师,8000,南京,2年及以上,本科,南京环保产业创新中心
前程无忧,计算机,高级计算科学家（蛋白大分子方向）,31500,南京,1-3年,博士,南京金斯瑞生物科技
前程无忧,计算机,AI药物科学家 / 计算化学研究员,26500,南京,3年及以上,硕士,南京至盛为康科技
前程无忧,计算机,存储计算销售经理,6000,南京,1年及以上,大专,南京和兆信息网络
前程无忧,计算机,机器人算法与系统研发实习生,3000,南京,无需经验,硕士,中科南京工业人工智能研究院
前程无忧,计算机,机器学习工程师,13000,南京,2年,本科,南京环保产业创新中心
前程无忧,计算机,3D 视觉算法工程师（结构光相机方向）,23000,南京,1年及以上,硕士,惠州市德赛西威汽车电子
前程无忧,计算机,AI Agent开发工程师,30000,南京,3年及以上,本科,江苏鱼跃医疗设备
前程无忧,计算机,计算机教师,7000,南京,1-3年,硕士,南京视觉艺术职业学院
前程无忧,计算机,计算机 / AI 技术岗,115000,南京,无需经验,本科,江苏苏豪国际集团
前程无忧,计算机,CIM工程师（计算机整合制造工程师）,16000,南京,无需经验,硕士,台积电（南京）
前程无忧,计算机,计算生物学/机器学习科学家（蛋白大分子方向）,19000,南京,1-3年,硕士,南京金斯瑞生物科技
前程无忧,计算机,IT技术开发经理（金融国企）,325000,南京,5年及以上,硕士,前锦网络信息技术（上海）
前程无忧,计算机,it运维工程师,7000,南京,1年及以上,大专,上海普炳软件科技
前程无忧,计算机,量子计算工程师,12500,南京,1年,硕士,中通服咨询设计研究院
前程无忧,计算机,数智HSE售前工程师,9000,南京,3年及以上,本科,南京晓帆工业互联网
前程无忧,计算机,售前工程师（JG行业）,22500,南京,3年及以上,本科,江苏致网科技
前程无忧,计算机,算法工程师,20000,南京,3年及以上,本科,江苏致网科技
前程无忧,计算机,AI算法工程师,30000,南京,3年及以上,本科,江苏鱼跃医疗设备
前程无忧,计算机,嵌入式软件工程师,22500,南京,5年及以上,本科,安徽磐璞智能科技
前程无忧,计算机,Java开发工程师（金融信贷方向）,14000,南京,4年及以上,本科,中数金智（上海）科技
前程无忧,计算机,边缘计算工程师,8000,南京,2年及以上,本科,南京环保产业创新中心
前程无忧,计算机,高级计算科学家（蛋白大分子方向）,31500,南京,1-3年,博士,南京金斯瑞生物科技
前程无忧,计算机,AI药物科学家 / 计算化学研究员,26500,南京,3年及以上,硕士,南京至盛为康科技
前程无忧,计算机,存储计算销售经理,6000,南京,1年及以上,大专,南京和兆信息网络
前程无忧,计算机,机器人算法与系统研发实习生,3000,南京,无需经验,硕士,中科南京工业人工智能研究院
前程无忧,计算机,机器学习工程师,13000,南京,2年,本科,南京环保产业创新中心
前程无忧,计算机,AI Agent开发工程师,30000,南京,3年及以上,本科,江苏鱼跃医疗设备
前程无忧,计算机,计算机 / AI 技术岗,115000,南京,无需经验,本科,江苏苏豪国际集团
前程无忧,计算机,计算机教师,7000,南京,1-3年,硕士,南京视觉艺术职业学院
前程无忧,计算机,CIM工程师（计算机整合制造工程师）,16000,南京,无需经验,硕士,台积电（南京）
前程无忧,计算机,计算生物学/机器学习科学家（蛋白大分子方向）,19000,南京,1-3年,硕士,南京金斯瑞生物科技
前程无忧,计算机,IT技术开发经理（金融国企）,325000,南京,5年及以上,硕士,前锦网络信息技术（上海）
前程无忧,计算机,it运维工程师,7000,南京,1年及以上,大专,上海普炳软件科技
前程无忧,计算机,量子计算工程师,12500,南京,1年,硕士,中通服咨询设计研究院
前程无忧,计算机,数智HSE售前工程师,9000,南京,3年及以上,本科,南京晓帆工业互联网
前程无忧,计算机,售前工程师（JG行业）,22500,南京,3年及以上,本科,江苏致网科技
前程无忧,计算机,算法工程师,20000,南京,3年及以上,本科,江苏致网科技
前程无忧,计算机,AI算法工程师,30000,南京,3年及以上,本科,江苏鱼跃医疗设备
前程无忧,计算机,嵌入式软件工程师,22500,南京,5年及以上,本科,安徽磐璞智能科技
前程无忧,计算机,边缘计算工程师,8000,南京,2年及以上,本科,南京环保产业创新中心
前程无忧,计算机,高级计算科学家（蛋白大分子方向）,31500,南京,1-3年,博士,南京金斯瑞生物科技
前程无忧,计算机,AI药物科学家 / 计算化学研究员,26500,南京,3年及以上,硕士,南京至盛为康科技
前程无忧,计算机,存储计算销售经理,6000,南京,1年及以上,大专,南京和兆信息网络
前程无忧,计算机,机器人算法与系统研发实习生,3000,南京,无需经验,硕士,中科南京工业人工智能研究院
前程无忧,计算机,机器学习工程师,13000,南京,2年,本科,南京环保产业创新中心
前程无忧,计算机,3D 视觉算法工程师（结构光相机方向）,23000,南京,1年及以上,硕士,惠州市德赛西威汽车电子
前程无忧,计算机,上位机软件测试工程师,16000,成都,3-5年,本科,苏信半导体科技（苏州）
前程无忧,计算机,计算机视觉工程师G00157,18500,成都,5年及以上,本科,奥芯明半导体设备技术（上海）
前程无忧,计算机,计算机视觉算法工程师,250000,成都,3年及以上,硕士,四川九洲投资控股集团
前程无忧,计算机,计算机视觉工程师,21000,成都,无需经验,硕士,先进科技（中国）
前程无忧,计算机,计算机视觉算法工程师,26500,成都,5年及以上,本科,成都市和天创科技
前程无忧,计算机,计算机,6000,成都,1年及以上,本科,成都恩创商务信息咨询
前程无忧,计算机,机载软件工程师（纵横云龙）(J10576),8000,成都,1-5年,本科,成都纵横自动化技术
前程无忧,计算机,计算机视觉算法工程师（图像几何校正方向）,26500,成都,5年及以上,本科,成都市和天创科技
前程无忧,计算机,计算机类专业教师,6000,成都,无需经验,硕士,成都东软学院
前程无忧,计算机,计算机科学与技术专任教师,6000,成都,3-4年,硕士,四川吉利学院
前程无忧,计算机,计算机化系统管理员(J10468),8000,成都,2年及以上,大专,成都苑东生物制药
前程无忧,计算机,计算机管理员,7000,成都,1年及以上,本科,成都恩创商务信息咨询
前程无忧,计算机,计算机网络技术维保人员,5000,成都,无需经验,大专,成都卓达杰盛科技
前程无忧,计算机,专利代理人（电学/通信/计算机/机械）,7000,成都,3-4年,本科,北京国昊天诚知识产权代理
前程无忧,计算机,计算机网络工程师,6500,成都,无需经验,大专,成都卓达杰盛科技
前程无忧,计算机,计算机技术员（实习生）150元/天,150,成都,无需经验,本科,四川省知行人力资源管理
前程无忧,计算机,特种计算机平台部主任,19000,成都,10年及以上,大专,成都博宇利华科技
前程无忧,计算机,保密计算机管理员,7000,成都,1年及以上,本科,四川九强通信科技
前程无忧,计算机,AP物理/数学/化学/计算机教师,12500,成都,3年及以上,硕士,上海狄邦教育管理
前程无忧,计算机,计算机化系统验证工程师 (MJ009022),15000,成都,5年及以上,大专,上海药明生物技术
前程无忧,计算机,上位机软件测试工程师,16000,成都,3-5年,本科,苏信半导体科技（苏州）
前程无忧,计算机,双休五险不加班运维,7000,成都,1年及以上,大专,四川任由行通信科技
前程无忧,计算机,计算机,6000,成都,1年及以上,本科,成都恩创商务信息咨询
前程无忧,计算机,计算机类专业教师,6000,成都,无需经验,硕士,成都东软学院
前程无忧,计算机,机载软件工程师（纵横云龙）(J10576),8000,成都,1-5年,本科,成都纵横自动化技术
前程无忧,计算机,计算机视觉算法工程师,250000,成都,3年及以上,硕士,四川九洲投资控股集团
前程无忧,计算机,计算机科学与技术专任教师,6000,成都,3-4年,硕士,四川吉利学院
前程无忧,计算机,计算机网络工程师,6500,成都,无需经验,大专,成都卓达杰盛科技
前程无忧,计算机,计算机视觉工程师G00157,18500,成都,5年及以上,本科,奥芯明半导体设备技术（上海）
前程无忧,计算机,计算机管理员,7000,成都,1年及以上,本科,成都恩创商务信息咨询
前程无忧,计算机,计算机视觉算法工程师（图像几何校正方向）,26500,成都,5年及以上,本科,成都市和天创科技
前程无忧,计算机,计算机视觉工程师,21000,成都,无需经验,硕士,先进科技（中国）
前程无忧,计算机,计算机网络技术维保人员,5000,成都,无需经验,大专,成都卓达杰盛科技
前程无忧,计算机,保密计算机管理员,7000,成都,1年及以上,本科,四川九强通信科技
前程无忧,计算机,计算机视觉算法工程师,26500,成都,5年及以上,本科,成都市和天创科技
前程无忧,计算机,计算机技术员（实习生）150元/天,150,成都,无需经验,本科,四川省知行人力资源管理
前程无忧,计算机,站务工程师（纵横云龙）(J10618),6000,成都,1-5年,大专,成都纵横自动化技术
前程无忧,计算机,特种计算机平台部主任,19000,成都,10年及以上,大专,成都博宇利华科技
前程无忧,计算机,专利代理人（电学/通信/计算机/机械）,7000,成都,3-4年,本科,北京国昊天诚知识产权代理
前程无忧,计算机,计算机化系统管理员(J10468),8000,成都,2年及以上,大专,成都苑东生物制药
前程无忧,计算机,上位机软件测试工程师,16000,成都,3-5年,本科,苏信半导体科技（苏州）
前程无忧,计算机,计算机视觉算法工程师（图像几何校正方向）,26500,成都,5年及以上,本科,成都市和天创科技
前程无忧,计算机,计算机视觉算法工程师,26500,成都,5年及以上,本科,成都市和天创科技
前程无忧,计算机,计算机视觉工程师G00157,18500,成都,5年及以上,本科,奥芯明半导体设备技术（上海）
前程无忧,计算机,计算机科学与技术专任教师,6000,成都,3-4年,硕士,四川吉利学院
前程无忧,计算机,计算机视觉算法工程师,250000,成都,3年及以上,硕士,四川九洲投资控股集团
前程无忧,计算机,AP物理/数学/化学/计算机教师,12500,成都,3年及以上,硕士,上海狄邦教育管理
前程无忧,计算机,计算机网络技术维保人员,5000,成都,无需经验,大专,成都卓达杰盛科技
前程无忧,计算机,计算机,6000,成都,1年及以上,本科,成都恩创商务信息咨询
前程无忧,计算机,计算机视觉工程师,21000,成都,无需经验,硕士,先进科技（中国）
前程无忧,计算机,专利代理人（电学/通信/计算机/机械）,7000,成都,3-4年,本科,北京国昊天诚知识产权代理
前程无忧,计算机,机载软件工程师（纵横云龙）(J10576),8000,成都,1-5年,本科,成都纵横自动化技术
前程无忧,计算机,计算机类专业教师,6000,成都,无需经验,硕士,成都东软学院
前程无忧,计算机,计算机装配工程师,5500,成都,1年及以上,大专,成都万斯特测控技术
前程无忧,计算机,特种计算机平台部主任,19000,成都,10年及以上,大专,成都博宇利华科技
前程无忧,计算机,计算机管理员,7000,成都,1年及以上,本科,成都恩创商务信息咨询
前程无忧,计算机,计算机网络工程师,6500,成都,无需经验,大专,成都卓达杰盛科技
前程无忧,计算机,计算机化系统管理员(J10468),8000,成都,2年及以上,大专,成都苑东生物制药
前程无忧,计算机,计算机技术员（实习生）150元/天,150,成都,无需经验,本科,四川省知行人力资源管理
前程无忧,计算机,保密计算机管理员,7000,成都,1年及以上,本科,四川九强通信科技
前程无忧,计算机,上位机软件测试工程师,16000,成都,3-5年,本科,苏信半导体科技（苏州）
前程无忧,计算机,计算机视觉算法工程师（图像几何校正方向）,26500,成都,5年及以上,本科,成都市和天创科技
前程无忧,计算机,计算机视觉算法工程师,26500,成都,5年及以上,本科,成都市和天创科技
前程无忧,计算机,计算机视觉工程师G00157,18500,成都,5年及以上,本科,奥芯明半导体设备技术（上海）
前程无忧,计算机,计算机科学与技术专任教师,6000,成都,3-4年,硕士,四川吉利学院
前程无忧,计算机,计算机视觉算法工程师,250000,成都,3年及以上,硕士,四川九洲投资控股集团
前程无忧,计算机,AP物理/数学/化学/计算机教师,12500,成都,3年及以上,硕士,上海狄邦教育管理
前程无忧,计算机,计算机网络技术维保人员,5000,成都,无需经验,大专,成都卓达杰盛科技
前程无忧,计算机,计算机,6000,成都,1年及以上,本科,成都恩创商务信息咨询
前程无忧,计算机,计算机视觉工程师,21000,成都,无需经验,硕士,先进科技（中国）
前程无忧,计算机,专利代理人（电学/通信/计算机/机械）,7000,成都,3-4年,本科,北京国昊天诚知识产权代理
前程无忧,计算机,机载软件工程师（纵横云龙）(J10576),8000,成都,1-5年,本科,成都纵横自动化技术
前程无忧,计算机,计算机类专业教师,6000,成都,无需经验,硕士,成都东软学院
前程无忧,计算机,计算机装配工程师,5500,成都,1年及以上,大专,成都万斯特测控技术
前程无忧,计算机,特种计算机平台部主任,19000,成都,10年及以上,大专,成都博宇利华科技
前程无忧,计算机,计算机管理员,7000,成都,1年及以上,本科,成都恩创商务信息咨询
前程无忧,计算机,计算机网络工程师,6500,成都,无需经验,大专,成都卓达杰盛科技
前程无忧,计算机,计算机化系统管理员(J10468),8000,成都,2年及以上,大专,成都苑东生物制药
前程无忧,计算机,计算机技术员（实习生）150元/天,150,成都,无需经验,本科,四川省知行人力资源管理
前程无忧,计算机,保密计算机管理员,7000,成都,1年及以上,本科,四川九强通信科技
前程无忧,计算机,上位机软件测试工程师,16000,成都,3-5年,本科,苏信半导体科技（苏州）
前程无忧,计算机,计算机视觉工程师G00157,18500,成都,5年及以上,本科,奥芯明半导体设备技术（上海）
前程无忧,计算机,计算机视觉算法工程师,250000,成都,3年及以上,硕士,四川九洲投资控股集团
前程无忧,计算机,计算机视觉工程师,21000,成都,无需经验,硕士,先进科技（中国）
前程无忧,计算机,计算机视觉算法工程师,26500,成都,5年及以上,本科,成都市和天创科技
前程无忧,计算机,计算机,6000,成都,1年及以上,本科,成都恩创商务信息咨询
前程无忧,计算机,机载软件工程师（纵横云龙）(J10576),8000,成都,1-5年,本科,成都纵横自动化技术
前程无忧,计算机,计算机视觉算法工程师（图像几何校正方向）,26500,成都,5年及以上,本科,成都市和天创科技
前程无忧,计算机,计算机类专业教师,6000,成都,无需经验,硕士,成都东软学院
前程无忧,计算机,计算机科学与技术专任教师,6000,成都,3-4年,硕士,四川吉利学院
前程无忧,计算机,计算机化系统管理员(J10468),8000,成都,2年及以上,大专,成都苑东生物制药
前程无忧,计算机,计算机管理员,7000,成都,1年及以上,本科,成都恩创商务信息咨询
前程无忧,计算机,计算机网络技术维保人员,5000,成都,无需经验,大专,成都卓达杰盛科技
前程无忧,计算机,专利代理人（电学/通信/计算机/机械）,7000,成都,3-4年,本科,北京国昊天诚知识产权代理
前程无忧,计算机,计算机网络工程师,6500,成都,无需经验,大专,成都卓达杰盛科技
前程无忧,计算机,计算机技术员（实习生）150元/天,150,成都,无需经验,本科,四川省知行人力资源管理
前程无忧,计算机,特种计算机平台部主任,19000,成都,10年及以上,大专,成都博宇利华科技
前程无忧,计算机,保密计算机管理员,7000,成都,1年及以上,本科,四川九强通信科技
前程无忧,计算机,AP物理/数学/化学/计算机教师,12500,成都,3年及以上,硕士,上海狄邦教育管理
前程无忧,计算机,计算机化系统验证工程师 (MJ009022),15000,成都,5年及以上,大专,上海药明生物技术
前程无忧,计算机,上位机软件测试工程师,16000,成都,3-5年,本科,苏信半导体科技（苏州）
前程无忧,计算机,计算机视觉算法工程师（图像几何校正方向）,26500,成都,5年及以上,本科,成都市和天创科技
前程无忧,计算机,计算机视觉算法工程师,26500,成都,5年及以上,本科,成都市和天创科技
前程无忧,计算机,计算机视觉工程师G00157,18500,成都,5年及以上,本科,奥芯明半导体设备技术（上海）
前程无忧,计算机,计算机科学与技术专任教师,6000,成都,3-4年,硕士,四川吉利学院
前程无忧,计算机,计算机视觉算法工程师,250000,成都,3年及以上,硕士,四川九洲投资控股集团
前程无忧,计算机,AP物理/数学/化学/计算机教师,12500,成都,3年及以上,硕士,上海狄邦教育管理
前程无忧,计算机,计算机网络技术维保人员,5000,成都,无需经验,大专,成都卓达杰盛科技
前程无忧,计算机,计算机,6000,成都,1年及以上,本科,成都恩创商务信息咨询
前程无忧,计算机,计算机视觉工程师,21000,成都,无需经验,硕士,先进科技（中国）
前程无忧,计算机,专利代理人（电学/通信/计算机/机械）,7000,成都,3-4年,本科,北京国昊天诚知识产权代理
前程无忧,计算机,机载软件工程师（纵横云龙）(J10576),8000,成都,1-5年,本科,成都纵横自动化技术
前程无忧,计算机,计算机类专业教师,6000,成都,无需经验,硕士,成都东软学院
前程无忧,计算机,计算机装配工程师,5500,成都,1年及以上,大专,成都万斯特测控技术
前程无忧,计算机,特种计算机平台部主任,19000,成都,10年及以上,大专,成都博宇利华科技
前程无忧,计算机,计算机管理员,7000,成都,1年及以上,本科,成都恩创商务信息咨询
前程无忧,计算机,计算机网络工程师,6500,成都,无需经验,大专,成都卓达杰盛科技
前程无忧,计算机,计算机化系统管理员(J10468),8000,成都,2年及以上,大专,成都苑东生物制药
前程无忧,计算机,计算机技术员（实习生）150元/天,150,成都,无需经验,本科,四川省知行人力资源管理
前程无忧,计算机,保密计算机管理员,7000,成都,1年及以上,本科,四川九强通信科技
前程无忧,计算机,上位机软件测试工程师,16000,成都,3-5年,本科,苏信半导体科技（苏州）
前程无忧,计算机,双休五险不加班运维,7000,成都,1年及以上,大专,四川任由行通信科技
前程无忧,计算机,计算机,6000,成都,1年及以上,本科,成都恩创商务信息咨询
前程无忧,计算机,计算机类专业教师,6000,成都,无需经验,硕士,成都东软学院
前程无忧,计算机,机载软件工程师（纵横云龙）(J10576),8000,成都,1-5年,本科,成都纵横自动化技术
前程无忧,计算机,计算机视觉算法工程师,250000,成都,3年及以上,硕士,四川九洲投资控股集团
前程无忧,计算机,计算机科学与技术专任教师,6000,成都,3-4年,硕士,四川吉利学院
前程无忧,计算机,计算机网络工程师,6500,成都,无需经验,大专,成都卓达杰盛科技
前程无忧,计算机,计算机视觉工程师G00157,18500,成都,5年及以上,本科,奥芯明半导体设备技术（上海）
前程无忧,计算机,计算机管理员,7000,成都,1年及以上,本科,成都恩创商务信息咨询
前程无忧,计算机,计算机视觉算法工程师（图像几何校正方向）,26500,成都,5年及以上,本科,成都市和天创科技
前程无忧,计算机,计算机视觉工程师,21000,成都,无需经验,硕士,先进科技（中国）
前程无忧,计算机,计算机网络技术维保人员,5000,成都,无需经验,大专,成都卓达杰盛科技
前程无忧,计算机,保密计算机管理员,7000,成都,1年及以上,本科,四川九强通信科技
前程无忧,计算机,计算机视觉算法工程师,26500,成都,5年及以上,本科,成都市和天创科技
前程无忧,计算机,计算机技术员（实习生）150元/天,150,成都,无需经验,本科,四川省知行人力资源管理
前程无忧,计算机,站务工程师（纵横云龙）(J10618),6000,成都,1-5年,大专,成都纵横自动化技术
前程无忧,计算机,特种计算机平台部主任,19000,成都,10年及以上,大专,成都博宇利华科技
前程无忧,计算机,专利代理人（电学/通信/计算机/机械）,7000,成都,3-4年,本科,北京国昊天诚知识产权代理
前程无忧,计算机,计算机化系统管理员(J10468),8000,成都,2年及以上,大专,成都苑东生物制药
前程无忧,计算机,上位机软件测试工程师,16000,成都,3-5年,本科,苏信半导体科技（苏州）
前程无忧,计算机,计算机视觉工程师G00157,18500,成都,5年及以上,本科,奥芯明半导体设备技术（上海）
前程无忧,计算机,计算机视觉算法工程师,250000,成都,3年及以上,硕士,四川九洲投资控股集团
前程无忧,计算机,计算机视觉工程师,21000,成都,无需经验,硕士,先进科技（中国）
前程无忧,计算机,计算机视觉算法工程师,26500,成都,5年及以上,本科,成都市和天创科技
前程无忧,计算机,计算机,6000,成都,1年及以上,本科,成都恩创商务信息咨询
前程无忧,计算机,机载软件工程师（纵横云龙）(J10576),8000,成都,1-5年,本科,成都纵横自动化技术
前程无忧,计算机,计算机视觉算法工程师（图像几何校正方向）,26500,成都,5年及以上,本科,成都市和天创科技
前程无忧,计算机,计算机类专业教师,6000,成都,无需经验,硕士,成都东软学院
前程无忧,计算机,计算机科学与技术专任教师,6000,成都,3-4年,硕士,四川吉利学院
前程无忧,计算机,计算机化系统管理员(J10468),8000,成都,2年及以上,大专,成都苑东生物制药
前程无忧,计算机,计算机管理员,7000,成都,1年及以上,本科,成都恩创商务信息咨询
前程无忧,计算机,计算机网络技术维保人员,5000,成都,无需经验,大专,成都卓达杰盛科技
前程无忧,计算机,专利代理人（电学/通信/计算机/机械）,7000,成都,3-4年,本科,北京国昊天诚知识产权代理
前程无忧,计算机,计算机网络工程师,6500,成都,无需经验,大专,成都卓达杰盛科技
前程无忧,计算机,计算机技术员（实习生）150元/天,150,成都,无需经验,本科,四川省知行人力资源管理
前程无忧,计算机,特种计算机平台部主任,19000,成都,10年及以上,大专,成都博宇利华科技
前程无忧,计算机,保密计算机管理员,7000,成都,1年及以上,本科,四川九强通信科技
前程无忧,计算机,AP物理/数学/化学/计算机教师,12500,成都,3年及以上,硕士,上海狄邦教育管理
前程无忧,计算机,计算机化系统验证工程师 (MJ009022),15000,成都,5年及以上,大专,上海药明生物技术
前程无忧,计算机,上位机软件测试工程师,16000,成都,3-5年,本科,苏信半导体科技（苏州）
前程无忧,计算机,双休五险不加班运维,7000,成都,1年及以上,大专,四川任由行通信科技
前程无忧,计算机,计算机,6000,成都,1年及以上,本科,成都恩创商务信息咨询
前程无忧,计算机,计算机类专业教师,6000,成都,无需经验,硕士,成都东软学院
前程无忧,计算机,机载软件工程师（纵横云龙）(J10576),8000,成都,1-5年,本科,成都纵横自动化技术
前程无忧,计算机,计算机视觉算法工程师,250000,成都,3年及以上,硕士,四川九洲投资控股集团
前程无忧,计算机,计算机科学与技术专任教师,6000,成都,3-4年,硕士,四川吉利学院
前程无忧,计算机,计算机网络工程师,6500,成都,无需经验,大专,成都卓达杰盛科技
前程无忧,计算机,计算机视觉工程师G00157,18500,成都,5年及以上,本科,奥芯明半导体设备技术（上海）
前程无忧,计算机,计算机管理员,7000,成都,1年及以上,本科,成都恩创商务信息咨询
前程无忧,计算机,计算机视觉算法工程师（图像几何校正方向）,26500,成都,5年及以上,本科,成都市和天创科技
前程无忧,计算机,计算机视觉工程师,21000,成都,无需经验,硕士,先进科技（中国）
前程无忧,计算机,计算机网络技术维保人员,5000,成都,无需经验,大专,成都卓达杰盛科技
前程无忧,计算机,保密计算机管理员,7000,成都,1年及以上,本科,四川九强通信科技
前程无忧,计算机,计算机视觉算法工程师,26500,成都,5年及以上,本科,成都市和天创科技
前程无忧,计算机,计算机技术员（实习生）150元/天,150,成都,无需经验,本科,四川省知行人力资源管理
前程无忧,计算机,站务工程师（纵横云龙）(J10618),6000,成都,1-5年,大专,成都纵横自动化技术
前程无忧,计算机,特种计算机平台部主任,19000,成都,10年及以上,大专,成都博宇利华科技
前程无忧,计算机,专利代理人（电学/通信/计算机/机械）,7000,成都,3-4年,本科,北京国昊天诚知识产权代理
前程无忧,计算机,计算机化系统管理员(J10468),8000,成都,2年及以上,大专,成都苑东生物制药
前程无忧,计算机,上位机软件测试工程师,16000,成都,3-5年,本科,苏信半导体科技（苏州）
前程无忧,计算机,双休五险不加班运维,7000,成都,1年及以上,大专,四川任由行通信科技
前程无忧,计算机,计算机,6000,成都,1年及以上,本科,成都恩创商务信息咨询
前程无忧,计算机,计算机类专业教师,6000,成都,无需经验,硕士,成都东软学院
前程无忧,计算机,机载软件工程师（纵横云龙）(J10576),8000,成都,1-5年,本科,成都纵横自动化技术
前程无忧,计算机,计算机视觉算法工程师,250000,成都,3年及以上,硕士,四川九洲投资控股集团
前程无忧,计算机,计算机科学与技术专任教师,6000,成都,3-4年,硕士,四川吉利学院
前程无忧,计算机,计算机网络工程师,6500,成都,无需经验,大专,成都卓达杰盛科技
前程无忧,计算机,计算机视觉工程师G00157,18500,成都,5年及以上,本科,奥芯明半导体设备技术（上海）
前程无忧,计算机,计算机管理员,7000,成都,1年及以上,本科,成都恩创商务信息咨询
前程无忧,计算机,计算机视觉算法工程师（图像几何校正方向）,26500,成都,5年及以上,本科,成都市和天创科技
前程无忧,计算机,计算机视觉工程师,21000,成都,无需经验,硕士,先进科技（中国）
前程无忧,计算机,计算机网络技术维保人员,5000,成都,无需经验,大专,成都卓达杰盛科技
前程无忧,计算机,保密计算机管理员,7000,成都,1年及以上,本科,四川九强通信科技
前程无忧,计算机,计算机视觉算法工程师,26500,成都,5年及以上,本科,成都市和天创科技
前程无忧,计算机,计算机技术员（实习生）150元/天,150,成都,无需经验,本科,四川省知行人力资源管理
前程无忧,计算机,站务工程师（纵横云龙）(J10618),6000,成都,1-5年,大专,成都纵横自动化技术
前程无忧,计算机,特种计算机平台部主任,19000,成都,10年及以上,大专,成都博宇利华科技
前程无忧,计算机,专利代理人（电学/通信/计算机/机械）,7000,成都,3-4年,本科,北京国昊天诚知识产权代理
前程无忧,计算机,计算机化系统管理员(J10468),8000,成都,2年及以上,大专,成都苑东生物制药
前程无忧,计算机,上位机软件测试工程师,16000,成都,3-5年,本科,苏信半导体科技（苏州）
前程无忧,计算机,双休五险不加班运维,7000,成都,1年及以上,大专,四川任由行通信科技
前程无忧,计算机,计算机,6000,成都,1年及以上,本科,成都恩创商务信息咨询
前程无忧,计算机,计算机类专业教师,6000,成都,无需经验,硕士,成都东软学院
前程无忧,计算机,机载软件工程师（纵横云龙）(J10576),8000,成都,1-5年,本科,成都纵横自动化技术
前程无忧,计算机,计算机视觉算法工程师,250000,成都,3年及以上,硕士,四川九洲投资控股集团
前程无忧,计算机,计算机科学与技术专任教师,6000,成都,3-4年,硕士,四川吉利学院
前程无忧,计算机,计算机网络工程师,6500,成都,无需经验,大专,成都卓达杰盛科技
前程无忧,计算机,计算机视觉工程师G00157,18500,成都,5年及以上,本科,奥芯明半导体设备技术（上海）
前程无忧,计算机,计算机管理员,7000,成都,1年及以上,本科,成都恩创商务信息咨询
前程无忧,计算机,计算机视觉算法工程师（图像几何校正方向）,26500,成都,5年及以上,本科,成都市和天创科技
前程无忧,计算机,计算机视觉工程师,21000,成都,无需经验,硕士,先进科技（中国）
前程无忧,计算机,计算机网络技术维保人员,5000,成都,无需经验,大专,成都卓达杰盛科技
前程无忧,计算机,保密计算机管理员,7000,成都,1年及以上,本科,四川九强通信科技
前程无忧,计算机,计算机视觉算法工程师,26500,成都,5年及以上,本科,成都市和天创科技
前程无忧,计算机,计算机技术员（实习生）150元/天,150,成都,无需经验,本科,四川省知行人力资源管理
前程无忧,计算机,站务工程师（纵横云龙）(J10618),6000,成都,1-5年,大专,成都纵横自动化技术
前程无忧,计算机,特种计算机平台部主任,19000,成都,10年及以上,大专,成都博宇利华科技
前程无忧,计算机,专利代理人（电学/通信/计算机/机械）,7000,成都,3-4年,本科,北京国昊天诚知识产权代理
前程无忧,计算机,计算机化系统管理员(J10468),8000,成都,2年及以上,大专,成都苑东生物制药
前程无忧,计算机,上位机软件测试工程师,16000,成都,3-5年,本科,苏信半导体科技（苏州）
前程无忧,计算机,双休五险不加班运维,7000,成都,1年及以上,大专,四川任由行通信科技
前程无忧,计算机,计算机,6000,成都,1年及以上,本科,成都恩创商务信息咨询
前程无忧,计算机,计算机类专业教师,6000,成都,无需经验,硕士,成都东软学院
前程无忧,计算机,机载软件工程师（纵横云龙）(J10576),8000,成都,1-5年,本科,成都纵横自动化技术
前程无忧,计算机,计算机视觉算法工程师,250000,成都,3年及以上,硕士,四川九洲投资控股集团
前程无忧,计算机,计算机科学与技术专任教师,6000,成都,3-4年,硕士,四川吉利学院
前程无忧,计算机,计算机网络工程师,6500,成都,无需经验,大专,成都卓达杰盛科技
前程无忧,计算机,计算机视觉工程师G00157,18500,成都,5年及以上,本科,奥芯明半导体设备技术（上海）
前程无忧,计算机,计算机管理员,7000,成都,1年及以上,本科,成都恩创商务信息咨询
前程无忧,计算机,计算机视觉算法工程师（图像几何校正方向）,26500,成都,5年及以上,本科,成都市和天创科技
前程无忧,计算机,计算机视觉工程师,21000,成都,无需经验,硕士,先进科技（中国）
前程无忧,计算机,计算机网络技术维保人员,5000,成都,无需经验,大专,成都卓达杰盛科技
前程无忧,计算机,保密计算机管理员,7000,成都,1年及以上,本科,四川九强通信科技
前程无忧,计算机,计算机视觉算法工程师,26500,成都,5年及以上,本科,成都市和天创科技
前程无忧,计算机,计算机技术员（实习生）150元/天,150,成都,无需经验,本科,四川省知行人力资源管理
前程无忧,计算机,站务工程师（纵横云龙）(J10618),6000,成都,1-5年,大专,成都纵横自动化技术
前程无忧,计算机,特种计算机平台部主任,19000,成都,10年及以上,大专,成都博宇利华科技
前程无忧,计算机,专利代理人（电学/通信/计算机/机械）,7000,成都,3-4年,本科,北京国昊天诚知识产权代理
前程无忧,计算机,计算机化系统管理员(J10468),8000,成都,2年及以上,大专,成都苑东生物制药
前程无忧,计算机,上位机软件测试工程师,16000,成都,3-5年,本科,苏信半导体科技（苏州）
前程无忧,计算机,计算机视觉工程师G00157,18500,成都,5年及以上,本科,奥芯明半导体设备技术（上海）
前程无忧,计算机,计算机视觉算法工程师,250000,成都,3年及以上,硕士,四川九洲投资控股集团
前程无忧,计算机,计算机视觉工程师,21000,成都,无需经验,硕士,先进科技（中国）
前程无忧,计算机,计算机视觉算法工程师,26500,成都,5年及以上,本科,成都市和天创科技
前程无忧,计算机,计算机,6000,成都,1年及以上,本科,成都恩创商务信息咨询
前程无忧,计算机,机载软件工程师（纵横云龙）(J10576),8000,成都,1-5年,本科,成都纵横自动化技术
前程无忧,计算机,计算机视觉算法工程师（图像几何校正方向）,26500,成都,5年及以上,本科,成都市和天创科技
前程无忧,计算机,计算机类专业教师,6000,成都,无需经验,硕士,成都东软学院
前程无忧,计算机,计算机科学与技术专任教师,6000,成都,3-4年,硕士,四川吉利学院
前程无忧,计算机,计算机化系统管理员(J10468),8000,成都,2年及以上,大专,成都苑东生物制药
前程无忧,计算机,计算机管理员,7000,成都,1年及以上,本科,成都恩创商务信息咨询
前程无忧,计算机,计算机网络技术维保人员,5000,成都,无需经验,大专,成都卓达杰盛科技
前程无忧,计算机,专利代理人（电学/通信/计算机/机械）,7000,成都,3-4年,本科,北京国昊天诚知识产权代理
前程无忧,计算机,计算机网络工程师,6500,成都,无需经验,大专,成都卓达杰盛科技
前程无忧,计算机,计算机技术员（实习生）150元/天,150,成都,无需经验,本科,四川省知行人力资源管理
前程无忧,计算机,特种计算机平台部主任,19000,成都,10年及以上,大专,成都博宇利华科技
前程无忧,计算机,保密计算机管理员,7000,成都,1年及以上,本科,四川九强通信科技
前程无忧,计算机,AP物理/数学/化学/计算机教师,12500,成都,3年及以上,硕士,上海狄邦教育管理
前程无忧,计算机,计算机化系统验证工程师 (MJ009022),15000,成都,5年及以上,大专,上海药明生物技术
前程无忧,计算机,上位机软件测试工程师,16000,成都,3-5年,本科,苏信半导体科技（苏州）
前程无忧,计算机,双休五险不加班运维,7000,成都,1年及以上,大专,四川任由行通信科技
前程无忧,计算机,计算机,6000,成都,1年及以上,本科,成都恩创商务信息咨询
前程无忧,计算机,计算机类专业教师,6000,成都,无需经验,硕士,成都东软学院
前程无忧,计算机,机载软件工程师（纵横云龙）(J10576),8000,成都,1-5年,本科,成都纵横自动化技术
前程无忧,计算机,计算机视觉算法工程师,250000,成都,3年及以上,硕士,四川九洲投资控股集团
前程无忧,计算机,计算机科学与技术专任教师,6000,成都,3-4年,硕士,四川吉利学院
前程无忧,计算机,计算机网络工程师,6500,成都,无需经验,大专,成都卓达杰盛科技
前程无忧,计算机,计算机视觉工程师G00157,18500,成都,5年及以上,本科,奥芯明半导体设备技术（上海）
前程无忧,计算机,计算机管理员,7000,成都,1年及以上,本科,成都恩创商务信息咨询
前程无忧,计算机,计算机视觉算法工程师（图像几何校正方向）,26500,成都,5年及以上,本科,成都市和天创科技
前程无忧,计算机,计算机视觉工程师,21000,成都,无需经验,硕士,先进科技（中国）
前程无忧,计算机,计算机网络技术维保人员,5000,成都,无需经验,大专,成都卓达杰盛科技
前程无忧,计算机,保密计算机管理员,7000,成都,1年及以上,本科,四川九强通信科技
前程无忧,计算机,计算机视觉算法工程师,26500,成都,5年及以上,本科,成都市和天创科技
前程无忧,计算机,计算机技术员（实习生）150元/天,150,成都,无需经验,本科,四川省知行人力资源管理
前程无忧,计算机,站务工程师（纵横云龙）(J10618),6000,成都,1-5年,大专,成都纵横自动化技术
前程无忧,计算机,特种计算机平台部主任,19000,成都,10年及以上,大专,成都博宇利华科技
前程无忧,计算机,专利代理人（电学/通信/计算机/机械）,7000,成都,3-4年,本科,北京国昊天诚知识产权代理
前程无忧,计算机,计算机化系统管理员(J10468),8000,成都,2年及以上,大专,成都苑东生物制药
前程无忧,计算机,上位机软件测试工程师,16000,成都,3-5年,本科,苏信半导体科技（苏州）
前程无忧,计算机,计算机视觉算法工程师（图像几何校正方向）,26500,成都,5年及以上,本科,成都市和天创科技
前程无忧,计算机,计算机视觉算法工程师,26500,成都,5年及以上,本科,成都市和天创科技
前程无忧,计算机,计算机视觉工程师G00157,18500,成都,5年及以上,本科,奥芯明半导体设备技术（上海）
前程无忧,计算机,计算机科学与技术专任教师,6000,成都,3-4年,硕士,四川吉利学院
前程无忧,计算机,计算机视觉算法工程师,250000,成都,3年及以上,硕士,四川九洲投资控股集团
前程无忧,计算机,AP物理/数学/化学/计算机教师,12500,成都,3年及以上,硕士,上海狄邦教育管理
前程无忧,计算机,计算机网络技术维保人员,5000,成都,无需经验,大专,成都卓达杰盛科技
前程无忧,计算机,计算机,6000,成都,1年及以上,本科,成都恩创商务信息咨询
前程无忧,计算机,计算机视觉工程师,21000,成都,无需经验,硕士,先进科技（中国）
前程无忧,计算机,专利代理人（电学/通信/计算机/机械）,7000,成都,3-4年,本科,北京国昊天诚知识产权代理
前程无忧,计算机,机载软件工程师（纵横云龙）(J10576),8000,成都,1-5年,本科,成都纵横自动化技术
前程无忧,计算机,计算机类专业教师,6000,成都,无需经验,硕士,成都东软学院
前程无忧,计算机,计算机装配工程师,5500,成都,1年及以上,大专,成都万斯特测控技术
前程无忧,计算机,特种计算机平台部主任,19000,成都,10年及以上,大专,成都博宇利华科技
前程无忧,计算机,计算机管理员,7000,成都,1年及以上,本科,成都恩创商务信息咨询
前程无忧,计算机,计算机网络工程师,6500,成都,无需经验,大专,成都卓达杰盛科技
前程无忧,计算机,计算机化系统管理员(J10468),8000,成都,2年及以上,大专,成都苑东生物制药
前程无忧,计算机,计算机技术员（实习生）150元/天,150,成都,无需经验,本科,四川省知行人力资源管理
前程无忧,计算机,保密计算机管理员,7000,成都,1年及以上,本科,四川九强通信科技
前程无忧,计算机,上位机软件测试工程师,16000,成都,3-5年,本科,苏信半导体科技（苏州）
前程无忧,计算机,计算机视觉算法工程师（图像几何校正方向）,26500,成都,5年及以上,本科,成都市和天创科技
前程无忧,计算机,计算机视觉算法工程师,26500,成都,5年及以上,本科,成都市和天创科技
前程无忧,计算机,计算机视觉工程师G00157,18500,成都,5年及以上,本科,奥芯明半导体设备技术（上海）
前程无忧,计算机,计算机科学与技术专任教师,6000,成都,3-4年,硕士,四川吉利学院
前程无忧,计算机,计算机视觉算法工程师,250000,成都,3年及以上,硕士,四川九洲投资控股集团
前程无忧,计算机,AP物理/数学/化学/计算机教师,12500,成都,3年及以上,硕士,上海狄邦教育管理
前程无忧,计算机,计算机网络技术维保人员,5000,成都,无需经验,大专,成都卓达杰盛科技
前程无忧,计算机,计算机,6000,成都,1年及以上,本科,成都恩创商务信息咨询
前程无忧,计算机,计算机视觉工程师,21000,成都,无需经验,硕士,先进科技（中国）
前程无忧,计算机,专利代理人（电学/通信/计算机/机械）,7000,成都,3-4年,本科,北京国昊天诚知识产权代理
前程无忧,计算机,机载软件工程师（纵横云龙）(J10576),8000,成都,1-5年,本科,成都纵横自动化技术
前程无忧,计算机,计算机类专业教师,6000,成都,无需经验,硕士,成都东软学院
前程无忧,计算机,计算机装配工程师,5500,成都,1年及以上,大专,成都万斯特测控技术
前程无忧,计算机,特种计算机平台部主任,19000,成都,10年及以上,大专,成都博宇利华科技
前程无忧,计算机,计算机管理员,7000,成都,1年及以上,本科,成都恩创商务信息咨询
前程无忧,计算机,计算机网络工程师,6500,成都,无需经验,大专,成都卓达杰盛科技
前程无忧,计算机,计算机化系统管理员(J10468),8000,成都,2年及以上,大专,成都苑东生物制药
前程无忧,计算机,计算机技术员（实习生）150元/天,150,成都,无需经验,本科,四川省知行人力资源管理
前程无忧,计算机,保密计算机管理员,7000,成都,1年及以上,本科,四川九强通信科技
前程无忧,计算机,上位机软件测试工程师,16000,成都,3-5年,本科,苏信半导体科技（苏州）
前程无忧,计算机,计算机视觉算法工程师（图像几何校正方向）,26500,成都,5年及以上,本科,成都市和天创科技
前程无忧,计算机,计算机视觉算法工程师,26500,成都,5年及以上,本科,成都市和天创科技
前程无忧,计算机,计算机视觉工程师G00157,18500,成都,5年及以上,本科,奥芯明半导体设备技术（上海）
前程无忧,计算机,计算机科学与技术专任教师,6000,成都,3-4年,硕士,四川吉利学院
前程无忧,计算机,计算机视觉算法工程师,250000,成都,3年及以上,硕士,四川九洲投资控股集团
前程无忧,计算机,AP物理/数学/化学/计算机教师,12500,成都,3年及以上,硕士,上海狄邦教育管理
前程无忧,计算机,计算机网络技术维保人员,5000,成都,无需经验,大专,成都卓达杰盛科技
前程无忧,计算机,计算机,6000,成都,1年及以上,本科,成都恩创商务信息咨询
前程无忧,计算机,计算机视觉工程师,21000,成都,无需经验,硕士,先进科技（中国）
前程无忧,计算机,专利代理人（电学/通信/计算机/机械）,7000,成都,3-4年,本科,北京国昊天诚知识产权代理
前程无忧,计算机,机载软件工程师（纵横云龙）(J10576),8000,成都,1-5年,本科,成都纵横自动化技术
前程无忧,计算机,计算机类专业教师,6000,成都,无需经验,硕士,成都东软学院
前程无忧,计算机,计算机装配工程师,5500,成都,1年及以上,大专,成都万斯特测控技术
前程无忧,计算机,特种计算机平台部主任,19000,成都,10年及以上,大专,成都博宇利华科技
前程无忧,计算机,计算机管理员,7000,成都,1年及以上,本科,成都恩创商务信息咨询
前程无忧,计算机,计算机网络工程师,6500,成都,无需经验,大专,成都卓达杰盛科技
前程无忧,计算机,计算机化系统管理员(J10468),8000,成都,2年及以上,大专,成都苑东生物制药
前程无忧,计算机,计算机技术员（实习生）150元/天,150,成都,无需经验,本科,四川省知行人力资源管理
前程无忧,计算机,保密计算机管理员,7000,成都,1年及以上,本科,四川九强通信科技
前程无忧,计算机,上位机软件测试工程师,16000,成都,3-5年,本科,苏信半导体科技（苏州）
前程无忧,计算机,计算机视觉算法工程师（图像几何校正方向）,26500,成都,5年及以上,本科,成都市和天创科技
前程无忧,计算机,计算机视觉算法工程师,26500,成都,5年及以上,本科,成都市和天创科技
前程无忧,计算机,计算机视觉工程师G00157,18500,成都,5年及以上,本科,奥芯明半导体设备技术（上海）
前程无忧,计算机,计算机科学与技术专任教师,6000,成都,3-4年,硕士,四川吉利学院
前程无忧,计算机,计算机视觉算法工程师,250000,成都,3年及以上,硕士,四川九洲投资控股集团
前程无忧,计算机,AP物理/数学/化学/计算机教师,12500,成都,3年及以上,硕士,上海狄邦教育管理
前程无忧,计算机,计算机网络技术维保人员,5000,成都,无需经验,大专,成都卓达杰盛科技
前程无忧,计算机,计算机,6000,成都,1年及以上,本科,成都恩创商务信息咨询
前程无忧,计算机,计算机视觉工程师,21000,成都,无需经验,硕士,先进科技（中国）
前程无忧,计算机,专利代理人（电学/通信/计算机/机械）,7000,成都,3-4年,本科,北京国昊天诚知识产权代理
前程无忧,计算机,机载软件工程师（纵横云龙）(J10576),8000,成都,1-5年,本科,成都纵横自动化技术
前程无忧,计算机,计算机类专业教师,6000,成都,无需经验,硕士,成都东软学院
前程无忧,计算机,计算机装配工程师,5500,成都,1年及以上,大专,成都万斯特测控技术
前程无忧,计算机,特种计算机平台部主任,19000,成都,10年及以上,大专,成都博宇利华科技
前程无忧,计算机,计算机管理员,7000,成都,1年及以上,本科,成都恩创商务信息咨询
前程无忧,计算机,计算机网络工程师,6500,成都,无需经验,大专,成都卓达杰盛科技
前程无忧,计算机,计算机化系统管理员(J10468),8000,成都,2年及以上,大专,成都苑东生物制药
前程无忧,计算机,计算机技术员（实习生）150元/天,150,成都,无需经验,本科,四川省知行人力资源管理
前程无忧,计算机,保密计算机管理员,7000,成都,1年及以上,本科,四川九强通信科技
前程无忧,计算机,上位机软件测试工程师,16000,成都,3-5年,本科,苏信半导体科技（苏州）
前程无忧,计算机,计算机视觉算法工程师（图像几何校正方向）,26500,成都,5年及以上,本科,成都市和天创科技
前程无忧,计算机,计算机视觉算法工程师,26500,成都,5年及以上,本科,成都市和天创科技
前程无忧,计算机,计算机视觉工程师G00157,18500,成都,5年及以上,本科,奥芯明半导体设备技术（上海）
前程无忧,计算机,计算机科学与技术专任教师,6000,成都,3-4年,硕士,四川吉利学院
前程无忧,计算机,计算机视觉算法工程师,250000,成都,3年及以上,硕士,四川九洲投资控股集团
前程无忧,计算机,AP物理/数学/化学/计算机教师,12500,成都,3年及以上,硕士,上海狄邦教育管理
前程无忧,计算机,计算机网络技术维保人员,5000,成都,无需经验,大专,成都卓达杰盛科技
前程无忧,计算机,计算机,6000,成都,1年及以上,本科,成都恩创商务信息咨询
前程无忧,计算机,计算机视觉工程师,21000,成都,无需经验,硕士,先进科技（中国）
前程无忧,计算机,专利代理人（电学/通信/计算机/机械）,7000,成都,3-4年,本科,北京国昊天诚知识产权代理
前程无忧,计算机,机载软件工程师（纵横云龙）(J10576),8000,成都,1-5年,本科,成都纵横自动化技术
前程无忧,计算机,计算机类专业教师,6000,成都,无需经验,硕士,成都东软学院
前程无忧,计算机,计算机装配工程师,5500,成都,1年及以上,大专,成都万斯特测控技术
前程无忧,计算机,特种计算机平台部主任,19000,成都,10年及以上,大专,成都博宇利华科技
前程无忧,计算机,计算机管理员,7000,成都,1年及以上,本科,成都恩创商务信息咨询
前程无忧,计算机,计算机网络工程师,6500,成都,无需经验,大专,成都卓达杰盛科技
前程无忧,计算机,计算机化系统管理员(J10468),8000,成都,2年及以上,大专,成都苑东生物制药
前程无忧,计算机,计算机技术员（实习生）150元/天,150,成都,无需经验,本科,四川省知行人力资源管理
前程无忧,计算机,保密计算机管理员,7000,成都,1年及以上,本科,四川九强通信科技
前程无忧,计算机,上位机软件测试工程师,16000,成都,3-5年,本科,苏信半导体科技（苏州）
前程无忧,计算机,计算机视觉工程师G00157,18500,成都,5年及以上,本科,奥芯明半导体设备技术（上海）
前程无忧,计算机,计算机视觉算法工程师,250000,成都,3年及以上,硕士,四川九洲投资控股集团
前程无忧,计算机,计算机视觉工程师,21000,成都,无需经验,硕士,先进科技（中国）
前程无忧,计算机,计算机视觉算法工程师,26500,成都,5年及以上,本科,成都市和天创科技
前程无忧,计算机,计算机,6000,成都,1年及以上,本科,成都恩创商务信息咨询
前程无忧,计算机,机载软件工程师（纵横云龙）(J10576),8000,成都,1-5年,本科,成都纵横自动化技术
前程无忧,计算机,计算机视觉算法工程师（图像几何校正方向）,26500,成都,5年及以上,本科,成都市和天创科技
前程无忧,计算机,计算机类专业教师,6000,成都,无需经验,硕士,成都东软学院
前程无忧,计算机,计算机科学与技术专任教师,6000,成都,3-4年,硕士,四川吉利学院
前程无忧,计算机,计算机化系统管理员(J10468),8000,成都,2年及以上,大专,成都苑东生物制药
前程无忧,计算机,计算机管理员,7000,成都,1年及以上,本科,成都恩创商务信息咨询
前程无忧,计算机,计算机网络技术维保人员,5000,成都,无需经验,大专,成都卓达杰盛科技
前程无忧,计算机,专利代理人（电学/通信/计算机/机械）,7000,成都,3-4年,本科,北京国昊天诚知识产权代理
前程无忧,计算机,计算机网络工程师,6500,成都,无需经验,大专,成都卓达杰盛科技
前程无忧,计算机,计算机技术员（实习生）150元/天,150,成都,无需经验,本科,四川省知行人力资源管理
前程无忧,计算机,特种计算机平台部主任,19000,成都,10年及以上,大专,成都博宇利华科技
前程无忧,计算机,保密计算机管理员,7000,成都,1年及以上,本科,四川九强通信科技
前程无忧,计算机,AP物理/数学/化学/计算机教师,12500,成都,3年及以上,硕士,上海狄邦教育管理
前程无忧,计算机,计算机化系统验证工程师 (MJ009022),15000,成都,5年及以上,大专,上海药明生物技术
前程无忧,计算机,上位机软件测试工程师,16000,成都,3-5年,本科,苏信半导体科技（苏州）
前程无忧,计算机,计算机视觉算法工程师（图像几何校正方向）,26500,成都,5年及以上,本科,成都市和天创科技
前程无忧,计算机,计算机视觉算法工程师,26500,成都,5年及以上,本科,成都市和天创科技
前程无忧,计算机,计算机视觉工程师G00157,18500,成都,5年及以上,本科,奥芯明半导体设备技术（上海）
前程无忧,计算机,计算机科学与技术专任教师,6000,成都,3-4年,硕士,四川吉利学院
前程无忧,计算机,计算机视觉算法工程师,250000,成都,3年及以上,硕士,四川九洲投资控股集团
前程无忧,计算机,AP物理/数学/化学/计算机教师,12500,成都,3年及以上,硕士,上海狄邦教育管理
前程无忧,计算机,计算机网络技术维保人员,5000,成都,无需经验,大专,成都卓达杰盛科技
前程无忧,计算机,计算机,6000,成都,1年及以上,本科,成都恩创商务信息咨询
前程无忧,计算机,计算机视觉工程师,21000,成都,无需经验,硕士,先进科技（中国）
前程无忧,计算机,专利代理人（电学/通信/计算机/机械）,7000,成都,3-4年,本科,北京国昊天诚知识产权代理
前程无忧,计算机,机载软件工程师（纵横云龙）(J10576),8000,成都,1-5年,本科,成都纵横自动化技术
前程无忧,计算机,计算机类专业教师,6000,成都,无需经验,硕士,成都东软学院
前程无忧,计算机,计算机装配工程师,5500,成都,1年及以上,大专,成都万斯特测控技术
前程无忧,计算机,特种计算机平台部主任,19000,成都,10年及以上,大专,成都博宇利华科技
前程无忧,计算机,计算机管理员,7000,成都,1年及以上,本科,成都恩创商务信息咨询
前程无忧,计算机,计算机网络工程师,6500,成都,无需经验,大专,成都卓达杰盛科技
前程无忧,计算机,计算机化系统管理员(J10468),8000,成都,2年及以上,大专,成都苑东生物制药
前程无忧,计算机,计算机技术员（实习生）150元/天,150,成都,无需经验,本科,四川省知行人力资源管理
前程无忧,计算机,保密计算机管理员,7000,成都,1年及以上,本科,四川九强通信科技
前程无忧,计算机,上位机软件测试工程师,16000,成都,3-5年,本科,苏信半导体科技（苏州）
前程无忧,计算机,计算机视觉工程师G00157,18500,成都,5年及以上,本科,奥芯明半导体设备技术（上海）
前程无忧,计算机,计算机视觉算法工程师,250000,成都,3年及以上,硕士,四川九洲投资控股集团
前程无忧,计算机,计算机视觉工程师,21000,成都,无需经验,硕士,先进科技（中国）
前程无忧,计算机,计算机视觉算法工程师,26500,成都,5年及以上,本科,成都市和天创科技
前程无忧,计算机,计算机,6000,成都,1年及以上,本科,成都恩创商务信息咨询
前程无忧,计算机,机载软件工程师（纵横云龙）(J10576),8000,成都,1-5年,本科,成都纵横自动化技术
前程无忧,计算机,计算机视觉算法工程师（图像几何校正方向）,26500,成都,5年及以上,本科,成都市和天创科技
前程无忧,计算机,计算机类专业教师,6000,成都,无需经验,硕士,成都东软学院
前程无忧,计算机,计算机科学与技术专任教师,6000,成都,3-4年,硕士,四川吉利学院
前程无忧,计算机,计算机化系统管理员(J10468),8000,成都,2年及以上,大专,成都苑东生物制药
前程无忧,计算机,计算机管理员,7000,成都,1年及以上,本科,成都恩创商务信息咨询
前程无忧,计算机,计算机网络技术维保人员,5000,成都,无需经验,大专,成都卓达杰盛科技
前程无忧,计算机,专利代理人（电学/通信/计算机/机械）,7000,成都,3-4年,本科,北京国昊天诚知识产权代理
前程无忧,计算机,计算机网络工程师,6500,成都,无需经验,大专,成都卓达杰盛科技
前程无忧,计算机,计算机技术员（实习生）150元/天,150,成都,无需经验,本科,四川省知行人力资源管理
前程无忧,计算机,特种计算机平台部主任,19000,成都,10年及以上,大专,成都博宇利华科技
前程无忧,计算机,保密计算机管理员,7000,成都,1年及以上,本科,四川九强通信科技
前程无忧,计算机,AP物理/数学/化学/计算机教师,12500,成都,3年及以上,硕士,上海狄邦教育管理
前程无忧,计算机,计算机化系统验证工程师 (MJ009022),15000,成都,5年及以上,大专,上海药明生物技术
前程无忧,计算机,上位机软件测试工程师,16000,成都,3-5年,本科,苏信半导体科技（苏州）
前程无忧,计算机,双休五险不加班运维,7000,成都,1年及以上,大专,四川任由行通信科技
前程无忧,计算机,计算机,6000,成都,1年及以上,本科,成都恩创商务信息咨询
前程无忧,计算机,计算机类专业教师,6000,成都,无需经验,硕士,成都东软学院
前程无忧,计算机,机载软件工程师（纵横云龙）(J10576),8000,成都,1-5年,本科,成都纵横自动化技术
前程无忧,计算机,计算机视觉算法工程师,250000,成都,3年及以上,硕士,四川九洲投资控股集团
前程无忧,计算机,计算机科学与技术专任教师,6000,成都,3-4年,硕士,四川吉利学院
前程无忧,计算机,计算机网络工程师,6500,成都,无需经验,大专,成都卓达杰盛科技
前程无忧,计算机,计算机视觉工程师G00157,18500,成都,5年及以上,本科,奥芯明半导体设备技术（上海）
前程无忧,计算机,计算机管理员,7000,成都,1年及以上,本科,成都恩创商务信息咨询
前程无忧,计算机,计算机视觉算法工程师（图像几何校正方向）,26500,成都,5年及以上,本科,成都市和天创科技
前程无忧,计算机,计算机视觉工程师,21000,成都,无需经验,硕士,先进科技（中国）
前程无忧,计算机,计算机网络技术维保人员,5000,成都,无需经验,大专,成都卓达杰盛科技
前程无忧,计算机,保密计算机管理员,7000,成都,1年及以上,本科,四川九强通信科技
前程无忧,计算机,计算机视觉算法工程师,26500,成都,5年及以上,本科,成都市和天创科技
前程无忧,计算机,计算机技术员（实习生）150元/天,150,成都,无需经验,本科,四川省知行人力资源管理
前程无忧,计算机,站务工程师（纵横云龙）(J10618),6000,成都,1-5年,大专,成都纵横自动化技术
前程无忧,计算机,特种计算机平台部主任,19000,成都,10年及以上,大专,成都博宇利华科技
前程无忧,计算机,专利代理人（电学/通信/计算机/机械）,7000,成都,3-4年,本科,北京国昊天诚知识产权代理
前程无忧,计算机,计算机化系统管理员(J10468),8000,成都,2年及以上,大专,成都苑东生物制药
前程无忧,计算机,上位机软件测试工程师,16000,成都,3-5年,本科,苏信半导体科技（苏州）
前程无忧,计算机,双休五险不加班运维,7000,成都,1年及以上,大专,四川任由行通信科技
前程无忧,计算机,计算机,6000,成都,1年及以上,本科,成都恩创商务信息咨询
前程无忧,计算机,计算机类专业教师,6000,成都,无需经验,硕士,成都东软学院
前程无忧,计算机,机载软件工程师（纵横云龙）(J10576),8000,成都,1-5年,本科,成都纵横自动化技术
前程无忧,计算机,计算机视觉算法工程师,250000,成都,3年及以上,硕士,四川九洲投资控股集团
前程无忧,计算机,计算机科学与技术专任教师,6000,成都,3-4年,硕士,四川吉利学院
前程无忧,计算机,计算机网络工程师,6500,成都,无需经验,大专,成都卓达杰盛科技
前程无忧,计算机,计算机视觉工程师G00157,18500,成都,5年及以上,本科,奥芯明半导体设备技术（上海）
前程无忧,计算机,计算机管理员,7000,成都,1年及以上,本科,成都恩创商务信息咨询
前程无忧,计算机,计算机视觉算法工程师（图像几何校正方向）,26500,成都,5年及以上,本科,成都市和天创科技
前程无忧,计算机,计算机视觉工程师,21000,成都,无需经验,硕士,先进科技（中国）
前程无忧,计算机,计算机网络技术维保人员,5000,成都,无需经验,大专,成都卓达杰盛科技
前程无忧,计算机,保密计算机管理员,7000,成都,1年及以上,本科,四川九强通信科技
前程无忧,计算机,计算机视觉算法工程师,26500,成都,5年及以上,本科,成都市和天创科技
前程无忧,计算机,计算机技术员（实习生）150元/天,150,成都,无需经验,本科,四川省知行人力资源管理
前程无忧,计算机,站务工程师（纵横云龙）(J10618),6000,成都,1-5年,大专,成都纵横自动化技术
前程无忧,计算机,特种计算机平台部主任,19000,成都,10年及以上,大专,成都博宇利华科技
前程无忧,计算机,专利代理人（电学/通信/计算机/机械）,7000,成都,3-4年,本科,北京国昊天诚知识产权代理
前程无忧,计算机,计算机化系统管理员(J10468),8000,成都,2年及以上,大专,成都苑东生物制药
前程无忧,计算机,上位机软件测试工程师,16000,成都,3-5年,本科,苏信半导体科技（苏州）
前程无忧,计算机,计算机视觉工程师G00157,18500,成都,5年及以上,本科,奥芯明半导体设备技术（上海）
前程无忧,计算机,计算机视觉算法工程师,250000,成都,3年及以上,硕士,四川九洲投资控股集团
前程无忧,计算机,计算机视觉工程师,21000,成都,无需经验,硕士,先进科技（中国）
前程无忧,计算机,计算机视觉算法工程师,26500,成都,5年及以上,本科,成都市和天创科技
前程无忧,计算机,计算机,6000,成都,1年及以上,本科,成都恩创商务信息咨询
前程无忧,计算机,机载软件工程师（纵横云龙）(J10576),8000,成都,1-5年,本科,成都纵横自动化技术
前程无忧,计算机,计算机视觉算法工程师（图像几何校正方向）,26500,成都,5年及以上,本科,成都市和天创科技
前程无忧,计算机,计算机类专业教师,6000,成都,无需经验,硕士,成都东软学院
前程无忧,计算机,计算机科学与技术专任教师,6000,成都,3-4年,硕士,四川吉利学院
前程无忧,计算机,计算机化系统管理员(J10468),8000,成都,2年及以上,大专,成都苑东生物制药
前程无忧,计算机,计算机管理员,7000,成都,1年及以上,本科,成都恩创商务信息咨询
前程无忧,计算机,计算机网络技术维保人员,5000,成都,无需经验,大专,成都卓达杰盛科技
前程无忧,计算机,专利代理人（电学/通信/计算机/机械）,7000,成都,3-4年,本科,北京国昊天诚知识产权代理
前程无忧,计算机,计算机网络工程师,6500,成都,无需经验,大专,成都卓达杰盛科技
前程无忧,计算机,计算机技术员（实习生）150元/天,150,成都,无需经验,本科,四川省知行人力资源管理
前程无忧,计算机,特种计算机平台部主任,19000,成都,10年及以上,大专,成都博宇利华科技
前程无忧,计算机,保密计算机管理员,7000,成都,1年及以上,本科,四川九强通信科技
前程无忧,计算机,AP物理/数学/化学/计算机教师,12500,成都,3年及以上,硕士,上海狄邦教育管理
前程无忧,计算机,计算机化系统验证工程师 (MJ009022),15000,成都,5年及以上,大专,上海药明生物技术
前程无忧,计算机,计算机装配工程师,5500,成都,1年及以上,大专,成都万斯特测控技术
前程无忧,计算机,计算机化系统验证工程师 (MJ009022),15000,成都,5年及以上,大专,上海药明生物技术
前程无忧,计算机,省区销售经理,360000,成都,5年及以上,本科,成都神州数码索贝科技
前程无忧,计算机,计算机视觉算法工程师,26500,成都,5年及以上,本科,成都市和天创科技
前程无忧,计算机,Java开发工程师,8000,成都,3年及以上,本科,广州智算信息技术
前程无忧,计算机,软件技术人才,7000,成都,5年及以上,本科,四川省自然资源数字科技
前程无忧,计算机,AI智能体开发工程师,270000,成都,3年及以上,本科,延长壳牌（四川）石油
前程无忧,计算机,软件开发工程师（运动控制器）,25000,成都,3年及以上,本科,成都乐创自动化技术
前程无忧,计算机,技术工程师,4750,成都,2年及以上,中技/中专,成都杰创华汉数码科技
前程无忧,计算机,通信信息系统总体设计,22500,成都,1年及以上,硕士,西南电子技术研究所（中国电子科技集团公司第十研究所）
前程无忧,计算机,网络优化工程师,6000,成都,无需经验,大专,成都仰智宸电子设备
前程无忧,计算机,机器人技术总监,40000,成都,8年及以上,本科,东土科技（宜昌）
前程无忧,计算机,结构设计师,9000,成都,5年及以上,本科,成都华兴安科技
前程无忧,计算机,云计算技术支,6000,成都,1年及以上,大专,成都卓达杰盛科技
前程无忧,计算机,商业销售经理（四川）,8000,成都,3年及以上,大专,广州鼎甲计算机科技
前程无忧,计算机,大客户销售（四川）,16500,成都,7年及以上,本科,广州鼎甲计算机科技
前程无忧,计算机,电脑维修工程师,5000,成都,3-4年,大专,成都蓝天双翼科技
前程无忧,计算机,嵌入式高级软件开发工程师,21000,成都,2年及以上,硕士,达发芯科技（成都）
前程无忧,计算机,嵌入式软件工程师,16000,成都,3-10年,硕士,中国核动力研究设计院
前程无忧,计算机,数据治理高级工程师,20000,成都,5年及以上,本科,成都数创物联科技
前程无忧,计算机,AP物理/数学/化学/计算机教师,12500,成都,3年及以上,硕士,上海狄邦教育管理
前程无忧,计算机,AI应用专员,6000,成都,1年及以上,本科,四川景地基业集团
前程无忧,计算机,机器视觉应用软件工程师,7000,成都,2年及以上,本科,成都乐创自动化技术
前程无忧,计算机,端侧 AI（深度学习方向）软件管培生,4500,成都,无需经验,本科,成都极趣科技
前程无忧,计算机,AI应用工程师,7000,成都,2年及以上,本科,成都朗杰电子科技
前程无忧,计算机,AI工程师,8000,成都,无需经验,本科,松翰科技（成都）
前程无忧,计算机,AI Agent工程师 - FDE（成都）(J13930),37500,成都,3年及以上,本科,曙光信息产业
前程无忧,计算机,C++开发工程师,15000,成都,2年及以上,硕士,榕芯科技（成都）
前程无忧,计算机,四川-综合运维岗,8000,成都,无需经验,本科,中国太平洋财产保险股份有限公司四川
前程无忧,计算机,ai数据标注实习生,5000,成都,无需经验,本科,成都睿迅特通信技术
前程无忧,计算机,驻场运维工程师,6000,成都,无需经验,大专,四川融科华信科技
前程无忧,计算机,上位机软件工程师(J11603),15000,成都,2年及以上,本科,烟台睿创微纳技术
前程无忧,计算机,嵌入式硬件工程师,8000,成都,3年及以上,本科,珠海恒格微电子装备
前程无忧,计算机,嵌入式软件工程师 / 单片机工程师,6000,成都,无需经验,大专,成都昂通科技
前程无忧,计算机,助理工程师,6500,成都,1年及以上,本科,成都天创精密工业
前程无忧,计算机,软件销售顾问（钉钉、飞书或OA系统）,8000,成都,2-3年,大专,音泰思计算机技术（成都）
前程无忧,计算机,售后服务工程师（成都）,6000,成都,无需经验,大专,北京中盾安民分析技术
前程无忧,计算机,运维工程师（医药行业）,7000,成都,3年及以上,本科,成都倍特药业
前程无忧,计算机,高级实施工程师,7000,成都,2年,本科,成都连科软件
前程无忧,计算机,初级 Agent 全栈开发工程师,6000,成都,1年及以上,本科,四川创企科技
前程无忧,计算机,上位机软件测试工程师,16000,成都,3-5年,本科,苏信半导体科技（苏州）
前程无忧,计算机,计算机视觉工程师G00157,18500,成都,5年及以上,本科,奥芯明半导体设备技术（上海）
前程无忧,计算机,计算机视觉算法工程师,250000,成都,3年及以上,硕士,四川九洲投资控股集团
前程无忧,计算机,计算机视觉工程师,21000,成都,无需经验,硕士,先进科技（中国）
前程无忧,计算机,计算机视觉算法工程师,26500,成都,5年及以上,本科,成都市和天创科技
前程无忧,计算机,计算机,6000,成都,1年及以上,本科,成都恩创商务信息咨询
前程无忧,计算机,机载软件工程师（纵横云龙）(J10576),8000,成都,1-5年,本科,成都纵横自动化技术
前程无忧,计算机,计算机视觉算法工程师（图像几何校正方向）,26500,成都,5年及以上,本科,成都市和天创科技
前程无忧,计算机,计算机类专业教师,6000,成都,无需经验,硕士,成都东软学院
前程无忧,计算机,计算机科学与技术专任教师,6000,成都,3-4年,硕士,四川吉利学院
前程无忧,计算机,计算机化系统管理员(J10468),8000,成都,2年及以上,大专,成都苑东生物制药
前程无忧,计算机,计算机管理员,7000,成都,1年及以上,本科,成都恩创商务信息咨询
前程无忧,计算机,计算机网络技术维保人员,5000,成都,无需经验,大专,成都卓达杰盛科技
前程无忧,计算机,专利代理人（电学/通信/计算机/机械）,7000,成都,3-4年,本科,北京国昊天诚知识产权代理
前程无忧,计算机,计算机网络工程师,6500,成都,无需经验,大专,成都卓达杰盛科技
前程无忧,计算机,计算机技术员（实习生）150元/天,150,成都,无需经验,本科,四川省知行人力资源管理
前程无忧,计算机,特种计算机平台部主任,19000,成都,10年及以上,大专,成都博宇利华科技
前程无忧,计算机,保密计算机管理员,7000,成都,1年及以上,本科,四川九强通信科技
前程无忧,计算机,AP物理/数学/化学/计算机教师,12500,成都,3年及以上,硕士,上海狄邦教育管理
前程无忧,计算机,计算机化系统验证工程师 (MJ009022),15000,成都,5年及以上,大专,上海药明生物技术
前程无忧,计算机,上位机软件测试工程师,16000,成都,3-5年,本科,苏信半导体科技（苏州）
前程无忧,计算机,双休五险不加班运维,7000,成都,1年及以上,大专,四川任由行通信科技
前程无忧,计算机,计算机,6000,成都,1年及以上,本科,成都恩创商务信息咨询
前程无忧,计算机,计算机类专业教师,6000,成都,无需经验,硕士,成都东软学院
前程无忧,计算机,机载软件工程师（纵横云龙）(J10576),8000,成都,1-5年,本科,成都纵横自动化技术
前程无忧,计算机,计算机视觉算法工程师,250000,成都,3年及以上,硕士,四川九洲投资控股集团
前程无忧,计算机,计算机科学与技术专任教师,6000,成都,3-4年,硕士,四川吉利学院
前程无忧,计算机,计算机网络工程师,6500,成都,无需经验,大专,成都卓达杰盛科技
前程无忧,计算机,计算机视觉工程师G00157,18500,成都,5年及以上,本科,奥芯明半导体设备技术（上海）
前程无忧,计算机,计算机管理员,7000,成都,1年及以上,本科,成都恩创商务信息咨询
前程无忧,计算机,计算机视觉算法工程师（图像几何校正方向）,26500,成都,5年及以上,本科,成都市和天创科技
前程无忧,计算机,计算机视觉工程师,21000,成都,无需经验,硕士,先进科技（中国）
前程无忧,计算机,计算机网络技术维保人员,5000,成都,无需经验,大专,成都卓达杰盛科技
前程无忧,计算机,保密计算机管理员,7000,成都,1年及以上,本科,四川九强通信科技
前程无忧,计算机,计算机视觉算法工程师,26500,成都,5年及以上,本科,成都市和天创科技
前程无忧,计算机,计算机技术员（实习生）150元/天,150,成都,无需经验,本科,四川省知行人力资源管理
前程无忧,计算机,站务工程师（纵横云龙）(J10618),6000,成都,1-5年,大专,成都纵横自动化技术
前程无忧,计算机,特种计算机平台部主任,19000,成都,10年及以上,大专,成都博宇利华科技
前程无忧,计算机,专利代理人（电学/通信/计算机/机械）,7000,成都,3-4年,本科,北京国昊天诚知识产权代理
前程无忧,计算机,计算机化系统管理员(J10468),8000,成都,2年及以上,大专,成都苑东生物制药
前程无忧,计算机,上位机软件测试工程师,16000,成都,3-5年,本科,苏信半导体科技（苏州）
前程无忧,计算机,计算机视觉工程师G00157,18500,成都,5年及以上,本科,奥芯明半导体设备技术（上海）
前程无忧,计算机,计算机视觉算法工程师,250000,成都,3年及以上,硕士,四川九洲投资控股集团
前程无忧,计算机,计算机视觉工程师,21000,成都,无需经验,硕士,先进科技（中国）
前程无忧,计算机,计算机视觉算法工程师,26500,成都,5年及以上,本科,成都市和天创科技
前程无忧,计算机,计算机,6000,成都,1年及以上,本科,成都恩创商务信息咨询
前程无忧,计算机,机载软件工程师（纵横云龙）(J10576),8000,成都,1-5年,本科,成都纵横自动化技术
前程无忧,计算机,计算机视觉算法工程师（图像几何校正方向）,26500,成都,5年及以上,本科,成都市和天创科技
前程无忧,计算机,计算机类专业教师,6000,成都,无需经验,硕士,成都东软学院
前程无忧,计算机,计算机科学与技术专任教师,6000,成都,3-4年,硕士,四川吉利学院
前程无忧,计算机,计算机化系统管理员(J10468),8000,成都,2年及以上,大专,成都苑东生物制药
前程无忧,计算机,计算机管理员,7000,成都,1年及以上,本科,成都恩创商务信息咨询
前程无忧,计算机,计算机网络技术维保人员,5000,成都,无需经验,大专,成都卓达杰盛科技
前程无忧,计算机,专利代理人（电学/通信/计算机/机械）,7000,成都,3-4年,本科,北京国昊天诚知识产权代理
前程无忧,计算机,计算机网络工程师,6500,成都,无需经验,大专,成都卓达杰盛科技
前程无忧,计算机,计算机技术员（实习生）150元/天,150,成都,无需经验,本科,四川省知行人力资源管理
前程无忧,计算机,特种计算机平台部主任,19000,成都,10年及以上,大专,成都博宇利华科技
前程无忧,计算机,保密计算机管理员,7000,成都,1年及以上,本科,四川九强通信科技
前程无忧,计算机,AP物理/数学/化学/计算机教师,12500,成都,3年及以上,硕士,上海狄邦教育管理
前程无忧,计算机,计算机化系统验证工程师 (MJ009022),15000,成都,5年及以上,大专,上海药明生物技术
前程无忧,计算机,上位机软件测试工程师,16000,成都,3-5年,本科,苏信半导体科技（苏州）
前程无忧,计算机,计算机视觉算法工程师（图像几何校正方向）,26500,成都,5年及以上,本科,成都市和天创科技
前程无忧,计算机,计算机视觉算法工程师,26500,成都,5年及以上,本科,成都市和天创科技
前程无忧,计算机,计算机视觉工程师G00157,18500,成都,5年及以上,本科,奥芯明半导体设备技术（上海）
前程无忧,计算机,计算机科学与技术专任教师,6000,成都,3-4年,硕士,四川吉利学院
前程无忧,计算机,计算机视觉算法工程师,250000,成都,3年及以上,硕士,四川九洲投资控股集团
前程无忧,计算机,AP物理/数学/化学/计算机教师,12500,成都,3年及以上,硕士,上海狄邦教育管理
前程无忧,计算机,计算机网络技术维保人员,5000,成都,无需经验,大专,成都卓达杰盛科技
前程无忧,计算机,计算机,6000,成都,1年及以上,本科,成都恩创商务信息咨询
前程无忧,计算机,计算机视觉工程师,21000,成都,无需经验,硕士,先进科技（中国）
前程无忧,计算机,专利代理人（电学/通信/计算机/机械）,7000,成都,3-4年,本科,北京国昊天诚知识产权代理
前程无忧,计算机,机载软件工程师（纵横云龙）(J10576),8000,成都,1-5年,本科,成都纵横自动化技术
前程无忧,计算机,计算机类专业教师,6000,成都,无需经验,硕士,成都东软学院
前程无忧,计算机,计算机装配工程师,5500,成都,1年及以上,大专,成都万斯特测控技术
前程无忧,计算机,特种计算机平台部主任,19000,成都,10年及以上,大专,成都博宇利华科技
前程无忧,计算机,计算机管理员,7000,成都,1年及以上,本科,成都恩创商务信息咨询
前程无忧,计算机,计算机网络工程师,6500,成都,无需经验,大专,成都卓达杰盛科技
前程无忧,计算机,计算机化系统管理员(J10468),8000,成都,2年及以上,大专,成都苑东生物制药
前程无忧,计算机,计算机技术员（实习生）150元/天,150,成都,无需经验,本科,四川省知行人力资源管理
前程无忧,计算机,保密计算机管理员,7000,成都,1年及以上,本科,四川九强通信科技
前程无忧,计算机,上位机软件测试工程师,16000,成都,3-5年,本科,苏信半导体科技（苏州）
前程无忧,计算机,计算机视觉算法工程师（图像几何校正方向）,26500,成都,5年及以上,本科,成都市和天创科技
前程无忧,计算机,计算机视觉算法工程师,26500,成都,5年及以上,本科,成都市和天创科技
前程无忧,计算机,计算机视觉工程师G00157,18500,成都,5年及以上,本科,奥芯明半导体设备技术（上海）
前程无忧,计算机,计算机科学与技术专任教师,6000,成都,3-4年,硕士,四川吉利学院
前程无忧,计算机,计算机视觉算法工程师,250000,成都,3年及以上,硕士,四川九洲投资控股集团
前程无忧,计算机,AP物理/数学/化学/计算机教师,12500,成都,3年及以上,硕士,上海狄邦教育管理
前程无忧,计算机,计算机网络技术维保人员,5000,成都,无需经验,大专,成都卓达杰盛科技
前程无忧,计算机,计算机,6000,成都,1年及以上,本科,成都恩创商务信息咨询
前程无忧,计算机,计算机视觉工程师,21000,成都,无需经验,硕士,先进科技（中国）
前程无忧,计算机,专利代理人（电学/通信/计算机/机械）,7000,成都,3-4年,本科,北京国昊天诚知识产权代理
前程无忧,计算机,机载软件工程师（纵横云龙）(J10576),8000,成都,1-5年,本科,成都纵横自动化技术
前程无忧,计算机,计算机类专业教师,6000,成都,无需经验,硕士,成都东软学院
前程无忧,计算机,计算机装配工程师,5500,成都,1年及以上,大专,成都万斯特测控技术
前程无忧,计算机,特种计算机平台部主任,19000,成都,10年及以上,大专,成都博宇利华科技
前程无忧,计算机,计算机管理员,7000,成都,1年及以上,本科,成都恩创商务信息咨询
前程无忧,计算机,计算机网络工程师,6500,成都,无需经验,大专,成都卓达杰盛科技
前程无忧,计算机,计算机化系统管理员(J10468),8000,成都,2年及以上,大专,成都苑东生物制药
前程无忧,计算机,计算机技术员（实习生）150元/天,150,成都,无需经验,本科,四川省知行人力资源管理
前程无忧,计算机,保密计算机管理员,7000,成都,1年及以上,本科,四川九强通信科技
前程无忧,计算机,上位机软件测试工程师,16000,成都,3-5年,本科,苏信半导体科技（苏州）
前程无忧,计算机,计算机视觉工程师G00157,18500,成都,5年及以上,本科,奥芯明半导体设备技术（上海）
前程无忧,计算机,计算机视觉算法工程师,250000,成都,3年及以上,硕士,四川九洲投资控股集团
前程无忧,计算机,计算机视觉工程师,21000,成都,无需经验,硕士,先进科技（中国）
前程无忧,计算机,计算机视觉算法工程师,26500,成都,5年及以上,本科,成都市和天创科技
前程无忧,计算机,计算机,6000,成都,1年及以上,本科,成都恩创商务信息咨询
前程无忧,计算机,机载软件工程师（纵横云龙）(J10576),8000,成都,1-5年,本科,成都纵横自动化技术
前程无忧,计算机,计算机视觉算法工程师（图像几何校正方向）,26500,成都,5年及以上,本科,成都市和天创科技
前程无忧,计算机,计算机类专业教师,6000,成都,无需经验,硕士,成都东软学院
前程无忧,计算机,计算机科学与技术专任教师,6000,成都,3-4年,硕士,四川吉利学院
前程无忧,计算机,计算机化系统管理员(J10468),8000,成都,2年及以上,大专,成都苑东生物制药
前程无忧,计算机,计算机管理员,7000,成都,1年及以上,本科,成都恩创商务信息咨询
前程无忧,计算机,计算机网络技术维保人员,5000,成都,无需经验,大专,成都卓达杰盛科技
前程无忧,计算机,专利代理人（电学/通信/计算机/机械）,7000,成都,3-4年,本科,北京国昊天诚知识产权代理
前程无忧,计算机,计算机网络工程师,6500,成都,无需经验,大专,成都卓达杰盛科技
前程无忧,计算机,计算机技术员（实习生）150元/天,150,成都,无需经验,本科,四川省知行人力资源管理
前程无忧,计算机,特种计算机平台部主任,19000,成都,10年及以上,大专,成都博宇利华科技
前程无忧,计算机,保密计算机管理员,7000,成都,1年及以上,本科,四川九强通信科技
前程无忧,计算机,AP物理/数学/化学/计算机教师,12500,成都,3年及以上,硕士,上海狄邦教育管理
前程无忧,计算机,计算机化系统验证工程师 (MJ009022),15000,成都,5年及以上,大专,上海药明生物技术
前程无忧,计算机,上位机软件测试工程师,16000,成都,3-5年,本科,苏信半导体科技（苏州）
前程无忧,计算机,双休五险不加班运维,7000,成都,1年及以上,大专,四川任由行通信科技
前程无忧,计算机,计算机,6000,成都,1年及以上,本科,成都恩创商务信息咨询
前程无忧,计算机,计算机类专业教师,6000,成都,无需经验,硕士,成都东软学院
前程无忧,计算机,机载软件工程师（纵横云龙）(J10576),8000,成都,1-5年,本科,成都纵横自动化技术
前程无忧,计算机,计算机视觉算法工程师,250000,成都,3年及以上,硕士,四川九洲投资控股集团
前程无忧,计算机,计算机科学与技术专任教师,6000,成都,3-4年,硕士,四川吉利学院
前程无忧,计算机,计算机网络工程师,6500,成都,无需经验,大专,成都卓达杰盛科技
前程无忧,计算机,计算机视觉工程师G00157,18500,成都,5年及以上,本科,奥芯明半导体设备技术（上海）
前程无忧,计算机,计算机管理员,7000,成都,1年及以上,本科,成都恩创商务信息咨询
前程无忧,计算机,计算机视觉算法工程师（图像几何校正方向）,26500,成都,5年及以上,本科,成都市和天创科技
前程无忧,计算机,计算机视觉工程师,21000,成都,无需经验,硕士,先进科技（中国）
前程无忧,计算机,计算机网络技术维保人员,5000,成都,无需经验,大专,成都卓达杰盛科技
前程无忧,计算机,保密计算机管理员,7000,成都,1年及以上,本科,四川九强通信科技
前程无忧,计算机,计算机视觉算法工程师,26500,成都,5年及以上,本科,成都市和天创科技
前程无忧,计算机,计算机技术员（实习生）150元/天,150,成都,无需经验,本科,四川省知行人力资源管理
前程无忧,计算机,站务工程师（纵横云龙）(J10618),6000,成都,1-5年,大专,成都纵横自动化技术
前程无忧,计算机,特种计算机平台部主任,19000,成都,10年及以上,大专,成都博宇利华科技
前程无忧,计算机,专利代理人（电学/通信/计算机/机械）,7000,成都,3-4年,本科,北京国昊天诚知识产权代理
前程无忧,计算机,计算机化系统管理员(J10468),8000,成都,2年及以上,大专,成都苑东生物制药
前程无忧,计算机,上位机软件测试工程师,16000,成都,3-5年,本科,苏信半导体科技（苏州）
前程无忧,计算机,双休五险不加班运维,7000,成都,1年及以上,大专,四川任由行通信科技
前程无忧,计算机,计算机,6000,成都,1年及以上,本科,成都恩创商务信息咨询
前程无忧,计算机,计算机类专业教师,6000,成都,无需经验,硕士,成都东软学院
前程无忧,计算机,机载软件工程师（纵横云龙）(J10576),8000,成都,1-5年,本科,成都纵横自动化技术
前程无忧,计算机,计算机视觉算法工程师,250000,成都,3年及以上,硕士,四川九洲投资控股集团
前程无忧,计算机,计算机科学与技术专任教师,6000,成都,3-4年,硕士,四川吉利学院
前程无忧,计算机,计算机网络工程师,6500,成都,无需经验,大专,成都卓达杰盛科技
前程无忧,计算机,计算机视觉工程师G00157,18500,成都,5年及以上,本科,奥芯明半导体设备技术（上海）
前程无忧,计算机,计算机管理员,7000,成都,1年及以上,本科,成都恩创商务信息咨询
前程无忧,计算机,计算机视觉算法工程师（图像几何校正方向）,26500,成都,5年及以上,本科,成都市和天创科技
前程无忧,计算机,计算机视觉工程师,21000,成都,无需经验,硕士,先进科技（中国）
前程无忧,计算机,计算机网络技术维保人员,5000,成都,无需经验,大专,成都卓达杰盛科技
前程无忧,计算机,保密计算机管理员,7000,成都,1年及以上,本科,四川九强通信科技
前程无忧,计算机,计算机视觉算法工程师,26500,成都,5年及以上,本科,成都市和天创科技
前程无忧,计算机,计算机技术员（实习生）150元/天,150,成都,无需经验,本科,四川省知行人力资源管理
前程无忧,计算机,站务工程师（纵横云龙）(J10618),6000,成都,1-5年,大专,成都纵横自动化技术
前程无忧,计算机,特种计算机平台部主任,19000,成都,10年及以上,大专,成都博宇利华科技
前程无忧,计算机,专利代理人（电学/通信/计算机/机械）,7000,成都,3-4年,本科,北京国昊天诚知识产权代理
前程无忧,计算机,计算机化系统管理员(J10468),8000,成都,2年及以上,大专,成都苑东生物制药
前程无忧,计算机,上位机软件测试工程师,16000,成都,3-5年,本科,苏信半导体科技（苏州）
前程无忧,计算机,计算机视觉算法工程师（图像几何校正方向）,26500,成都,5年及以上,本科,成都市和天创科技
前程无忧,计算机,计算机视觉算法工程师,26500,成都,5年及以上,本科,成都市和天创科技
前程无忧,计算机,计算机视觉工程师G00157,18500,成都,5年及以上,本科,奥芯明半导体设备技术（上海）
前程无忧,计算机,计算机科学与技术专任教师,6000,成都,3-4年,硕士,四川吉利学院
前程无忧,计算机,计算机视觉算法工程师,250000,成都,3年及以上,硕士,四川九洲投资控股集团
前程无忧,计算机,AP物理/数学/化学/计算机教师,12500,成都,3年及以上,硕士,上海狄邦教育管理
前程无忧,计算机,计算机网络技术维保人员,5000,成都,无需经验,大专,成都卓达杰盛科技
前程无忧,计算机,计算机,6000,成都,1年及以上,本科,成都恩创商务信息咨询
前程无忧,计算机,计算机视觉工程师,21000,成都,无需经验,硕士,先进科技（中国）
前程无忧,计算机,专利代理人（电学/通信/计算机/机械）,7000,成都,3-4年,本科,北京国昊天诚知识产权代理
前程无忧,计算机,机载软件工程师（纵横云龙）(J10576),8000,成都,1-5年,本科,成都纵横自动化技术
前程无忧,计算机,计算机类专业教师,6000,成都,无需经验,硕士,成都东软学院
前程无忧,计算机,计算机装配工程师,5500,成都,1年及以上,大专,成都万斯特测控技术
前程无忧,计算机,特种计算机平台部主任,19000,成都,10年及以上,大专,成都博宇利华科技
前程无忧,计算机,计算机管理员,7000,成都,1年及以上,本科,成都恩创商务信息咨询
前程无忧,计算机,计算机网络工程师,6500,成都,无需经验,大专,成都卓达杰盛科技
前程无忧,计算机,计算机化系统管理员(J10468),8000,成都,2年及以上,大专,成都苑东生物制药
前程无忧,计算机,计算机技术员（实习生）150元/天,150,成都,无需经验,本科,四川省知行人力资源管理
前程无忧,计算机,保密计算机管理员,7000,成都,1年及以上,本科,四川九强通信科技
前程无忧,计算机,计算机类专业教师,6000,成都,无需经验,硕士,成都东软学院
前程无忧,计算机,站务工程师（纵横云龙）(J10618),6000,成都,1-5年,大专,成都纵横自动化技术
前程无忧,计算机,FPGA工程师,22500,成都,5年及以上,硕士,苏州联讯仪器
前程无忧,计算机,机器学习工程师,7000,成都,1年及以上,本科,四川九强通信科技
前程无忧,计算机,视觉ai工程师,12500,成都,3年及以上,本科,四川宏华电气
前程无忧,计算机,机器人应用软件开发,17000,成都,5年及以上,本科,中国兵器装备集团自动化研究所
前程无忧,计算机,计算机化系统验证工程师 (MJ009022),15000,成都,5年及以上,大专,上海药明生物技术
前程无忧,计算机,VLA算法（实习生/应届生）,27500,成都,无需经验,硕士,成都卡诺普机器人技术
前程无忧,计算机,网络管理员,4500,成都,2年及以上,大专,成都新运机动车检测
前程无忧,计算机,双休ai产品团队管理,7500,成都,3年及以上,大专,成都德瑞鸿创科技
前程无忧,计算机,数据架构师,23000,成都,7年及以上,本科,成都百裕制药
前程无忧,计算机,ai数据标注实习生,5000,成都,无需经验,本科,成都睿迅特通信技术
前程无忧,计算机,运维开发,6000,成都,无需经验,本科,成都臻琰科技
前程无忧,计算机,数通项目交付工程师,7000,成都,1年及以上,大专,成都鼎毅维元科技
前程无忧,计算机,网络测试专员 双休 可小白,6500,成都,无需经验,大专,成都云端锐进科技
前程无忧,计算机,触显及一体机系统集成工程师,20000,成都,1年及以上,本科,成都吉锐时代触摸技术
前程无忧,计算机,上位机软件工程师,13000,成都,3年及以上,本科,苏信半导体科技（苏州）
前程无忧,计算机,售后服务工程师,7000,成都,1-3年,本科,成都恩创商务信息咨询
前程无忧,计算机,机器人销售工程师,12500,成都,3年及以上,本科,四川名城建筑工程集团
前程无忧,计算机,数控铣工,6000,成都,1年,中技/中专,成都朝合普尔航空科技
前程无忧,计算机,上位机软件测试工程师,16000,成都,3-5年,本科,苏信半导体科技（苏州）
前程无忧,计算机,双休五险不加班运维,7000,成都,1年及以上,大专,四川任由行通信科技
前程无忧,计算机,计算机,6000,成都,1年及以上,本科,成都恩创商务信息咨询
前程无忧,计算机,计算机类专业教师,6000,成都,无需经验,硕士,成都东软学院
前程无忧,计算机,机载软件工程师（纵横云龙）(J10576),8000,成都,1-5年,本科,成都纵横自动化技术
前程无忧,计算机,计算机视觉算法工程师,250000,成都,3年及以上,硕士,四川九洲投资控股集团
前程无忧,计算机,计算机科学与技术专任教师,6000,成都,3-4年,硕士,四川吉利学院
前程无忧,计算机,计算机网络工程师,6500,成都,无需经验,大专,成都卓达杰盛科技
前程无忧,计算机,计算机视觉工程师G00157,18500,成都,5年及以上,本科,奥芯明半导体设备技术（上海）
前程无忧,计算机,计算机管理员,7000,成都,1年及以上,本科,成都恩创商务信息咨询
前程无忧,计算机,计算机视觉算法工程师（图像几何校正方向）,26500,成都,5年及以上,本科,成都市和天创科技
前程无忧,计算机,计算机视觉工程师,21000,成都,无需经验,硕士,先进科技（中国）
前程无忧,计算机,计算机网络技术维保人员,5000,成都,无需经验,大专,成都卓达杰盛科技
前程无忧,计算机,保密计算机管理员,7000,成都,1年及以上,本科,四川九强通信科技
前程无忧,计算机,计算机视觉算法工程师,26500,成都,5年及以上,本科,成都市和天创科技
前程无忧,计算机,计算机技术员（实习生）150元/天,150,成都,无需经验,本科,四川省知行人力资源管理
前程无忧,计算机,站务工程师（纵横云龙）(J10618),6000,成都,1-5年,大专,成都纵横自动化技术
前程无忧,计算机,特种计算机平台部主任,19000,成都,10年及以上,大专,成都博宇利华科技
前程无忧,计算机,专利代理人（电学/通信/计算机/机械）,7000,成都,3-4年,本科,北京国昊天诚知识产权代理
前程无忧,计算机,计算机化系统管理员(J10468),8000,成都,2年及以上,大专,成都苑东生物制药
前程无忧,计算机,上位机软件测试工程师,16000,成都,3-5年,本科,苏信半导体科技（苏州）
前程无忧,计算机,双休五险不加班运维,7000,成都,1年及以上,大专,四川任由行通信科技
前程无忧,计算机,计算机,6000,成都,1年及以上,本科,成都恩创商务信息咨询
前程无忧,计算机,计算机类专业教师,6000,成都,无需经验,硕士,成都东软学院
前程无忧,计算机,机载软件工程师（纵横云龙）(J10576),8000,成都,1-5年,本科,成都纵横自动化技术
前程无忧,计算机,计算机视觉算法工程师,250000,成都,3年及以上,硕士,四川九洲投资控股集团
前程无忧,计算机,计算机科学与技术专任教师,6000,成都,3-4年,硕士,四川吉利学院
前程无忧,计算机,计算机网络工程师,6500,成都,无需经验,大专,成都卓达杰盛科技
前程无忧,计算机,计算机视觉工程师G00157,18500,成都,5年及以上,本科,奥芯明半导体设备技术（上海）
前程无忧,计算机,计算机管理员,7000,成都,1年及以上,本科,成都恩创商务信息咨询
前程无忧,计算机,计算机视觉算法工程师（图像几何校正方向）,26500,成都,5年及以上,本科,成都市和天创科技
前程无忧,计算机,计算机视觉工程师,21000,成都,无需经验,硕士,先进科技（中国）
前程无忧,计算机,计算机网络技术维保人员,5000,成都,无需经验,大专,成都卓达杰盛科技
前程无忧,计算机,保密计算机管理员,7000,成都,1年及以上,本科,四川九强通信科技
前程无忧,计算机,计算机视觉算法工程师,26500,成都,5年及以上,本科,成都市和天创科技
前程无忧,计算机,计算机技术员（实习生）150元/天,150,成都,无需经验,本科,四川省知行人力资源管理
前程无忧,计算机,站务工程师（纵横云龙）(J10618),6000,成都,1-5年,大专,成都纵横自动化技术
前程无忧,计算机,特种计算机平台部主任,19000,成都,10年及以上,大专,成都博宇利华科技
前程无忧,计算机,专利代理人（电学/通信/计算机/机械）,7000,成都,3-4年,本科,北京国昊天诚知识产权代理
前程无忧,计算机,计算机化系统管理员(J10468),8000,成都,2年及以上,大专,成都苑东生物制药
前程无忧,计算机,上位机软件测试工程师,16000,成都,3-5年,本科,苏信半导体科技（苏州）
前程无忧,计算机,双休五险不加班运维,7000,成都,1年及以上,大专,四川任由行通信科技
前程无忧,计算机,计算机,6000,成都,1年及以上,本科,成都恩创商务信息咨询
前程无忧,计算机,计算机类专业教师,6000,成都,无需经验,硕士,成都东软学院
前程无忧,计算机,机载软件工程师（纵横云龙）(J10576),8000,成都,1-5年,本科,成都纵横自动化技术
前程无忧,计算机,计算机视觉算法工程师,250000,成都,3年及以上,硕士,四川九洲投资控股集团
前程无忧,计算机,计算机科学与技术专任教师,6000,成都,3-4年,硕士,四川吉利学院
前程无忧,计算机,计算机网络工程师,6500,成都,无需经验,大专,成都卓达杰盛科技
前程无忧,计算机,计算机视觉工程师G00157,18500,成都,5年及以上,本科,奥芯明半导体设备技术（上海）
前程无忧,计算机,计算机管理员,7000,成都,1年及以上,本科,成都恩创商务信息咨询
前程无忧,计算机,计算机视觉算法工程师（图像几何校正方向）,26500,成都,5年及以上,本科,成都市和天创科技
前程无忧,计算机,计算机视觉工程师,21000,成都,无需经验,硕士,先进科技（中国）
前程无忧,计算机,计算机网络技术维保人员,5000,成都,无需经验,大专,成都卓达杰盛科技
前程无忧,计算机,保密计算机管理员,7000,成都,1年及以上,本科,四川九强通信科技
前程无忧,计算机,计算机视觉算法工程师,26500,成都,5年及以上,本科,成都市和天创科技
前程无忧,计算机,计算机技术员（实习生）150元/天,150,成都,无需经验,本科,四川省知行人力资源管理
前程无忧,计算机,站务工程师（纵横云龙）(J10618),6000,成都,1-5年,大专,成都纵横自动化技术
前程无忧,计算机,特种计算机平台部主任,19000,成都,10年及以上,大专,成都博宇利华科技
前程无忧,计算机,专利代理人（电学/通信/计算机/机械）,7000,成都,3-4年,本科,北京国昊天诚知识产权代理
前程无忧,计算机,计算机化系统管理员(J10468),8000,成都,2年及以上,大专,成都苑东生物制药
前程无忧,计算机,上位机软件测试工程师,16000,成都,3-5年,本科,苏信半导体科技（苏州）
前程无忧,计算机,计算机视觉算法工程师（图像几何校正方向）,26500,成都,5年及以上,本科,成都市和天创科技
前程无忧,计算机,计算机视觉算法工程师,26500,成都,5年及以上,本科,成都市和天创科技
前程无忧,计算机,计算机视觉工程师G00157,18500,成都,5年及以上,本科,奥芯明半导体设备技术（上海）
前程无忧,计算机,计算机科学与技术专任教师,6000,成都,3-4年,硕士,四川吉利学院
前程无忧,计算机,计算机视觉算法工程师,250000,成都,3年及以上,硕士,四川九洲投资控股集团
前程无忧,计算机,AP物理/数学/化学/计算机教师,12500,成都,3年及以上,硕士,上海狄邦教育管理
前程无忧,计算机,计算机网络技术维保人员,5000,成都,无需经验,大专,成都卓达杰盛科技
前程无忧,计算机,计算机,6000,成都,1年及以上,本科,成都恩创商务信息咨询
前程无忧,计算机,计算机视觉工程师,21000,成都,无需经验,硕士,先进科技（中国）
前程无忧,计算机,专利代理人（电学/通信/计算机/机械）,7000,成都,3-4年,本科,北京国昊天诚知识产权代理
前程无忧,计算机,机载软件工程师（纵横云龙）(J10576),8000,成都,1-5年,本科,成都纵横自动化技术
前程无忧,计算机,计算机类专业教师,6000,成都,无需经验,硕士,成都东软学院
前程无忧,计算机,计算机装配工程师,5500,成都,1年及以上,大专,成都万斯特测控技术
前程无忧,计算机,特种计算机平台部主任,19000,成都,10年及以上,大专,成都博宇利华科技
前程无忧,计算机,计算机管理员,7000,成都,1年及以上,本科,成都恩创商务信息咨询
前程无忧,计算机,计算机网络工程师,6500,成都,无需经验,大专,成都卓达杰盛科技
前程无忧,计算机,计算机化系统管理员(J10468),8000,成都,2年及以上,大专,成都苑东生物制药
前程无忧,计算机,计算机技术员（实习生）150元/天,150,成都,无需经验,本科,四川省知行人力资源管理
前程无忧,计算机,保密计算机管理员,7000,成都,1年及以上,本科,四川九强通信科技
前程无忧,计算机,计算机类专业教师,6000,成都,无需经验,硕士,成都东软学院
前程无忧,计算机,视觉应用研发工程师,8000,成都,无需经验,硕士,民航成都物流技术
前程无忧,计算机,数据科学经理 Manager，Reusable AI Squad,21500,成都,3-6年,本科,华侨银行
前程无忧,计算机,端侧 AI（深度学习方向）软件管培生,4500,成都,无需经验,本科,成都极趣科技
前程无忧,计算机,ai工程师,7000,成都,无需经验,本科,成都臻琰科技
前程无忧,计算机,AI智能体开发工程师（初级）,9000,成都,3年及以上,本科,成都数创物联科技
前程无忧,计算机,软件测评工程师（网络安全-成都）,7000,成都,2年及以上,本科,海华电子企业（中国）
前程无忧,计算机,AI智能体开发工程师,270000,成都,3年及以上,本科,延长壳牌（四川）石油
前程无忧,计算机,AI工程师,25000,成都,5年及以上,本科,康诺亚生物医药科技
前程无忧,计算机,信息技术专员,6500,成都,1年及以上,本科,四川佳泰保险代理
前程无忧,计算机,自动化软件类管培生-计算机基础,92500,成都,无需经验,本科,珠海市运泰利自动化设备
前程无忧,计算机,信息科技岗,5000,成都,2年,本科,中银保险有限公司四川
前程无忧,计算机,算法总监,30000,成都,10年及以上,硕士,中国兵器装备集团自动化研究所
前程无忧,计算机,信息技术工程师,9000,成都,2年及以上,大专,四川紫宸科技
前程无忧,计算机,Python自动化测试,7500,成都,1年及以上,本科,成都臻琰科技
前程无忧,计算机,视频数据标注专员,5500,成都,1-3年,大专,成都英顺世汀科技
前程无忧,计算机,驻场运维工程师,6000,成都,无需经验,大专,四川融科华信科技
前程无忧,计算机,信息管理员,6500,成都,1年及以上,大专,四川远大搏成药业
前程无忧,计算机,信息系统监理师J10031,6000,成都,1-3年,本科,成都安美勤信息技术
前程无忧,计算机,上位机软件开发（设备）(A226387),17000,成都,5年及以上,本科,苏州旭创科技
前程无忧,计算机,上位机软件测试工程师,16000,成都,3-5年,本科,苏信半导体科技（苏州）
前程无忧,计算机,计算机视觉工程师G00157,18500,成都,5年及以上,本科,奥芯明半导体设备技术（上海）
前程无忧,计算机,计算机视觉算法工程师,250000,成都,3年及以上,硕士,四川九洲投资控股集团
前程无忧,计算机,计算机视觉工程师,21000,成都,无需经验,硕士,先进科技（中国）
前程无忧,计算机,计算机视觉算法工程师,26500,成都,5年及以上,本科,成都市和天创科技
前程无忧,计算机,计算机,6000,成都,1年及以上,本科,成都恩创商务信息咨询
前程无忧,计算机,机载软件工程师（纵横云龙）(J10576),8000,成都,1-5年,本科,成都纵横自动化技术
前程无忧,计算机,计算机视觉算法工程师（图像几何校正方向）,26500,成都,5年及以上,本科,成都市和天创科技
前程无忧,计算机,计算机类专业教师,6000,成都,无需经验,硕士,成都东软学院
前程无忧,计算机,计算机科学与技术专任教师,6000,成都,3-4年,硕士,四川吉利学院
前程无忧,计算机,计算机化系统管理员(J10468),8000,成都,2年及以上,大专,成都苑东生物制药
前程无忧,计算机,计算机管理员,7000,成都,1年及以上,本科,成都恩创商务信息咨询
前程无忧,计算机,计算机网络技术维保人员,5000,成都,无需经验,大专,成都卓达杰盛科技
前程无忧,计算机,专利代理人（电学/通信/计算机/机械）,7000,成都,3-4年,本科,北京国昊天诚知识产权代理
前程无忧,计算机,计算机网络工程师,6500,成都,无需经验,大专,成都卓达杰盛科技
前程无忧,计算机,计算机技术员（实习生）150元/天,150,成都,无需经验,本科,四川省知行人力资源管理
前程无忧,计算机,特种计算机平台部主任,19000,成都,10年及以上,大专,成都博宇利华科技
前程无忧,计算机,保密计算机管理员,7000,成都,1年及以上,本科,四川九强通信科技
前程无忧,计算机,AP物理/数学/化学/计算机教师,12500,成都,3年及以上,硕士,上海狄邦教育管理
前程无忧,计算机,计算机化系统验证工程师 (MJ009022),15000,成都,5年及以上,大专,上海药明生物技术
前程无忧,计算机,上位机软件测试工程师,16000,成都,3-5年,本科,苏信半导体科技（苏州）
前程无忧,计算机,计算机视觉算法工程师（图像几何校正方向）,26500,成都,5年及以上,本科,成都市和天创科技
前程无忧,计算机,计算机视觉算法工程师,26500,成都,5年及以上,本科,成都市和天创科技
前程无忧,计算机,计算机视觉工程师G00157,18500,成都,5年及以上,本科,奥芯明半导体设备技术（上海）
前程无忧,计算机,计算机科学与技术专任教师,6000,成都,3-4年,硕士,四川吉利学院
前程无忧,计算机,计算机视觉算法工程师,250000,成都,3年及以上,硕士,四川九洲投资控股集团
前程无忧,计算机,AP物理/数学/化学/计算机教师,12500,成都,3年及以上,硕士,上海狄邦教育管理
前程无忧,计算机,计算机网络技术维保人员,5000,成都,无需经验,大专,成都卓达杰盛科技
前程无忧,计算机,计算机,6000,成都,1年及以上,本科,成都恩创商务信息咨询
前程无忧,计算机,计算机视觉工程师,21000,成都,无需经验,硕士,先进科技（中国）
前程无忧,计算机,专利代理人（电学/通信/计算机/机械）,7000,成都,3-4年,本科,北京国昊天诚知识产权代理
前程无忧,计算机,机载软件工程师（纵横云龙）(J10576),8000,成都,1-5年,本科,成都纵横自动化技术
前程无忧,计算机,计算机类专业教师,6000,成都,无需经验,硕士,成都东软学院
前程无忧,计算机,计算机装配工程师,5500,成都,1年及以上,大专,成都万斯特测控技术
前程无忧,计算机,特种计算机平台部主任,19000,成都,10年及以上,大专,成都博宇利华科技
前程无忧,计算机,计算机管理员,7000,成都,1年及以上,本科,成都恩创商务信息咨询
前程无忧,计算机,计算机网络工程师,6500,成都,无需经验,大专,成都卓达杰盛科技
前程无忧,计算机,计算机化系统管理员(J10468),8000,成都,2年及以上,大专,成都苑东生物制药
前程无忧,计算机,计算机技术员（实习生）150元/天,150,成都,无需经验,本科,四川省知行人力资源管理
前程无忧,计算机,保密计算机管理员,7000,成都,1年及以上,本科,四川九强通信科技
前程无忧,计算机,上位机软件测试工程师,16000,成都,3-5年,本科,苏信半导体科技（苏州）
前程无忧,计算机,计算机视觉算法工程师（图像几何校正方向）,26500,成都,5年及以上,本科,成都市和天创科技
前程无忧,计算机,计算机视觉算法工程师,26500,成都,5年及以上,本科,成都市和天创科技
前程无忧,计算机,计算机视觉工程师G00157,18500,成都,5年及以上,本科,奥芯明半导体设备技术（上海）
前程无忧,计算机,计算机科学与技术专任教师,6000,成都,3-4年,硕士,四川吉利学院
前程无忧,计算机,计算机视觉算法工程师,250000,成都,3年及以上,硕士,四川九洲投资控股集团
前程无忧,计算机,AP物理/数学/化学/计算机教师,12500,成都,3年及以上,硕士,上海狄邦教育管理
前程无忧,计算机,计算机网络技术维保人员,5000,成都,无需经验,大专,成都卓达杰盛科技
前程无忧,计算机,计算机,6000,成都,1年及以上,本科,成都恩创商务信息咨询
前程无忧,计算机,计算机视觉工程师,21000,成都,无需经验,硕士,先进科技（中国）
前程无忧,计算机,专利代理人（电学/通信/计算机/机械）,7000,成都,3-4年,本科,北京国昊天诚知识产权代理
前程无忧,计算机,机载软件工程师（纵横云龙）(J10576),8000,成都,1-5年,本科,成都纵横自动化技术
前程无忧,计算机,计算机类专业教师,6000,成都,无需经验,硕士,成都东软学院
前程无忧,计算机,计算机装配工程师,5500,成都,1年及以上,大专,成都万斯特测控技术
前程无忧,计算机,特种计算机平台部主任,19000,成都,10年及以上,大专,成都博宇利华科技
前程无忧,计算机,计算机管理员,7000,成都,1年及以上,本科,成都恩创商务信息咨询
前程无忧,计算机,计算机网络工程师,6500,成都,无需经验,大专,成都卓达杰盛科技
前程无忧,计算机,计算机化系统管理员(J10468),8000,成都,2年及以上,大专,成都苑东生物制药
前程无忧,计算机,计算机技术员（实习生）150元/天,150,成都,无需经验,本科,四川省知行人力资源管理
前程无忧,计算机,保密计算机管理员,7000,成都,1年及以上,本科,四川九强通信科技
前程无忧,计算机,上位机软件测试工程师,16000,成都,3-5年,本科,苏信半导体科技（苏州）
前程无忧,计算机,计算机视觉工程师G00157,18500,成都,5年及以上,本科,奥芯明半导体设备技术（上海）
前程无忧,计算机,计算机视觉算法工程师,250000,成都,3年及以上,硕士,四川九洲投资控股集团
前程无忧,计算机,计算机视觉工程师,21000,成都,无需经验,硕士,先进科技（中国）
前程无忧,计算机,计算机视觉算法工程师,26500,成都,5年及以上,本科,成都市和天创科技
前程无忧,计算机,计算机,6000,成都,1年及以上,本科,成都恩创商务信息咨询
前程无忧,计算机,机载软件工程师（纵横云龙）(J10576),8000,成都,1-5年,本科,成都纵横自动化技术
前程无忧,计算机,计算机视觉算法工程师（图像几何校正方向）,26500,成都,5年及以上,本科,成都市和天创科技
前程无忧,计算机,计算机类专业教师,6000,成都,无需经验,硕士,成都东软学院
前程无忧,计算机,计算机科学与技术专任教师,6000,成都,3-4年,硕士,四川吉利学院
前程无忧,计算机,计算机化系统管理员(J10468),8000,成都,2年及以上,大专,成都苑东生物制药
前程无忧,计算机,计算机管理员,7000,成都,1年及以上,本科,成都恩创商务信息咨询
前程无忧,计算机,计算机网络技术维保人员,5000,成都,无需经验,大专,成都卓达杰盛科技
前程无忧,计算机,专利代理人（电学/通信/计算机/机械）,7000,成都,3-4年,本科,北京国昊天诚知识产权代理
前程无忧,计算机,计算机网络工程师,6500,成都,无需经验,大专,成都卓达杰盛科技
前程无忧,计算机,计算机技术员（实习生）150元/天,150,成都,无需经验,本科,四川省知行人力资源管理
前程无忧,计算机,特种计算机平台部主任,19000,成都,10年及以上,大专,成都博宇利华科技
前程无忧,计算机,保密计算机管理员,7000,成都,1年及以上,本科,四川九强通信科技
前程无忧,计算机,AP物理/数学/化学/计算机教师,12500,成都,3年及以上,硕士,上海狄邦教育管理
前程无忧,计算机,计算机化系统验证工程师 (MJ009022),15000,成都,5年及以上,大专,上海药明生物技术
前程无忧,计算机,上位机软件测试工程师,16000,成都,3-5年,本科,苏信半导体科技（苏州）
前程无忧,计算机,计算机视觉工程师G00157,18500,成都,5年及以上,本科,奥芯明半导体设备技术（上海）
前程无忧,计算机,计算机视觉算法工程师,250000,成都,3年及以上,硕士,四川九洲投资控股集团
前程无忧,计算机,计算机视觉工程师,21000,成都,无需经验,硕士,先进科技（中国）
前程无忧,计算机,计算机视觉算法工程师,26500,成都,5年及以上,本科,成都市和天创科技
前程无忧,计算机,计算机,6000,成都,1年及以上,本科,成都恩创商务信息咨询
前程无忧,计算机,机载软件工程师（纵横云龙）(J10576),8000,成都,1-5年,本科,成都纵横自动化技术
前程无忧,计算机,计算机视觉算法工程师（图像几何校正方向）,26500,成都,5年及以上,本科,成都市和天创科技
前程无忧,计算机,计算机类专业教师,6000,成都,无需经验,硕士,成都东软学院
前程无忧,计算机,计算机科学与技术专任教师,6000,成都,3-4年,硕士,四川吉利学院
前程无忧,计算机,计算机化系统管理员(J10468),8000,成都,2年及以上,大专,成都苑东生物制药
前程无忧,计算机,计算机管理员,7000,成都,1年及以上,本科,成都恩创商务信息咨询
前程无忧,计算机,计算机网络技术维保人员,5000,成都,无需经验,大专,成都卓达杰盛科技
前程无忧,计算机,专利代理人（电学/通信/计算机/机械）,7000,成都,3-4年,本科,北京国昊天诚知识产权代理
前程无忧,计算机,计算机网络工程师,6500,成都,无需经验,大专,成都卓达杰盛科技
前程无忧,计算机,计算机技术员（实习生）150元/天,150,成都,无需经验,本科,四川省知行人力资源管理
前程无忧,计算机,特种计算机平台部主任,19000,成都,10年及以上,大专,成都博宇利华科技
前程无忧,计算机,保密计算机管理员,7000,成都,1年及以上,本科,四川九强通信科技
前程无忧,计算机,AP物理/数学/化学/计算机教师,12500,成都,3年及以上,硕士,上海狄邦教育管理
前程无忧,计算机,计算机化系统验证工程师 (MJ009022),15000,成都,5年及以上,大专,上海药明生物技术
前程无忧,计算机,上位机软件测试工程师,16000,成都,3-5年,本科,苏信半导体科技（苏州）
前程无忧,计算机,计算机视觉工程师G00157,18500,成都,5年及以上,本科,奥芯明半导体设备技术（上海）
前程无忧,计算机,计算机视觉算法工程师,250000,成都,3年及以上,硕士,四川九洲投资控股集团
前程无忧,计算机,计算机视觉工程师,21000,成都,无需经验,硕士,先进科技（中国）
前程无忧,计算机,计算机视觉算法工程师,26500,成都,5年及以上,本科,成都市和天创科技
前程无忧,计算机,计算机,6000,成都,1年及以上,本科,成都恩创商务信息咨询
前程无忧,计算机,机载软件工程师（纵横云龙）(J10576),8000,成都,1-5年,本科,成都纵横自动化技术
前程无忧,计算机,计算机视觉算法工程师（图像几何校正方向）,26500,成都,5年及以上,本科,成都市和天创科技
前程无忧,计算机,计算机类专业教师,6000,成都,无需经验,硕士,成都东软学院
前程无忧,计算机,计算机科学与技术专任教师,6000,成都,3-4年,硕士,四川吉利学院
前程无忧,计算机,计算机化系统管理员(J10468),8000,成都,2年及以上,大专,成都苑东生物制药
前程无忧,计算机,计算机管理员,7000,成都,1年及以上,本科,成都恩创商务信息咨询
前程无忧,计算机,计算机网络技术维保人员,5000,成都,无需经验,大专,成都卓达杰盛科技
前程无忧,计算机,专利代理人（电学/通信/计算机/机械）,7000,成都,3-4年,本科,北京国昊天诚知识产权代理
前程无忧,计算机,计算机网络工程师,6500,成都,无需经验,大专,成都卓达杰盛科技
前程无忧,计算机,计算机技术员（实习生）150元/天,150,成都,无需经验,本科,四川省知行人力资源管理
前程无忧,计算机,特种计算机平台部主任,19000,成都,10年及以上,大专,成都博宇利华科技
前程无忧,计算机,保密计算机管理员,7000,成都,1年及以上,本科,四川九强通信科技
前程无忧,计算机,AP物理/数学/化学/计算机教师,12500,成都,3年及以上,硕士,上海狄邦教育管理
前程无忧,计算机,计算机化系统验证工程师 (MJ009022),15000,成都,5年及以上,大专,上海药明生物技术
前程无忧,计算机,计算机专任教师,6000,重庆,3年及以上,硕士,重庆应用技术职业学院
前程无忧,计算机,计算机高层次教师,5000,重庆,8年及以上,本科,重庆应用技术职业学院
前程无忧,计算机,it运维工程师,7000,重庆,1年及以上,大专,上海普炳软件科技
前程无忧,计算机,驻场网络工程师,5000,重庆,3年及以上,大专,武汉佳兴友朋科技
前程无忧,计算机,SaaS 实施运维工程师（试验检测方向）,7500,重庆,3年及以上,本科,重庆德飞检验检测
前程无忧,计算机,弱电运维支持岗,4250,重庆,3年及以上,大专,深圳市特发政务服务有限公司武汉
前程无忧,计算机,IT专员/计算机、网络、安防技术员/系统集成工程师,5000,重庆,1年及以上,大专,重庆旷维科技
前程无忧,计算机,计算机专业课教师,5500,重庆,3年及以上,本科,重庆北方影视传媒（集团）
前程无忧,计算机,AP计算机老师,800,重庆,2年及以上,本科,北京欧桥教育咨询
前程无忧,计算机,教务处计算机干事,7000,重庆,无需经验,硕士,重庆现代制造职业学院
前程无忧,计算机,计算机图形学算法工程师,20000,重庆,无需经验,本科,浙江迅实科技
前程无忧,计算机,计算机化验证主管,7000,重庆,3年及以上,本科,重庆华森制药
前程无忧,计算机,博士后（计算机、软件开发方向）,400000,重庆,无需经验,博士,湖南大学重庆研究院
前程无忧,计算机,云计算助理,7000,重庆,2年及以上,本科,重庆奇无限网络游戏
前程无忧,计算机,软件开发工程师,8000,重庆,2年及以上,大专,重庆步航科技
前程无忧,计算机,云计算工程师,15000,重庆,3年及以上,本科,合翼鑫（重庆）科技
前程无忧,计算机,水利项目资料员,7000,重庆,3年及以上,大专,重庆泓创智诚信息技术
前程无忧,计算机,销售业务员,6500,重庆,1年及以上,中技/中专,重庆英航科技集团
前程无忧,计算机,售前技术支持工程师,5000,重庆,1-3年,硕士,重庆锦亿繁科技发展
前程无忧,计算机,AI 云基础架构实习生,3500,重庆,无需经验,硕士,联合汽车电子有限公司重庆
前程无忧,计算机,计算机专任教师,6000,重庆,3年及以上,硕士,重庆应用技术职业学院
前程无忧,计算机,计算机高层次教师,5000,重庆,8年及以上,本科,重庆应用技术职业学院
前程无忧,计算机,it运维工程师,7000,重庆,1年及以上,大专,上海普炳软件科技
前程无忧,计算机,驻场网络工程师,5000,重庆,3年及以上,大专,武汉佳兴友朋科技
前程无忧,计算机,SaaS 实施运维工程师（试验检测方向）,7500,重庆,3年及以上,本科,重庆德飞检验检测
前程无忧,计算机,弱电运维支持岗,4250,重庆,3年及以上,大专,深圳市特发政务服务有限公司武汉
前程无忧,计算机,计算机专业课教师,5500,重庆,3年及以上,本科,重庆北方影视传媒（集团）
前程无忧,计算机,IT专员/计算机、网络、安防技术员/系统集成工程师,5000,重庆,1年及以上,大专,重庆旷维科技
前程无忧,计算机,AP计算机老师,800,重庆,2年及以上,本科,北京欧桥教育咨询
前程无忧,计算机,教务处计算机干事,7000,重庆,无需经验,硕士,重庆现代制造职业学院
前程无忧,计算机,计算机图形学算法工程师,20000,重庆,无需经验,本科,浙江迅实科技
前程无忧,计算机,计算机化验证主管,7000,重庆,3年及以上,本科,重庆华森制药
前程无忧,计算机,博士后（计算机、软件开发方向）,400000,重庆,无需经验,博士,湖南大学重庆研究院
前程无忧,计算机,软件开发工程师,8000,重庆,2年及以上,大专,重庆步航科技
前程无忧,计算机,云计算助理,7000,重庆,2年及以上,本科,重庆奇无限网络游戏
前程无忧,计算机,水利项目资料员,7000,重庆,3年及以上,大专,重庆泓创智诚信息技术
前程无忧,计算机,销售业务员,6500,重庆,1年及以上,中技/中专,重庆英航科技集团
前程无忧,计算机,AI 云基础架构实习生,3500,重庆,无需经验,硕士,联合汽车电子有限公司重庆
前程无忧,计算机,售前技术支持工程师,5000,重庆,1-3年,硕士,重庆锦亿繁科技发展
前程无忧,计算机,6K起计算机技术员（双休）,6000,重庆,无需经验,大专,重庆礼再来商贸
前程无忧,计算机,计算机专任教师,6000,重庆,3年及以上,硕士,重庆应用技术职业学院
前程无忧,计算机,计算机高层次教师,5000,重庆,8年及以上,本科,重庆应用技术职业学院
前程无忧,计算机,it运维工程师,7000,重庆,1年及以上,大专,上海普炳软件科技
前程无忧,计算机,驻场网络工程师,5000,重庆,3年及以上,大专,武汉佳兴友朋科技
前程无忧,计算机,SaaS 实施运维工程师（试验检测方向）,7500,重庆,3年及以上,本科,重庆德飞检验检测
前程无忧,计算机,弱电运维支持岗,4250,重庆,3年及以上,大专,深圳市特发政务服务有限公司武汉
前程无忧,计算机,计算机专业课教师,5500,重庆,3年及以上,本科,重庆北方影视传媒（集团）
前程无忧,计算机,IT专员/计算机、网络、安防技术员/系统集成工程师,5000,重庆,1年及以上,大专,重庆旷维科技
前程无忧,计算机,AP计算机老师,800,重庆,2年及以上,本科,北京欧桥教育咨询
前程无忧,计算机,教务处计算机干事,7000,重庆,无需经验,硕士,重庆现代制造职业学院
前程无忧,计算机,计算机图形学算法工程师,20000,重庆,无需经验,本科,浙江迅实科技
前程无忧,计算机,计算机化验证主管,7000,重庆,3年及以上,本科,重庆华森制药
前程无忧,计算机,博士后（计算机、软件开发方向）,400000,重庆,无需经验,博士,湖南大学重庆研究院
前程无忧,计算机,软件开发工程师,8000,重庆,2年及以上,大专,重庆步航科技
前程无忧,计算机,云计算助理,7000,重庆,2年及以上,本科,重庆奇无限网络游戏
前程无忧,计算机,水利项目资料员,7000,重庆,3年及以上,大专,重庆泓创智诚信息技术
前程无忧,计算机,销售业务员,6500,重庆,1年及以上,中技/中专,重庆英航科技集团
前程无忧,计算机,AI 云基础架构实习生,3500,重庆,无需经验,硕士,联合汽车电子有限公司重庆
前程无忧,计算机,售前技术支持工程师,5000,重庆,1-3年,硕士,重庆锦亿繁科技发展
前程无忧,计算机,6K起计算机技术员（双休）,6000,重庆,无需经验,大专,重庆礼再来商贸
前程无忧,计算机,计算机专任教师,6000,重庆,3年及以上,硕士,重庆应用技术职业学院
前程无忧,计算机,计算机高层次教师,5000,重庆,8年及以上,本科,重庆应用技术职业学院
前程无忧,计算机,it运维工程师,7000,重庆,1年及以上,大专,上海普炳软件科技
前程无忧,计算机,驻场网络工程师,5000,重庆,3年及以上,大专,武汉佳兴友朋科技
前程无忧,计算机,SaaS 实施运维工程师（试验检测方向）,7500,重庆,3年及以上,本科,重庆德飞检验检测
前程无忧,计算机,弱电运维支持岗,4250,重庆,3年及以上,大专,深圳市特发政务服务有限公司武汉
前程无忧,计算机,IT专员/计算机、网络、安防技术员/系统集成工程师,5000,重庆,1年及以上,大专,重庆旷维科技
前程无忧,计算机,计算机专业课教师,5500,重庆,3年及以上,本科,重庆北方影视传媒（集团）
前程无忧,计算机,AP计算机老师,800,重庆,2年及以上,本科,北京欧桥教育咨询
前程无忧,计算机,教务处计算机干事,7000,重庆,无需经验,硕士,重庆现代制造职业学院
前程无忧,计算机,计算机图形学算法工程师,20000,重庆,无需经验,本科,浙江迅实科技
前程无忧,计算机,计算机化验证主管,7000,重庆,3年及以上,本科,重庆华森制药
前程无忧,计算机,博士后（计算机、软件开发方向）,400000,重庆,无需经验,博士,湖南大学重庆研究院
前程无忧,计算机,云计算助理,7000,重庆,2年及以上,本科,重庆奇无限网络游戏
前程无忧,计算机,软件开发工程师,8000,重庆,2年及以上,大专,重庆步航科技
前程无忧,计算机,云计算工程师,15000,重庆,3年及以上,本科,合翼鑫（重庆）科技
前程无忧,计算机,水利项目资料员,7000,重庆,3年及以上,大专,重庆泓创智诚信息技术
前程无忧,计算机,销售业务员,6500,重庆,1年及以上,中技/中专,重庆英航科技集团
前程无忧,计算机,售前技术支持工程师,5000,重庆,1-3年,硕士,重庆锦亿繁科技发展
前程无忧,计算机,AI 云基础架构实习生,3500,重庆,无需经验,硕士,联合汽车电子有限公司重庆
前程无忧,计算机,计算机专任教师,6000,重庆,3年及以上,硕士,重庆应用技术职业学院
前程无忧,计算机,it运维工程师,7000,重庆,1年及以上,大专,上海普炳软件科技
前程无忧,计算机,SaaS 实施运维工程师（试验检测方向）,7500,重庆,3年及以上,本科,重庆德飞检验检测
前程无忧,计算机,驻场网络工程师,5000,重庆,3年及以上,大专,武汉佳兴友朋科技
前程无忧,计算机,弱电运维支持岗,4250,重庆,3年及以上,大专,深圳市特发政务服务有限公司武汉
前程无忧,计算机,IT专员/计算机、网络、安防技术员/系统集成工程师,5000,重庆,1年及以上,大专,重庆旷维科技
前程无忧,计算机,计算机高层次教师,5000,重庆,8年及以上,本科,重庆应用技术职业学院
前程无忧,计算机,计算机专业课教师,5500,重庆,3年及以上,本科,重庆北方影视传媒（集团）
前程无忧,计算机,计算机图形学算法工程师,20000,重庆,无需经验,本科,浙江迅实科技
前程无忧,计算机,AP计算机老师,800,重庆,2年及以上,本科,北京欧桥教育咨询
前程无忧,计算机,教务处计算机干事,7000,重庆,无需经验,硕士,重庆现代制造职业学院
前程无忧,计算机,博士后（计算机、软件开发方向）,400000,重庆,无需经验,博士,湖南大学重庆研究院
前程无忧,计算机,计算机化验证主管,7000,重庆,3年及以上,本科,重庆华森制药
前程无忧,计算机,软件开发工程师,8000,重庆,2年及以上,大专,重庆步航科技
前程无忧,计算机,云计算助理,7000,重庆,2年及以上,本科,重庆奇无限网络游戏
前程无忧,计算机,销售业务员,6500,重庆,1年及以上,中技/中专,重庆英航科技集团
前程无忧,计算机,机器视觉开发工程师,8000,重庆,1-2年,本科,重庆博俊工业科技
前程无忧,计算机,水利项目资料员,7000,重庆,3年及以上,大专,重庆泓创智诚信息技术
前程无忧,计算机,AI 云基础架构实习生,3500,重庆,无需经验,硕士,联合汽车电子有限公司重庆
前程无忧,计算机,售前技术支持工程师,5000,重庆,1-3年,硕士,重庆锦亿繁科技发展
前程无忧,计算机,计算机专任教师,6000,重庆,3年及以上,硕士,重庆应用技术职业学院
前程无忧,计算机,it运维工程师,7000,重庆,1年及以上,大专,上海普炳软件科技
前程无忧,计算机,SaaS 实施运维工程师（试验检测方向）,7500,重庆,3年及以上,本科,重庆德飞检验检测
前程无忧,计算机,驻场网络工程师,5000,重庆,3年及以上,大专,武汉佳兴友朋科技
前程无忧,计算机,弱电运维支持岗,4250,重庆,3年及以上,大专,深圳市特发政务服务有限公司武汉
前程无忧,计算机,IT专员/计算机、网络、安防技术员/系统集成工程师,5000,重庆,1年及以上,大专,重庆旷维科技
前程无忧,计算机,计算机高层次教师,5000,重庆,8年及以上,本科,重庆应用技术职业学院
前程无忧,计算机,计算机专业课教师,5500,重庆,3年及以上,本科,重庆北方影视传媒（集团）
前程无忧,计算机,计算机图形学算法工程师,20000,重庆,无需经验,本科,浙江迅实科技
前程无忧,计算机,AP计算机老师,800,重庆,2年及以上,本科,北京欧桥教育咨询
前程无忧,计算机,教务处计算机干事,7000,重庆,无需经验,硕士,重庆现代制造职业学院
前程无忧,计算机,博士后（计算机、软件开发方向）,400000,重庆,无需经验,博士,湖南大学重庆研究院
前程无忧,计算机,计算机化验证主管,7000,重庆,3年及以上,本科,重庆华森制药
前程无忧,计算机,软件开发工程师,8000,重庆,2年及以上,大专,重庆步航科技
前程无忧,计算机,云计算助理,7000,重庆,2年及以上,本科,重庆奇无限网络游戏
前程无忧,计算机,销售业务员,6500,重庆,1年及以上,中技/中专,重庆英航科技集团
前程无忧,计算机,机器视觉开发工程师,8000,重庆,1-2年,本科,重庆博俊工业科技
前程无忧,计算机,水利项目资料员,7000,重庆,3年及以上,大专,重庆泓创智诚信息技术
前程无忧,计算机,AI 云基础架构实习生,3500,重庆,无需经验,硕士,联合汽车电子有限公司重庆
前程无忧,计算机,售前技术支持工程师,5000,重庆,1-3年,硕士,重庆锦亿繁科技发展
前程无忧,计算机,计算机专任教师,6000,重庆,3年及以上,硕士,重庆应用技术职业学院
前程无忧,计算机,it运维工程师,7000,重庆,1年及以上,大专,上海普炳软件科技
前程无忧,计算机,SaaS 实施运维工程师（试验检测方向）,7500,重庆,3年及以上,本科,重庆德飞检验检测
前程无忧,计算机,驻场网络工程师,5000,重庆,3年及以上,大专,武汉佳兴友朋科技
前程无忧,计算机,弱电运维支持岗,4250,重庆,3年及以上,大专,深圳市特发政务服务有限公司武汉
前程无忧,计算机,IT专员/计算机、网络、安防技术员/系统集成工程师,5000,重庆,1年及以上,大专,重庆旷维科技
前程无忧,计算机,计算机高层次教师,5000,重庆,8年及以上,本科,重庆应用技术职业学院
前程无忧,计算机,计算机专业课教师,5500,重庆,3年及以上,本科,重庆北方影视传媒（集团）
前程无忧,计算机,计算机图形学算法工程师,20000,重庆,无需经验,本科,浙江迅实科技
前程无忧,计算机,AP计算机老师,800,重庆,2年及以上,本科,北京欧桥教育咨询
前程无忧,计算机,教务处计算机干事,7000,重庆,无需经验,硕士,重庆现代制造职业学院
前程无忧,计算机,博士后（计算机、软件开发方向）,400000,重庆,无需经验,博士,湖南大学重庆研究院
前程无忧,计算机,计算机化验证主管,7000,重庆,3年及以上,本科,重庆华森制药
前程无忧,计算机,软件开发工程师,8000,重庆,2年及以上,大专,重庆步航科技
前程无忧,计算机,云计算助理,7000,重庆,2年及以上,本科,重庆奇无限网络游戏
前程无忧,计算机,销售业务员,6500,重庆,1年及以上,中技/中专,重庆英航科技集团
前程无忧,计算机,机器视觉开发工程师,8000,重庆,1-2年,本科,重庆博俊工业科技
前程无忧,计算机,水利项目资料员,7000,重庆,3年及以上,大专,重庆泓创智诚信息技术
前程无忧,计算机,AI 云基础架构实习生,3500,重庆,无需经验,硕士,联合汽车电子有限公司重庆
前程无忧,计算机,售前技术支持工程师,5000,重庆,1-3年,硕士,重庆锦亿繁科技发展
前程无忧,计算机,计算机专任教师,6000,重庆,3年及以上,硕士,重庆应用技术职业学院
前程无忧,计算机,计算机高层次教师,5000,重庆,8年及以上,本科,重庆应用技术职业学院
前程无忧,计算机,it运维工程师,7000,重庆,1年及以上,大专,上海普炳软件科技
前程无忧,计算机,驻场网络工程师,5000,重庆,3年及以上,大专,武汉佳兴友朋科技
前程无忧,计算机,SaaS 实施运维工程师（试验检测方向）,7500,重庆,3年及以上,本科,重庆德飞检验检测
前程无忧,计算机,弱电运维支持岗,4250,重庆,3年及以上,大专,深圳市特发政务服务有限公司武汉
前程无忧,计算机,IT专员/计算机、网络、安防技术员/系统集成工程师,5000,重庆,1年及以上,大专,重庆旷维科技
前程无忧,计算机,计算机专业课教师,5500,重庆,3年及以上,本科,重庆北方影视传媒（集团）
前程无忧,计算机,AP计算机老师,800,重庆,2年及以上,本科,北京欧桥教育咨询
前程无忧,计算机,教务处计算机干事,7000,重庆,无需经验,硕士,重庆现代制造职业学院
前程无忧,计算机,计算机图形学算法工程师,20000,重庆,无需经验,本科,浙江迅实科技
前程无忧,计算机,计算机化验证主管,7000,重庆,3年及以上,本科,重庆华森制药
前程无忧,计算机,博士后（计算机、软件开发方向）,400000,重庆,无需经验,博士,湖南大学重庆研究院
前程无忧,计算机,云计算助理,7000,重庆,2年及以上,本科,重庆奇无限网络游戏
前程无忧,计算机,软件开发工程师,8000,重庆,2年及以上,大专,重庆步航科技
前程无忧,计算机,云计算工程师,15000,重庆,3年及以上,本科,合翼鑫（重庆）科技
前程无忧,计算机,水利项目资料员,7000,重庆,3年及以上,大专,重庆泓创智诚信息技术
前程无忧,计算机,销售业务员,6500,重庆,1年及以上,中技/中专,重庆英航科技集团
前程无忧,计算机,售前技术支持工程师,5000,重庆,1-3年,硕士,重庆锦亿繁科技发展
前程无忧,计算机,AI 云基础架构实习生,3500,重庆,无需经验,硕士,联合汽车电子有限公司重庆
前程无忧,计算机,计算机专任教师,6000,重庆,3年及以上,硕士,重庆应用技术职业学院
前程无忧,计算机,计算机高层次教师,5000,重庆,8年及以上,本科,重庆应用技术职业学院
前程无忧,计算机,it运维工程师,7000,重庆,1年及以上,大专,上海普炳软件科技
前程无忧,计算机,驻场网络工程师,5000,重庆,3年及以上,大专,武汉佳兴友朋科技
前程无忧,计算机,SaaS 实施运维工程师（试验检测方向）,7500,重庆,3年及以上,本科,重庆德飞检验检测
前程无忧,计算机,弱电运维支持岗,4250,重庆,3年及以上,大专,深圳市特发政务服务有限公司武汉
前程无忧,计算机,IT专员/计算机、网络、安防技术员/系统集成工程师,5000,重庆,1年及以上,大专,重庆旷维科技
前程无忧,计算机,计算机专业课教师,5500,重庆,3年及以上,本科,重庆北方影视传媒（集团）
前程无忧,计算机,AP计算机老师,800,重庆,2年及以上,本科,北京欧桥教育咨询
前程无忧,计算机,教务处计算机干事,7000,重庆,无需经验,硕士,重庆现代制造职业学院
前程无忧,计算机,计算机图形学算法工程师,20000,重庆,无需经验,本科,浙江迅实科技
前程无忧,计算机,计算机化验证主管,7000,重庆,3年及以上,本科,重庆华森制药
前程无忧,计算机,博士后（计算机、软件开发方向）,400000,重庆,无需经验,博士,湖南大学重庆研究院
前程无忧,计算机,云计算助理,7000,重庆,2年及以上,本科,重庆奇无限网络游戏
前程无忧,计算机,软件开发工程师,8000,重庆,2年及以上,大专,重庆步航科技
前程无忧,计算机,云计算工程师,15000,重庆,3年及以上,本科,合翼鑫（重庆）科技
前程无忧,计算机,水利项目资料员,7000,重庆,3年及以上,大专,重庆泓创智诚信息技术
前程无忧,计算机,销售业务员,6500,重庆,1年及以上,中技/中专,重庆英航科技集团
前程无忧,计算机,售前技术支持工程师,5000,重庆,1-3年,硕士,重庆锦亿繁科技发展
前程无忧,计算机,AI 云基础架构实习生,3500,重庆,无需经验,硕士,联合汽车电子有限公司重庆
前程无忧,计算机,计算机专任教师,6000,重庆,3年及以上,硕士,重庆应用技术职业学院
前程无忧,计算机,it运维工程师,7000,重庆,1年及以上,大专,上海普炳软件科技
前程无忧,计算机,SaaS 实施运维工程师（试验检测方向）,7500,重庆,3年及以上,本科,重庆德飞检验检测
前程无忧,计算机,驻场网络工程师,5000,重庆,3年及以上,大专,武汉佳兴友朋科技
前程无忧,计算机,弱电运维支持岗,4250,重庆,3年及以上,大专,深圳市特发政务服务有限公司武汉
前程无忧,计算机,IT专员/计算机、网络、安防技术员/系统集成工程师,5000,重庆,1年及以上,大专,重庆旷维科技
前程无忧,计算机,计算机高层次教师,5000,重庆,8年及以上,本科,重庆应用技术职业学院
前程无忧,计算机,计算机专业课教师,5500,重庆,3年及以上,本科,重庆北方影视传媒（集团）
前程无忧,计算机,计算机图形学算法工程师,20000,重庆,无需经验,本科,浙江迅实科技
前程无忧,计算机,AP计算机老师,800,重庆,2年及以上,本科,北京欧桥教育咨询
前程无忧,计算机,教务处计算机干事,7000,重庆,无需经验,硕士,重庆现代制造职业学院
前程无忧,计算机,博士后（计算机、软件开发方向）,400000,重庆,无需经验,博士,湖南大学重庆研究院
前程无忧,计算机,计算机化验证主管,7000,重庆,3年及以上,本科,重庆华森制药
前程无忧,计算机,软件开发工程师,8000,重庆,2年及以上,大专,重庆步航科技
前程无忧,计算机,云计算助理,7000,重庆,2年及以上,本科,重庆奇无限网络游戏
前程无忧,计算机,销售业务员,6500,重庆,1年及以上,中技/中专,重庆英航科技集团
前程无忧,计算机,机器视觉开发工程师,8000,重庆,1-2年,本科,重庆博俊工业科技
前程无忧,计算机,水利项目资料员,7000,重庆,3年及以上,大专,重庆泓创智诚信息技术
前程无忧,计算机,AI 云基础架构实习生,3500,重庆,无需经验,硕士,联合汽车电子有限公司重庆
前程无忧,计算机,售前技术支持工程师,5000,重庆,1-3年,硕士,重庆锦亿繁科技发展
前程无忧,计算机,计算机专任教师,6000,重庆,3年及以上,硕士,重庆应用技术职业学院
前程无忧,计算机,计算机高层次教师,5000,重庆,8年及以上,本科,重庆应用技术职业学院
前程无忧,计算机,it运维工程师,7000,重庆,1年及以上,大专,上海普炳软件科技
前程无忧,计算机,驻场网络工程师,5000,重庆,3年及以上,大专,武汉佳兴友朋科技
前程无忧,计算机,SaaS 实施运维工程师（试验检测方向）,7500,重庆,3年及以上,本科,重庆德飞检验检测
前程无忧,计算机,弱电运维支持岗,4250,重庆,3年及以上,大专,深圳市特发政务服务有限公司武汉
前程无忧,计算机,IT专员/计算机、网络、安防技术员/系统集成工程师,5000,重庆,1年及以上,大专,重庆旷维科技
前程无忧,计算机,计算机专业课教师,5500,重庆,3年及以上,本科,重庆北方影视传媒（集团）
前程无忧,计算机,AP计算机老师,800,重庆,2年及以上,本科,北京欧桥教育咨询
前程无忧,计算机,教务处计算机干事,7000,重庆,无需经验,硕士,重庆现代制造职业学院
前程无忧,计算机,计算机图形学算法工程师,20000,重庆,无需经验,本科,浙江迅实科技
前程无忧,计算机,计算机化验证主管,7000,重庆,3年及以上,本科,重庆华森制药
前程无忧,计算机,博士后（计算机、软件开发方向）,400000,重庆,无需经验,博士,湖南大学重庆研究院
前程无忧,计算机,云计算助理,7000,重庆,2年及以上,本科,重庆奇无限网络游戏
前程无忧,计算机,软件开发工程师,8000,重庆,2年及以上,大专,重庆步航科技
前程无忧,计算机,云计算工程师,15000,重庆,3年及以上,本科,合翼鑫（重庆）科技
前程无忧,计算机,水利项目资料员,7000,重庆,3年及以上,大专,重庆泓创智诚信息技术
前程无忧,计算机,销售业务员,6500,重庆,1年及以上,中技/中专,重庆英航科技集团
前程无忧,计算机,售前技术支持工程师,5000,重庆,1-3年,硕士,重庆锦亿繁科技发展
前程无忧,计算机,AI 云基础架构实习生,3500,重庆,无需经验,硕士,联合汽车电子有限公司重庆
前程无忧,计算机,计算机专任教师,6000,重庆,3年及以上,硕士,重庆应用技术职业学院
前程无忧,计算机,it运维工程师,7000,重庆,1年及以上,大专,上海普炳软件科技
前程无忧,计算机,SaaS 实施运维工程师（试验检测方向）,7500,重庆,3年及以上,本科,重庆德飞检验检测
前程无忧,计算机,驻场网络工程师,5000,重庆,3年及以上,大专,武汉佳兴友朋科技
前程无忧,计算机,弱电运维支持岗,4250,重庆,3年及以上,大专,深圳市特发政务服务有限公司武汉
前程无忧,计算机,IT专员/计算机、网络、安防技术员/系统集成工程师,5000,重庆,1年及以上,大专,重庆旷维科技
前程无忧,计算机,计算机高层次教师,5000,重庆,8年及以上,本科,重庆应用技术职业学院
前程无忧,计算机,计算机专业课教师,5500,重庆,3年及以上,本科,重庆北方影视传媒（集团）
前程无忧,计算机,计算机图形学算法工程师,20000,重庆,无需经验,本科,浙江迅实科技
前程无忧,计算机,AP计算机老师,800,重庆,2年及以上,本科,北京欧桥教育咨询
前程无忧,计算机,教务处计算机干事,7000,重庆,无需经验,硕士,重庆现代制造职业学院
前程无忧,计算机,博士后（计算机、软件开发方向）,400000,重庆,无需经验,博士,湖南大学重庆研究院
前程无忧,计算机,计算机化验证主管,7000,重庆,3年及以上,本科,重庆华森制药
前程无忧,计算机,软件开发工程师,8000,重庆,2年及以上,大专,重庆步航科技
前程无忧,计算机,云计算助理,7000,重庆,2年及以上,本科,重庆奇无限网络游戏
前程无忧,计算机,销售业务员,6500,重庆,1年及以上,中技/中专,重庆英航科技集团
前程无忧,计算机,机器视觉开发工程师,8000,重庆,1-2年,本科,重庆博俊工业科技
前程无忧,计算机,水利项目资料员,7000,重庆,3年及以上,大专,重庆泓创智诚信息技术
前程无忧,计算机,AI 云基础架构实习生,3500,重庆,无需经验,硕士,联合汽车电子有限公司重庆
前程无忧,计算机,售前技术支持工程师,5000,重庆,1-3年,硕士,重庆锦亿繁科技发展
前程无忧,计算机,计算机专任教师,6000,重庆,3年及以上,硕士,重庆应用技术职业学院
前程无忧,计算机,计算机高层次教师,5000,重庆,8年及以上,本科,重庆应用技术职业学院
前程无忧,计算机,it运维工程师,7000,重庆,1年及以上,大专,上海普炳软件科技
前程无忧,计算机,驻场网络工程师,5000,重庆,3年及以上,大专,武汉佳兴友朋科技
前程无忧,计算机,SaaS 实施运维工程师（试验检测方向）,7500,重庆,3年及以上,本科,重庆德飞检验检测
前程无忧,计算机,弱电运维支持岗,4250,重庆,3年及以上,大专,深圳市特发政务服务有限公司武汉
前程无忧,计算机,IT专员/计算机、网络、安防技术员/系统集成工程师,5000,重庆,1年及以上,大专,重庆旷维科技
前程无忧,计算机,计算机专业课教师,5500,重庆,3年及以上,本科,重庆北方影视传媒（集团）
前程无忧,计算机,AP计算机老师,800,重庆,2年及以上,本科,北京欧桥教育咨询
前程无忧,计算机,教务处计算机干事,7000,重庆,无需经验,硕士,重庆现代制造职业学院
前程无忧,计算机,计算机图形学算法工程师,20000,重庆,无需经验,本科,浙江迅实科技
前程无忧,计算机,计算机化验证主管,7000,重庆,3年及以上,本科,重庆华森制药
前程无忧,计算机,博士后（计算机、软件开发方向）,400000,重庆,无需经验,博士,湖南大学重庆研究院
前程无忧,计算机,云计算助理,7000,重庆,2年及以上,本科,重庆奇无限网络游戏
前程无忧,计算机,软件开发工程师,8000,重庆,2年及以上,大专,重庆步航科技
前程无忧,计算机,云计算工程师,15000,重庆,3年及以上,本科,合翼鑫（重庆）科技
前程无忧,计算机,水利项目资料员,7000,重庆,3年及以上,大专,重庆泓创智诚信息技术
前程无忧,计算机,销售业务员,6500,重庆,1年及以上,中技/中专,重庆英航科技集团
前程无忧,计算机,售前技术支持工程师,5000,重庆,1-3年,硕士,重庆锦亿繁科技发展
前程无忧,计算机,AI 云基础架构实习生,3500,重庆,无需经验,硕士,联合汽车电子有限公司重庆
前程无忧,计算机,计算机专任教师,6000,重庆,3年及以上,硕士,重庆应用技术职业学院
前程无忧,计算机,it运维工程师,7000,重庆,1年及以上,大专,上海普炳软件科技
前程无忧,计算机,SaaS 实施运维工程师（试验检测方向）,7500,重庆,3年及以上,本科,重庆德飞检验检测
前程无忧,计算机,驻场网络工程师,5000,重庆,3年及以上,大专,武汉佳兴友朋科技
前程无忧,计算机,弱电运维支持岗,4250,重庆,3年及以上,大专,深圳市特发政务服务有限公司武汉
前程无忧,计算机,IT专员/计算机、网络、安防技术员/系统集成工程师,5000,重庆,1年及以上,大专,重庆旷维科技
前程无忧,计算机,计算机高层次教师,5000,重庆,8年及以上,本科,重庆应用技术职业学院
前程无忧,计算机,计算机专业课教师,5500,重庆,3年及以上,本科,重庆北方影视传媒（集团）
前程无忧,计算机,计算机图形学算法工程师,20000,重庆,无需经验,本科,浙江迅实科技
前程无忧,计算机,AP计算机老师,800,重庆,2年及以上,本科,北京欧桥教育咨询
前程无忧,计算机,教务处计算机干事,7000,重庆,无需经验,硕士,重庆现代制造职业学院
前程无忧,计算机,博士后（计算机、软件开发方向）,400000,重庆,无需经验,博士,湖南大学重庆研究院
前程无忧,计算机,计算机化验证主管,7000,重庆,3年及以上,本科,重庆华森制药
前程无忧,计算机,软件开发工程师,8000,重庆,2年及以上,大专,重庆步航科技
前程无忧,计算机,云计算助理,7000,重庆,2年及以上,本科,重庆奇无限网络游戏
前程无忧,计算机,销售业务员,6500,重庆,1年及以上,中技/中专,重庆英航科技集团
前程无忧,计算机,机器视觉开发工程师,8000,重庆,1-2年,本科,重庆博俊工业科技
前程无忧,计算机,水利项目资料员,7000,重庆,3年及以上,大专,重庆泓创智诚信息技术
前程无忧,计算机,AI 云基础架构实习生,3500,重庆,无需经验,硕士,联合汽车电子有限公司重庆
前程无忧,计算机,售前技术支持工程师,5000,重庆,1-3年,硕士,重庆锦亿繁科技发展
前程无忧,计算机,计算机专任教师,6000,重庆,3年及以上,硕士,重庆应用技术职业学院
前程无忧,计算机,it运维工程师,7000,重庆,1年及以上,大专,上海普炳软件科技
前程无忧,计算机,SaaS 实施运维工程师（试验检测方向）,7500,重庆,3年及以上,本科,重庆德飞检验检测
前程无忧,计算机,驻场网络工程师,5000,重庆,3年及以上,大专,武汉佳兴友朋科技
前程无忧,计算机,弱电运维支持岗,4250,重庆,3年及以上,大专,深圳市特发政务服务有限公司武汉
前程无忧,计算机,IT专员/计算机、网络、安防技术员/系统集成工程师,5000,重庆,1年及以上,大专,重庆旷维科技
前程无忧,计算机,计算机高层次教师,5000,重庆,8年及以上,本科,重庆应用技术职业学院
前程无忧,计算机,计算机专业课教师,5500,重庆,3年及以上,本科,重庆北方影视传媒（集团）
前程无忧,计算机,计算机图形学算法工程师,20000,重庆,无需经验,本科,浙江迅实科技
前程无忧,计算机,AP计算机老师,800,重庆,2年及以上,本科,北京欧桥教育咨询
前程无忧,计算机,教务处计算机干事,7000,重庆,无需经验,硕士,重庆现代制造职业学院
前程无忧,计算机,博士后（计算机、软件开发方向）,400000,重庆,无需经验,博士,湖南大学重庆研究院
前程无忧,计算机,计算机化验证主管,7000,重庆,3年及以上,本科,重庆华森制药
前程无忧,计算机,软件开发工程师,8000,重庆,2年及以上,大专,重庆步航科技
前程无忧,计算机,云计算助理,7000,重庆,2年及以上,本科,重庆奇无限网络游戏
前程无忧,计算机,销售业务员,6500,重庆,1年及以上,中技/中专,重庆英航科技集团
前程无忧,计算机,机器视觉开发工程师,8000,重庆,1-2年,本科,重庆博俊工业科技
前程无忧,计算机,水利项目资料员,7000,重庆,3年及以上,大专,重庆泓创智诚信息技术
前程无忧,计算机,AI 云基础架构实习生,3500,重庆,无需经验,硕士,联合汽车电子有限公司重庆
前程无忧,计算机,售前技术支持工程师,5000,重庆,1-3年,硕士,重庆锦亿繁科技发展
前程无忧,计算机,计算机专任教师,6000,重庆,3年及以上,硕士,重庆应用技术职业学院
前程无忧,计算机,it运维工程师,7000,重庆,1年及以上,大专,上海普炳软件科技
前程无忧,计算机,SaaS 实施运维工程师（试验检测方向）,7500,重庆,3年及以上,本科,重庆德飞检验检测
前程无忧,计算机,驻场网络工程师,5000,重庆,3年及以上,大专,武汉佳兴友朋科技
前程无忧,计算机,弱电运维支持岗,4250,重庆,3年及以上,大专,深圳市特发政务服务有限公司武汉
前程无忧,计算机,IT专员/计算机、网络、安防技术员/系统集成工程师,5000,重庆,1年及以上,大专,重庆旷维科技
前程无忧,计算机,计算机高层次教师,5000,重庆,8年及以上,本科,重庆应用技术职业学院
前程无忧,计算机,计算机专业课教师,5500,重庆,3年及以上,本科,重庆北方影视传媒（集团）
前程无忧,计算机,计算机图形学算法工程师,20000,重庆,无需经验,本科,浙江迅实科技
前程无忧,计算机,AP计算机老师,800,重庆,2年及以上,本科,北京欧桥教育咨询
前程无忧,计算机,教务处计算机干事,7000,重庆,无需经验,硕士,重庆现代制造职业学院
前程无忧,计算机,博士后（计算机、软件开发方向）,400000,重庆,无需经验,博士,湖南大学重庆研究院
前程无忧,计算机,计算机化验证主管,7000,重庆,3年及以上,本科,重庆华森制药
前程无忧,计算机,软件开发工程师,8000,重庆,2年及以上,大专,重庆步航科技
前程无忧,计算机,云计算助理,7000,重庆,2年及以上,本科,重庆奇无限网络游戏
前程无忧,计算机,销售业务员,6500,重庆,1年及以上,中技/中专,重庆英航科技集团
前程无忧,计算机,机器视觉开发工程师,8000,重庆,1-2年,本科,重庆博俊工业科技
前程无忧,计算机,水利项目资料员,7000,重庆,3年及以上,大专,重庆泓创智诚信息技术
前程无忧,计算机,AI 云基础架构实习生,3500,重庆,无需经验,硕士,联合汽车电子有限公司重庆
前程无忧,计算机,售前技术支持工程师,5000,重庆,1-3年,硕士,重庆锦亿繁科技发展
前程无忧,计算机,计算机专任教师,6000,重庆,3年及以上,硕士,重庆应用技术职业学院
前程无忧,计算机,计算机高层次教师,5000,重庆,8年及以上,本科,重庆应用技术职业学院
前程无忧,计算机,it运维工程师,7000,重庆,1年及以上,大专,上海普炳软件科技
前程无忧,计算机,驻场网络工程师,5000,重庆,3年及以上,大专,武汉佳兴友朋科技
前程无忧,计算机,SaaS 实施运维工程师（试验检测方向）,7500,重庆,3年及以上,本科,重庆德飞检验检测
前程无忧,计算机,弱电运维支持岗,4250,重庆,3年及以上,大专,深圳市特发政务服务有限公司武汉
前程无忧,计算机,计算机专业课教师,5500,重庆,3年及以上,本科,重庆北方影视传媒（集团）
前程无忧,计算机,IT专员/计算机、网络、安防技术员/系统集成工程师,5000,重庆,1年及以上,大专,重庆旷维科技
前程无忧,计算机,AP计算机老师,800,重庆,2年及以上,本科,北京欧桥教育咨询
前程无忧,计算机,教务处计算机干事,7000,重庆,无需经验,硕士,重庆现代制造职业学院
前程无忧,计算机,计算机图形学算法工程师,20000,重庆,无需经验,本科,浙江迅实科技
前程无忧,计算机,计算机化验证主管,7000,重庆,3年及以上,本科,重庆华森制药
前程无忧,计算机,博士后（计算机、软件开发方向）,400000,重庆,无需经验,博士,湖南大学重庆研究院
前程无忧,计算机,软件开发工程师,8000,重庆,2年及以上,大专,重庆步航科技
前程无忧,计算机,云计算助理,7000,重庆,2年及以上,本科,重庆奇无限网络游戏
前程无忧,计算机,水利项目资料员,7000,重庆,3年及以上,大专,重庆泓创智诚信息技术
前程无忧,计算机,销售业务员,6500,重庆,1年及以上,中技/中专,重庆英航科技集团
前程无忧,计算机,AI 云基础架构实习生,3500,重庆,无需经验,硕士,联合汽车电子有限公司重庆
前程无忧,计算机,售前技术支持工程师,5000,重庆,1-3年,硕士,重庆锦亿繁科技发展
前程无忧,计算机,6K起计算机技术员（双休）,6000,重庆,无需经验,大专,重庆礼再来商贸
前程无忧,计算机,计算机专任教师,6000,重庆,3年及以上,硕士,重庆应用技术职业学院
前程无忧,计算机,it运维工程师,7000,重庆,1年及以上,大专,上海普炳软件科技
前程无忧,计算机,SaaS 实施运维工程师（试验检测方向）,7500,重庆,3年及以上,本科,重庆德飞检验检测
前程无忧,计算机,驻场网络工程师,5000,重庆,3年及以上,大专,武汉佳兴友朋科技
前程无忧,计算机,弱电运维支持岗,4250,重庆,3年及以上,大专,深圳市特发政务服务有限公司武汉
前程无忧,计算机,IT专员/计算机、网络、安防技术员/系统集成工程师,5000,重庆,1年及以上,大专,重庆旷维科技
前程无忧,计算机,计算机高层次教师,5000,重庆,8年及以上,本科,重庆应用技术职业学院
前程无忧,计算机,计算机专业课教师,5500,重庆,3年及以上,本科,重庆北方影视传媒（集团）
前程无忧,计算机,计算机图形学算法工程师,20000,重庆,无需经验,本科,浙江迅实科技
前程无忧,计算机,AP计算机老师,800,重庆,2年及以上,本科,北京欧桥教育咨询
前程无忧,计算机,教务处计算机干事,7000,重庆,无需经验,硕士,重庆现代制造职业学院
前程无忧,计算机,博士后（计算机、软件开发方向）,400000,重庆,无需经验,博士,湖南大学重庆研究院
前程无忧,计算机,计算机化验证主管,7000,重庆,3年及以上,本科,重庆华森制药
前程无忧,计算机,软件开发工程师,8000,重庆,2年及以上,大专,重庆步航科技
前程无忧,计算机,云计算助理,7000,重庆,2年及以上,本科,重庆奇无限网络游戏
前程无忧,计算机,销售业务员,6500,重庆,1年及以上,中技/中专,重庆英航科技集团
前程无忧,计算机,机器视觉开发工程师,8000,重庆,1-2年,本科,重庆博俊工业科技
前程无忧,计算机,水利项目资料员,7000,重庆,3年及以上,大专,重庆泓创智诚信息技术
前程无忧,计算机,AI 云基础架构实习生,3500,重庆,无需经验,硕士,联合汽车电子有限公司重庆
前程无忧,计算机,售前技术支持工程师,5000,重庆,1-3年,硕士,重庆锦亿繁科技发展
前程无忧,计算机,计算机专任教师,6000,重庆,3年及以上,硕士,重庆应用技术职业学院
前程无忧,计算机,计算机高层次教师,5000,重庆,8年及以上,本科,重庆应用技术职业学院
前程无忧,计算机,it运维工程师,7000,重庆,1年及以上,大专,上海普炳软件科技
前程无忧,计算机,驻场网络工程师,5000,重庆,3年及以上,大专,武汉佳兴友朋科技
前程无忧,计算机,SaaS 实施运维工程师（试验检测方向）,7500,重庆,3年及以上,本科,重庆德飞检验检测
前程无忧,计算机,弱电运维支持岗,4250,重庆,3年及以上,大专,深圳市特发政务服务有限公司武汉
前程无忧,计算机,IT专员/计算机、网络、安防技术员/系统集成工程师,5000,重庆,1年及以上,大专,重庆旷维科技
前程无忧,计算机,计算机专业课教师,5500,重庆,3年及以上,本科,重庆北方影视传媒（集团）
前程无忧,计算机,AP计算机老师,800,重庆,2年及以上,本科,北京欧桥教育咨询
前程无忧,计算机,教务处计算机干事,7000,重庆,无需经验,硕士,重庆现代制造职业学院
前程无忧,计算机,计算机图形学算法工程师,20000,重庆,无需经验,本科,浙江迅实科技
前程无忧,计算机,计算机化验证主管,7000,重庆,3年及以上,本科,重庆华森制药
前程无忧,计算机,博士后（计算机、软件开发方向）,400000,重庆,无需经验,博士,湖南大学重庆研究院
前程无忧,计算机,云计算助理,7000,重庆,2年及以上,本科,重庆奇无限网络游戏
前程无忧,计算机,软件开发工程师,8000,重庆,2年及以上,大专,重庆步航科技
前程无忧,计算机,云计算工程师,15000,重庆,3年及以上,本科,合翼鑫（重庆）科技
前程无忧,计算机,水利项目资料员,7000,重庆,3年及以上,大专,重庆泓创智诚信息技术
前程无忧,计算机,销售业务员,6500,重庆,1年及以上,中技/中专,重庆英航科技集团
前程无忧,计算机,售前技术支持工程师,5000,重庆,1-3年,硕士,重庆锦亿繁科技发展
前程无忧,计算机,AI 云基础架构实习生,3500,重庆,无需经验,硕士,联合汽车电子有限公司重庆
前程无忧,计算机,计算机专任教师,6000,重庆,3年及以上,硕士,重庆应用技术职业学院
前程无忧,计算机,计算机高层次教师,5000,重庆,8年及以上,本科,重庆应用技术职业学院
前程无忧,计算机,it运维工程师,7000,重庆,1年及以上,大专,上海普炳软件科技
前程无忧,计算机,驻场网络工程师,5000,重庆,3年及以上,大专,武汉佳兴友朋科技
前程无忧,计算机,SaaS 实施运维工程师（试验检测方向）,7500,重庆,3年及以上,本科,重庆德飞检验检测
前程无忧,计算机,弱电运维支持岗,4250,重庆,3年及以上,大专,深圳市特发政务服务有限公司武汉
前程无忧,计算机,IT专员/计算机、网络、安防技术员/系统集成工程师,5000,重庆,1年及以上,大专,重庆旷维科技
前程无忧,计算机,计算机专业课教师,5500,重庆,3年及以上,本科,重庆北方影视传媒（集团）
前程无忧,计算机,AP计算机老师,800,重庆,2年及以上,本科,北京欧桥教育咨询
前程无忧,计算机,教务处计算机干事,7000,重庆,无需经验,硕士,重庆现代制造职业学院
前程无忧,计算机,计算机图形学算法工程师,20000,重庆,无需经验,本科,浙江迅实科技
前程无忧,计算机,计算机化验证主管,7000,重庆,3年及以上,本科,重庆华森制药
前程无忧,计算机,博士后（计算机、软件开发方向）,400000,重庆,无需经验,博士,湖南大学重庆研究院
前程无忧,计算机,云计算助理,7000,重庆,2年及以上,本科,重庆奇无限网络游戏
前程无忧,计算机,软件开发工程师,8000,重庆,2年及以上,大专,重庆步航科技
前程无忧,计算机,云计算工程师,15000,重庆,3年及以上,本科,合翼鑫（重庆）科技
前程无忧,计算机,水利项目资料员,7000,重庆,3年及以上,大专,重庆泓创智诚信息技术
前程无忧,计算机,销售业务员,6500,重庆,1年及以上,中技/中专,重庆英航科技集团
前程无忧,计算机,售前技术支持工程师,5000,重庆,1-3年,硕士,重庆锦亿繁科技发展
前程无忧,计算机,AI 云基础架构实习生,3500,重庆,无需经验,硕士,联合汽车电子有限公司重庆
前程无忧,计算机,计算机专任教师,6000,重庆,3年及以上,硕士,重庆应用技术职业学院
前程无忧,计算机,it运维工程师,7000,重庆,1年及以上,大专,上海普炳软件科技
前程无忧,计算机,SaaS 实施运维工程师（试验检测方向）,7500,重庆,3年及以上,本科,重庆德飞检验检测
前程无忧,计算机,驻场网络工程师,5000,重庆,3年及以上,大专,武汉佳兴友朋科技
前程无忧,计算机,弱电运维支持岗,4250,重庆,3年及以上,大专,深圳市特发政务服务有限公司武汉
前程无忧,计算机,IT专员/计算机、网络、安防技术员/系统集成工程师,5000,重庆,1年及以上,大专,重庆旷维科技
前程无忧,计算机,计算机高层次教师,5000,重庆,8年及以上,本科,重庆应用技术职业学院
前程无忧,计算机,计算机专业课教师,5500,重庆,3年及以上,本科,重庆北方影视传媒（集团）
前程无忧,计算机,计算机图形学算法工程师,20000,重庆,无需经验,本科,浙江迅实科技
前程无忧,计算机,AP计算机老师,800,重庆,2年及以上,本科,北京欧桥教育咨询
前程无忧,计算机,教务处计算机干事,7000,重庆,无需经验,硕士,重庆现代制造职业学院
前程无忧,计算机,博士后（计算机、软件开发方向）,400000,重庆,无需经验,博士,湖南大学重庆研究院
前程无忧,计算机,计算机化验证主管,7000,重庆,3年及以上,本科,重庆华森制药
前程无忧,计算机,软件开发工程师,8000,重庆,2年及以上,大专,重庆步航科技
前程无忧,计算机,云计算助理,7000,重庆,2年及以上,本科,重庆奇无限网络游戏
前程无忧,计算机,销售业务员,6500,重庆,1年及以上,中技/中专,重庆英航科技集团
前程无忧,计算机,机器视觉开发工程师,8000,重庆,1-2年,本科,重庆博俊工业科技
前程无忧,计算机,水利项目资料员,7000,重庆,3年及以上,大专,重庆泓创智诚信息技术
前程无忧,计算机,AI 云基础架构实习生,3500,重庆,无需经验,硕士,联合汽车电子有限公司重庆
前程无忧,计算机,售前技术支持工程师,5000,重庆,1-3年,硕士,重庆锦亿繁科技发展
前程无忧,计算机,计算机专任教师,6000,重庆,3年及以上,硕士,重庆应用技术职业学院
前程无忧,计算机,计算机高层次教师,5000,重庆,8年及以上,本科,重庆应用技术职业学院
前程无忧,计算机,it运维工程师,7000,重庆,1年及以上,大专,上海普炳软件科技
前程无忧,计算机,驻场网络工程师,5000,重庆,3年及以上,大专,武汉佳兴友朋科技
前程无忧,计算机,SaaS 实施运维工程师（试验检测方向）,7500,重庆,3年及以上,本科,重庆德飞检验检测
前程无忧,计算机,弱电运维支持岗,4250,重庆,3年及以上,大专,深圳市特发政务服务有限公司武汉
前程无忧,计算机,计算机专业课教师,5500,重庆,3年及以上,本科,重庆北方影视传媒（集团）
前程无忧,计算机,IT专员/计算机、网络、安防技术员/系统集成工程师,5000,重庆,1年及以上,大专,重庆旷维科技
前程无忧,计算机,AP计算机老师,800,重庆,2年及以上,本科,北京欧桥教育咨询
前程无忧,计算机,教务处计算机干事,7000,重庆,无需经验,硕士,重庆现代制造职业学院
前程无忧,计算机,计算机图形学算法工程师,20000,重庆,无需经验,本科,浙江迅实科技
前程无忧,计算机,计算机化验证主管,7000,重庆,3年及以上,本科,重庆华森制药
前程无忧,计算机,博士后（计算机、软件开发方向）,400000,重庆,无需经验,博士,湖南大学重庆研究院
前程无忧,计算机,软件开发工程师,8000,重庆,2年及以上,大专,重庆步航科技
前程无忧,计算机,云计算助理,7000,重庆,2年及以上,本科,重庆奇无限网络游戏
前程无忧,计算机,水利项目资料员,7000,重庆,3年及以上,大专,重庆泓创智诚信息技术
前程无忧,计算机,销售业务员,6500,重庆,1年及以上,中技/中专,重庆英航科技集团
前程无忧,计算机,AI 云基础架构实习生,3500,重庆,无需经验,硕士,联合汽车电子有限公司重庆
前程无忧,计算机,售前技术支持工程师,5000,重庆,1-3年,硕士,重庆锦亿繁科技发展
前程无忧,计算机,6K起计算机技术员（双休）,6000,重庆,无需经验,大专,重庆礼再来商贸
